source_text,context,proposed_translation,final_translation,final_disposition,applied,review_comments
${values.doctype_name} has been added to queue for optimization,,,,EXCEPTION-technical (keep vendor rendering; no translation),NO (technical exclusion),Contains unresolved JS template string interpolation ${values.doctype_name}; technical fragment kept in vendor format
&copy; Frappe Technologies Pvt. Ltd. and contributors,,,,EXCEPTION-technical (keep vendor rendering; no translation),NO (technical exclusion),Vendor copyright and legal trademark entity; kept in vendor format
'*' is only allowed in {0} SQL function(s),,لا يُسمح باستخدام '*' إلا في دالة (دوال) SQL {0},لا يُسمح باستخدام '*' إلا في دالة (دوال) SQL {0},quorum-confirmed (release payload row),YES (released to catalog),Candidate payload Arabic translation for Frappe framework UI
A download link with your data will be sent to the email address associated with your account.,,سيتم إرسال رابط تنزيل يحتوي على بياناتك إلى عنوان البريد الإلكتروني المرتبط بحسابك.,سيتم إرسال رابط تنزيل يحتوي على بياناتك إلى عنوان البريد الإلكتروني المرتبط بحسابك.,quorum-confirmed (release payload row),YES (released to catalog),Candidate payload Arabic translation for Frappe framework UI
"Accurate count can not be fetched, click here to view all documents",,تعذر جلب العدد الدقيق، انقر هنا لعرض كافة المستندات,تعذر جلب العدد الدقيق، انقر هنا لعرض كافة المستندات,quorum-confirmed (release payload row),YES (released to catalog),Candidate payload Arabic translation for Frappe framework UI
Aggregate Field is required to create a number card,,حقل التجميع مطلوب لإنشاء بطاقة أرقام,حقل التجميع مطلوب لإنشاء بطاقة أرقام,quorum-confirmed (release payload row),YES (released to catalog),Candidate payload Arabic translation for Frappe framework UI
All fields are necessary to submit the comment.,,جميع الحقول ضرورية لإرسال التعليق.,جميع الحقول ضرورية لإرسال التعليق.,quorum-confirmed (release payload row),YES (released to catalog),Candidate payload Arabic translation for Frappe framework UI
Allow Sending Usage Data for Improving Applications,,السماح بإرسال بيانات الاستخدام لتحسين التطبيقات,السماح بإرسال بيانات الاستخدام لتحسين التطبيقات,quorum-confirmed (release payload row),YES (released to catalog),Candidate payload Arabic translation for Frappe framework UI
Allow recording my first session to improve user experience,,السماح بتسجيل جلستي الأولى لتحسين تجربة المستخدم,السماح بتسجيل جلستي الأولى لتحسين تجربة المستخدم,quorum-confirmed (release payload row),YES (released to catalog),Candidate payload Arabic translation for Frappe framework UI
Allow sending usage data for improving applications,,السماح بإرسال بيانات الاستخدام لتحسين التطبيقات,السماح بإرسال بيانات الاستخدام لتحسين التطبيقات,quorum-confirmed (release payload row),YES (released to catalog),Candidate payload Arabic translation for Frappe framework UI
"Allow users to log in without a password, using a login link sent to their email",,السماح للمستخدمين بتسجيل الدخول بدون كلمة مرور، باستخدام رابط تسجيل دخول يُرسل إلى بريدهم الإلكتروني,السماح للمستخدمين بتسجيل الدخول بدون كلمة مرور، باستخدام رابط تسجيل دخول يُرسل إلى بريدهم الإلكتروني,quorum-confirmed (release payload row),YES (released to catalog),Candidate payload Arabic translation for Frappe framework UI
Allows enabled Social Login Key Base URL to be shown as authorization server.,,يسمح بعرض عنوان URL الأساسي لمفتاح تسجيل الدخول الاجتماعي المُمكَّن كخادم تفويض.,يسمح بعرض عنوان URL الأساسي لمفتاح تسجيل الدخول الاجتماعي المُمكَّن كخادم تفويض.,quorum-confirmed (release payload row),YES (released to catalog),Candidate payload Arabic translation for Frappe framework UI
Allows skipping authorization if a user has active tokens.,,يسمح بتخطي التفويض إذا كان لدى المستخدم رموز وصول نشطة.,يسمح بتخطي التفويض إذا كان لدى المستخدم رموز وصول نشطة.,quorum-confirmed (release payload row),YES (released to catalog),Candidate payload Arabic translation for Frappe framework UI
Always use this email address as sender address,,استخدم دائمًا عنوان البريد الإلكتروني هذا كعنوان للمرسل,استخدم دائمًا عنوان البريد الإلكتروني هذا كعنوان للمرسل,quorum-confirmed (release payload row),YES (released to catalog),Candidate payload Arabic translation for Frappe framework UI
An email to verify your request has been sent to your email address. Please verify your request to complete the process.,,تم إرسال بريد إلكتروني للتحقق من طلبك إلى عنوان بريدك الإلكتروني. يرجى تأكيد طلبك لإتمام العملية.,تم إرسال بريد إلكتروني للتحقق من طلبك إلى عنوان بريدك الإلكتروني. يرجى تأكيد طلبك لإتمام العملية.,quorum-confirmed (release payload row),YES (released to catalog),Candidate payload Arabic translation for Frappe framework UI
An unexpected error occurred while authorizing {}.,,حدث خطأ غير متوقع أثناء تفويض {}.,حدث خطأ غير متوقع أثناء تفويض {}.,quorum-confirmed (release payload row),YES (released to catalog),Candidate payload Arabic translation for Frappe framework UI
Are you sure you want to cancel the invitation?,,هل أنت متأكد من رغبتك في إلغاء الدعوة؟,هل أنت متأكد من رغبتك في إلغاء الدعوة؟,quorum-confirmed (release payload row),YES (released to catalog),Candidate payload Arabic translation for Frappe framework UI
Are you sure you want to clear the assignments?,,هل أنت متأكد من رغبتك في مسح التعيينات؟,هل أنت متأكد من رغبتك في مسح التعيينات؟,quorum-confirmed (release payload row),YES (released to catalog),Candidate payload Arabic translation for Frappe framework UI
Are you sure you want to delete the column? All the fields in the column will be moved to the previous column.,Confirmation dialog message,هل أنت متأكد من رغبتك في حذف العمود؟ سيتم نقل جميع الحقول الموجودة في هذا العمود إلى العمود السابق.,هل أنت متأكد من رغبتك في حذف العمود؟ سيتم نقل جميع الحقول الموجودة في هذا العمود إلى العمود السابق.,quorum-confirmed (release payload row),YES (released to catalog),Candidate payload Arabic translation for Frappe framework UI
Are you sure you want to delete this record?,,هل أنت متأكد من رغبتك في حذف هذا السجل؟,هل أنت متأكد من رغبتك في حذف هذا السجل؟,quorum-confirmed (release payload row),YES (released to catalog),Candidate payload Arabic translation for Frappe framework UI
Are you sure you want to discard the changes?,,هل أنت متأكد من رغبتك في تجاهل التغييرات؟,هل أنت متأكد من رغبتك في تجاهل التغييرات؟,quorum-confirmed (release payload row),YES (released to catalog),Candidate payload Arabic translation for Frappe framework UI
Are you sure you want to generate a new report?,,هل أنت متأكد من رغبتك في إنشاء تقرير جديد؟,هل أنت متأكد من رغبتك في إنشاء تقرير جديد؟,quorum-confirmed (release payload row),YES (released to catalog),Candidate payload Arabic translation for Frappe framework UI
Are you sure you want to re-enable scheduler?,,هل أنت متأكد من رغبتك في إعادة تمكين المجدول؟,هل أنت متأكد من رغبتك في إعادة تمكين المجدول؟,quorum-confirmed (release payload row),YES (released to catalog),Candidate payload Arabic translation for Frappe framework UI
Are you sure you want to remove all failed jobs?,,هل أنت متأكد من رغبتك في إزالة جميع المهام الفاشلة؟,هل أنت متأكد من رغبتك في إزالة جميع المهام الفاشلة؟,quorum-confirmed (release payload row),YES (released to catalog),Candidate payload Arabic translation for Frappe framework UI
Are you sure you want to remove the {0} filter?,,هل أنت متأكد من رغبتك في إزالة عامل التصفية {0}؟,هل أنت متأكد من رغبتك في إزالة عامل التصفية {0}؟,quorum-confirmed (release payload row),YES (released to catalog),Candidate payload Arabic translation for Frappe framework UI
Are you sure you want to save this document?,,هل أنت متأكد من رغبتك في حفظ هذا المستند؟,هل أنت متأكد من رغبتك في حفظ هذا المستند؟,quorum-confirmed (release payload row),YES (released to catalog),Candidate payload Arabic translation for Frappe framework UI
"As document sharing is disabled, please give them the required permissions before assigning.",,نظراً لتعطيل مشاركة المستندات، يرجى منحهم الأذونات المطلوبة قبل التعيين.,نظراً لتعطيل مشاركة المستندات، يرجى منحهم الأذونات المطلوبة قبل التعيين.,quorum-confirmed (release payload row),YES (released to catalog),Candidate payload Arabic translation for Frappe framework UI
"As per your request, your account and data on {0} associated with email {1} has been permanently deleted",,وفقاً لطلبك، تم حذف حسابك وبياناتك على {0} المرتبطة بالبريد الإلكتروني {1} بشكل دائم,وفقاً لطلبك، تم حذف حسابك وبياناتك على {0} المرتبطة بالبريد الإلكتروني {1} بشكل دائم,quorum-confirmed (release payload row),YES (released to catalog),Candidate payload Arabic translation for Frappe framework UI
Assignment Rule is not allowed on document type {0},,لا يُسمح باستخدام قاعدة التعيين في نوع المستند {0},لا يُسمح باستخدام قاعدة التعيين في نوع المستند {0},quorum-confirmed (release payload row),YES (released to catalog),Candidate payload Arabic translation for Frappe framework UI
At least one column is required to show in the grid.,,يلزم وجود عمود واحد على الأقل للعرض في الشبكة.,يلزم وجود عمود واحد على الأقل للعرض في الشبكة.,quorum-confirmed (release payload row),YES (released to catalog),Candidate payload Arabic translation for Frappe framework UI
At least one field is required in Web Form Fields Table,,يلزم وجود حقل واحد على الأقل في جدول حقول نموذج الويب,يلزم وجود حقل واحد على الأقل في جدول حقول نموذج الويب,quorum-confirmed (release payload row),YES (released to catalog),Candidate payload Arabic translation for Frappe framework UI
At least one field of Parent Document Type is mandatory,,يلزم وجود حقل واحد على الأقل إلزامي من نوع المستند الرئيسي,يلزم وجود حقل واحد على الأقل إلزامي من نوع المستند الرئيسي,quorum-confirmed (release payload row),YES (released to catalog),Candidate payload Arabic translation for Frappe framework UI
Attached To Name must be a string or an integer,,يجب أن يكون اسم المرفق به نصاً أو رقماً صحيحاً,يجب أن يكون اسم المرفق به نصاً أو رقماً صحيحاً,quorum-confirmed (release payload row),YES (released to catalog),Candidate payload Arabic translation for Frappe framework UI
Auto Repeat Day{0} {1} has been repeated.,,تم تكرار يوم التكرار التلقائي {0} {1}.,تم تكرار يوم التكرار التلقائي {0} {1}.,quorum-confirmed (release payload row),YES (released to catalog),Candidate payload Arabic translation for Frappe framework UI
Auto follow documents that are assigned to you,,متابعة المستندات المعينة إليك تلقائياً,متابعة المستندات المعينة إليك تلقائياً,quorum-confirmed (release payload row),YES (released to catalog),Candidate payload Arabic translation for Frappe framework UI
Auto follow documents that are shared with you,,متابعة المستندات التي تمت مشاركتها معك تلقائياً,متابعة المستندات التي تمت مشاركتها معك تلقائياً,quorum-confirmed (release payload row),YES (released to catalog),Candidate payload Arabic translation for Frappe framework UI
Auto follow documents that you comment on,,متابعة المستندات التي تعلق عليها تلقائياً,متابعة المستندات التي تعلق عليها تلقائياً,quorum-confirmed (release payload row),YES (released to catalog),Candidate payload Arabic translation for Frappe framework UI
Auto repeat failed. Please enable auto repeat after fixing the issues.,,فشل التكرار التلقائي. يرجى تمكين التكرار التلقائي بعد معالجة المشكلات.,فشل التكرار التلقائي. يرجى تمكين التكرار التلقائي بعد معالجة المشكلات.,quorum-confirmed (release payload row),YES (released to catalog),Candidate payload Arabic translation for Frappe framework UI
Automate processes and extend standard functionality using scripts and background jobs,,أتمتة العمليات وتوسيع الوظائف القياسية باستخدام البرامج النصية والمهام في الخلفية,أتمتة العمليات وتوسيع الوظائف القياسية باستخدام البرامج النصية والمهام في الخلفية,quorum-confirmed (release payload row),YES (released to catalog),Candidate payload Arabic translation for Frappe framework UI
Automatic sending of emails is disabled via site config.,,تم تعطيل الإرسال التلقائي لرسائل البريد الإلكتروني عبر تكوين الموقع.,تم تعطيل الإرسال التلقائي لرسائل البريد الإلكتروني عبر تكوين الموقع.,quorum-confirmed (release payload row),YES (released to catalog),Candidate payload Arabic translation for Frappe framework UI
Automatically applied a filter for recent data. You can disable this behavior from the list view settings.,,تم تطبيق عامل تصفية تلقائياً للبيانات الحديثة. يمكنك تعطيل هذا السلوك من إعدادات عرض القائمة.,تم تطبيق عامل تصفية تلقائياً للبيانات الحديثة. يمكنك تعطيل هذا السلوك من إعدادات عرض القائمة.,quorum-confirmed (release payload row),YES (released to catalog),Candidate payload Arabic translation for Frappe framework UI
Automatically delete account within (hours),,حذف الحساب تلقائياً خلال (ساعات),حذف الحساب تلقائياً خلال (ساعات),quorum-confirmed (release payload row),YES (released to catalog),Candidate payload Arabic translation for Frappe framework UI
"Awesome, now try making an entry yourself",,رائع، جرب الآن إجراء إدخال بنفسك,رائع، جرب الآن إجراء إدخال بنفسك,quorum-confirmed (release payload row),YES (released to catalog),Candidate payload Arabic translation for Frappe framework UI
Bulk approval only support up to 500 documents.,,تدعم الموافقة المجمعة ما يصل إلى 500 مستند فقط.,تدعم الموافقة المجمعة ما يصل إلى 500 مستند فقط.,quorum-confirmed (release payload row),YES (released to catalog),Candidate payload Arabic translation for Frappe framework UI
Bulk operation is enqueued in background.,,تمت إضافة العملية المجمعة إلى قائمة الانتظار في الخلفية.,تمت إضافة العملية المجمعة إلى قائمة الانتظار في الخلفية.,quorum-confirmed (release payload row),YES (released to catalog),Candidate payload Arabic translation for Frappe framework UI
Bulk operations only support up to 500 documents.,,تدعم العمليات المجمعة ما يصل إلى 500 مستند فقط.,تدعم العمليات المجمعة ما يصل إلى 500 مستند فقط.,quorum-confirmed (release payload row),YES (released to catalog),Candidate payload Arabic translation for Frappe framework UI
"By ""Naming Series"" field",,"بواسطة حقل ""سلسلة التسمية""","بواسطة حقل ""سلسلة التسمية""",quorum-confirmed (release payload row),YES (released to catalog),Candidate payload Arabic translation for Frappe framework UI
CSS selector for the element you want to highlight.,,محدد CSS للعنصر الذي تريد تمييزه.,محدد CSS للعنصر الذي تريد تمييزه.,quorum-confirmed (release payload row),YES (released to catalog),Candidate payload Arabic translation for Frappe framework UI
Can not rename as column {0} is already present on DocType.,,لا يمكن إعادة التسمية لأن العمود {0} موجود بالفعل في نوع المستند.,لا يمكن إعادة التسمية لأن العمود {0} موجود بالفعل في نوع المستند.,quorum-confirmed (release payload row),YES (released to catalog),Candidate payload Arabic translation for Frappe framework UI
Can only change to/from Autoincrement naming rule when there is no data in the doctype,,لا يمكن التغيير إلى/من قاعدة التسمية بالترقيم التلقائي إلا في حالة عدم وجود بيانات في نوع المستند,لا يمكن التغيير إلى/من قاعدة التسمية بالترقيم التلقائي إلا في حالة عدم وجود بيانات في نوع المستند,quorum-confirmed (release payload row),YES (released to catalog),Candidate payload Arabic translation for Frappe framework UI
Can only list down the document types which has been linked to the User document type.,,لا يمكن سرد أنواع المستندات إلا التي تم ربطها بنوع مستند المستخدم.,لا يمكن سرد أنواع المستندات إلا التي تم ربطها بنوع مستند المستخدم.,quorum-confirmed (release payload row),YES (released to catalog),Candidate payload Arabic translation for Frappe framework UI
Can't follow since changes are not tracked.,,لا يمكن المتابعة نظراً لعدم تتبع التغييرات.,لا يمكن المتابعة نظراً لعدم تتبع التغييرات.,quorum-confirmed (release payload row),YES (released to catalog),Candidate payload Arabic translation for Frappe framework UI
Can't rename {0} to {1} because {0} doesn't exist.,,لا يمكن إعادة تسمية {0} إلى {1} لأن {0} غير موجود.,لا يمكن إعادة تسمية {0} إلى {1} لأن {0} غير موجود.,quorum-confirmed (release payload row),YES (released to catalog),Candidate payload Arabic translation for Frappe framework UI
Cannot change docstatus from 0 (Draft) to 2 (Cancelled),,لا يمكن تغيير حالة المستند من 0 (مسودة) إلى 2 (ملغى),لا يمكن تغيير حالة المستند من 0 (مسودة) إلى 2 (ملغى),quorum-confirmed (release payload row),YES (released to catalog),Candidate payload Arabic translation for Frappe framework UI
Cannot change docstatus from 1 (Submitted) to 0 (Draft),,لا يمكن تغيير حالة المستند من 1 (مُعتمد) إلى 0 (مسودة),لا يمكن تغيير حالة المستند من 1 (مُعتمد) إلى 0 (مسودة),quorum-confirmed (release payload row),YES (released to catalog),Candidate payload Arabic translation for Frappe framework UI
Cannot change to/from autoincrement autoname in Customize Form,,لا يمكن التغيير إلى/من التسمية التلقائية بالترقيم التلقائي في تخصيص النموذج,لا يمكن التغيير إلى/من التسمية التلقائية بالترقيم التلقائي في تخصيص النموذج,quorum-confirmed (release payload row),YES (released to catalog),Candidate payload Arabic translation for Frappe framework UI
Cannot create private workspace of other users,,لا يمكن إنشاء مساحة عمل خاصة لمستخدمين آخرين,لا يمكن إنشاء مساحة عمل خاصة لمستخدمين آخرين,quorum-confirmed (release payload row),YES (released to catalog),Candidate payload Arabic translation for Frappe framework UI
Cannot delete standard field. You can hide it if you want,,لا يمكن حذف الحقل القياسي. يمكنك إخفاؤه إذا أردت,لا يمكن حذف الحقل القياسي. يمكنك إخفاؤه إذا أردت,quorum-confirmed (release payload row),YES (released to catalog),Candidate payload Arabic translation for Frappe framework UI
Cannot edit filters for standard number cards,,لا يمكن تعديل عوامل التصفية لبطاقات الأرقام القياسية,لا يمكن تعديل عوامل التصفية لبطاقات الأرقام القياسية,quorum-confirmed (release payload row),YES (released to catalog),Candidate payload Arabic translation for Frappe framework UI
Cannot enable {0} for a non-submittable doctype,,لا يمكن تمكين {0} لنوع مستند غير قابل للاعتماد,لا يمكن تمكين {0} لنوع مستند غير قابل للاعتماد,quorum-confirmed (release payload row),YES (released to catalog),Candidate payload Arabic translation for Frappe framework UI
Cannot import table with more than 5000 rows.,,لا يمكن استيراد جدول يحتوي على أكثر من 5000 صف.,لا يمكن استيراد جدول يحتوي على أكثر من 5000 صف.,quorum-confirmed (release payload row),YES (released to catalog),Candidate payload Arabic translation for Frappe framework UI
Cannot map because following condition fails:,,لا يمكن التعيين نظراً لفشل الشرط التالي:,لا يمكن التعيين نظراً لفشل الشرط التالي:,quorum-confirmed (release payload row),YES (released to catalog),Candidate payload Arabic translation for Frappe framework UI
Cannot set Notification with event {0} on Document Type {1},,لا يمكن تعيين إشعار بالحدث {0} في نوع المستند {1},لا يمكن تعيين إشعار بالحدث {0} في نوع المستند {1},quorum-confirmed (release payload row),YES (released to catalog),Candidate payload Arabic translation for Frappe framework UI
Cannot share {0} with submit permission as the doctype {1} is not submittable,,لا يمكن مشاركة {0} بإذن اعتماد نظراً لأن نوع المستند {1} غير قابل للاعتماد,لا يمكن مشاركة {0} بإذن اعتماد نظراً لأن نوع المستند {1} غير قابل للاعتماد,quorum-confirmed (release payload row),YES (released to catalog),Candidate payload Arabic translation for Frappe framework UI
Changing any setting will reflect on all the email accounts associated with this domain.,,سيؤثر تغيير أي إعداد على جميع حسابات البريد الإلكتروني المرتبطة بهذا النطاق.,سيؤثر تغيير أي إعداد على جميع حسابات البريد الإلكتروني المرتبطة بهذا النطاق.,quorum-confirmed (release payload row),YES (released to catalog),Candidate payload Arabic translation for Frappe framework UI
Changing rounding method on site with data can result in unexpected behaviour.,,قد يؤدي تغيير طريقة التقريب في موقع يحتوي على بيانات إلى سلوك غير متوقع.,قد يؤدي تغيير طريقة التقريب في موقع يحتوي على بيانات إلى سلوك غير متوقع.,quorum-confirmed (release payload row),YES (released to catalog),Candidate payload Arabic translation for Frappe framework UI
"Check columns to select, drag to set order.",,حدد الأعمدة للاختيار، واسحب لتعيين الترتيب.,حدد الأعمدة للاختيار، واسحب لتعيين الترتيب.,quorum-confirmed (release payload row),YES (released to catalog),Candidate payload Arabic translation for Frappe framework UI
"Check to display the full numeric value (e.g., 1,234,567 instead of 1.2M).",,"حدد لعرض القيمة الرقمية الكاملة (على سبيل المثال، 1,234,567 بدلاً من 1.2M).","حدد لعرض القيمة الرقمية الكاملة (على سبيل المثال، 1,234,567 بدلاً من 1.2M).",quorum-confirmed (release payload row),YES (released to catalog),Candidate payload Arabic translation for Frappe framework UI
Child Table {0} for field {1} must be virtual,,يجب أن يكون الجدول الفرعي {0} للحقل {1} افتراضياً,يجب أن يكون الجدول الفرعي {0} للحقل {1} افتراضياً,quorum-confirmed (release payload row),YES (released to catalog),Candidate payload Arabic translation for Frappe framework UI
Child query fields for '{0}' must be a list or tuple.,,يجب أن تكون حقول الاستعلام الفرعي لـ '{0}' قائمة أو صفاً.,يجب أن تكون حقول الاستعلام الفرعي لـ '{0}' قائمة أو صفاً.,quorum-confirmed (release payload row),YES (released to catalog),Candidate payload Arabic translation for Frappe framework UI
Chromium is not downloaded. Please run the setup first.,,لم يتم تنزيل Chromium. يرجى تشغيل الإعداد أولاً.,لم يتم تنزيل Chromium. يرجى تشغيل الإعداد أولاً.,quorum-confirmed (release payload row),YES (released to catalog),Candidate payload Arabic translation for Frappe framework UI
Clear the email message and add the template,,مسح رسالة البريد الإلكتروني وإضافة القالب,مسح رسالة البريد الإلكتروني وإضافة القالب,quorum-confirmed (release payload row),YES (released to catalog),Candidate payload Arabic translation for Frappe framework UI
Click On Customize to add your first widget,,انقر على تخصيص لإضافة أداتك الأولى,انقر على تخصيص لإضافة أداتك الأولى,quorum-confirmed (release payload row),YES (released to catalog),Candidate payload Arabic translation for Frappe framework UI
Comment publicity can only be updated by the original author or a System Manager.,,لا يمكن تحديث خصوصية التعليق إلا من خلال الكاتب الأصلي أو مدير النظام.,لا يمكن تحديث خصوصية التعليق إلا من خلال الكاتب الأصلي أو مدير النظام.,quorum-confirmed (release payload row),YES (released to catalog),Candidate payload Arabic translation for Frappe framework UI
"Configure various aspects of how document naming works like naming series, current counter.",,تكوين الجوانب المختلفة لكيفية عمل تسمية المستندات مثل سلاسل التسمية والعداد الحالي.,تكوين الجوانب المختلفة لكيفية عمل تسمية المستندات مثل سلاسل التسمية والعداد الحالي.,quorum-confirmed (release payload row),YES (released to catalog),Candidate payload Arabic translation for Frappe framework UI
"Controls whether new users can sign up using this Social Login Key. If unset, Website Settings is respected.",,يتحكم فيما إذا كان بإمكان المستخدمين الجدد التسجيل باستخدام مفتاح تسجيل الدخول الاجتماعي هذا. إذا لم يتم تحديده، يتم الالتزام بإعدادات الموقع.,يتحكم فيما إذا كان بإمكان المستخدمين الجدد التسجيل باستخدام مفتاح تسجيل الدخول الاجتماعي هذا. إذا لم يتم تحديده، يتم الالتزام بإعدادات الموقع.,quorum-confirmed (release payload row),YES (released to catalog),Candidate payload Arabic translation for Frappe framework UI
Could not start Chromium. Check logs for details.,,تعذر بدء تشغيل Chromium. راجع السجلات للاطلاع على التفاصيل.,تعذر بدء تشغيل Chromium. راجع السجلات للاطلاع على التفاصيل.,quorum-confirmed (release payload row),YES (released to catalog),Candidate payload Arabic translation for Frappe framework UI
Creation of this document is only permitted in developer mode.,,يُسمح بإنشاء هذا المستند في وضع المطور فقط.,يُسمح بإنشاء هذا المستند في وضع المطور فقط.,quorum-confirmed (release payload row),YES (released to catalog),Candidate payload Arabic translation for Frappe framework UI
Cron format is required for job types with Cron frequency.,,تنسيق Cron مطلوب لأنواع المهام ذات التكرار بنمط Cron.,تنسيق Cron مطلوب لأنواع المهام ذات التكرار بنمط Cron.,quorum-confirmed (release payload row),YES (released to catalog),Candidate payload Arabic translation for Frappe framework UI
"Currency list stores the currency value, its symbol and fraction unit",,تخزن قائمة العملات قيمة العملة ورمزها ووحدة الكسر الخاصة بها,تخزن قائمة العملات قيمة العملة ورمزها ووحدة الكسر الخاصة بها,quorum-confirmed (release payload row),YES (released to catalog),Candidate payload Arabic translation for Frappe framework UI
Custom Document Types (Select Permission),,أنواع المستندات المخصصة (إذن الاختيار),أنواع المستندات المخصصة (إذن الاختيار),quorum-confirmed (release payload row),YES (released to catalog),Candidate payload Arabic translation for Frappe framework UI
Custom field renamed to {0} successfully.,,تمت إعادة تسمية الحقل المخصص إلى {0} بنجاح.,تمت إعادة تسمية الحقل المخصص إلى {0} بنجاح.,quorum-confirmed (release payload row),YES (released to catalog),Candidate payload Arabic translation for Frappe framework UI
"Custom get_list method for {0} must return a QueryBuilder object or None, got {1}",,يجب أن تعيد دالة get_list المخصصة لـ {0} كائن QueryBuilder أو None، تم الحصول على {1},يجب أن تعيد دالة get_list المخصصة لـ {0} كائن QueryBuilder أو None، تم الحصول على {1},quorum-confirmed (release payload row),YES (released to catalog),Candidate payload Arabic translation for Frappe framework UI
"Customize properties, naming, fields and more for standard doctypes",,تخصيص الخصائص والتسمية والحقول والمزيد لأنواع المستندات القياسية,تخصيص الخصائص والتسمية والحقول والمزيد لأنواع المستندات القياسية,quorum-confirmed (release payload row),YES (released to catalog),Candidate payload Arabic translation for Frappe framework UI
"Database Table Row Size Utilization: {0}%, this limits number of fields you can add.",,نسبة استخدام حجم صف جدول قاعدة البيانات: {0}%، وهذا يحد من عدد الحقول التي يمكنك إضافتها.,نسبة استخدام حجم صف جدول قاعدة البيانات: {0}%، وهذا يحد من عدد الحقول التي يمكنك إضافتها.,quorum-confirmed (release payload row),YES (released to catalog),Candidate payload Arabic translation for Frappe framework UI
Decimal Separator must be '.' when Quoting is set to Non-numeric,,يجب أن يكون الفاصل العشري '.' عند تعيين علامات الاقتباس إلى غير رقمي,يجب أن يكون الفاصل العشري '.' عند تعيين علامات الاقتباس إلى غير رقمي,quorum-confirmed (release payload row),YES (released to catalog),Candidate payload Arabic translation for Frappe framework UI
Decimal Separator must be a single character,,يجب أن يتكون الفاصل العشري من حرف واحد فقط,يجب أن يتكون الفاصل العشري من حرف واحد فقط,quorum-confirmed (release payload row),YES (released to catalog),Candidate payload Arabic translation for Frappe framework UI
Defines actions on states and the next step and allowed roles.,,يحدد الإجراءات على الحالات والخطوة التالية والأدوار المسموح بها.,يحدد الإجراءات على الحالات والخطوة التالية والأدوار المسموح بها.,quorum-confirmed (release payload row),YES (released to catalog),Candidate payload Arabic translation for Frappe framework UI
Defines how long exported reports sent via email are kept in the system. Older files will be automatically deleted.,,يحدد مدة الاحتفاظ بالتقارير المصدرة المرسلة عبر البريد الإلكتروني في النظام. سيتم حذف الملفات الأقدم تلقائياً.,يحدد مدة الاحتفاظ بالتقارير المصدرة المرسلة عبر البريد الإلكتروني في النظام. سيتم حذف الملفات الأقدم تلقائياً.,quorum-confirmed (release payload row),YES (released to catalog),Candidate payload Arabic translation for Frappe framework UI
Defines workflow states and rules for a document.,,يحدد حالات وقواعد سير العمل للمستند.,يحدد حالات وقواعد سير العمل للمستند.,quorum-confirmed (release payload row),YES (released to catalog),Candidate payload Arabic translation for Frappe framework UI
Deletion of this document is only permitted in developer mode.,,يُسمح بحذف هذا المستند في وضع المطور فقط.,يُسمح بحذف هذا المستند في وضع المطور فقط.,quorum-confirmed (release payload row),YES (released to catalog),Candidate payload Arabic translation for Frappe framework UI
Delimiter detection failed. Try to enable custom delimiters and adjust the delimiter options as per your data.,,فشل اكتشاف المحدد. حاول تمكين المحددات المخصصة وضبط خيارات المحدد وفقاً لبياناتك.,فشل اكتشاف المحدد. حاول تمكين المحددات المخصصة وضبط خيارات المحدد وفقاً لبياناتك.,quorum-confirmed (release payload row),YES (released to catalog),Candidate payload Arabic translation for Frappe framework UI
Description to inform the user about any action that is going to be performed,,وصف لإعلام المستخدم بأي إجراء سيتم تنفيذه,وصف لإعلام المستخدم بأي إجراء سيتم تنفيذه,quorum-confirmed (release payload row),YES (released to catalog),Candidate payload Arabic translation for Frappe framework UI
Do not create new user if user with email does not exist in the system,,عدم إنشاء مستخدم جديد إذا لم يكن المستخدم صاحب البريد الإلكتروني موجوداً في النظام,عدم إنشاء مستخدم جديد إذا لم يكن المستخدم صاحب البريد الإلكتروني موجوداً في النظام,quorum-confirmed (release payload row),YES (released to catalog),Candidate payload Arabic translation for Frappe framework UI
DocType is a Table / Form in the application.,,نوع المستند (DocType) هو جدول / نموذج في التطبيق.,نوع المستند (DocType) هو جدول / نموذج في التطبيق.,quorum-confirmed (release payload row),YES (released to catalog),Candidate payload Arabic translation for Frappe framework UI
"DocTypes cannot be modified, please use {0} instead",,لا يمكن تعديل أنواع المستندات، يرجى استخدام {0} بدلاً من ذلك,لا يمكن تعديل أنواع المستندات، يرجى استخدام {0} بدلاً من ذلك,quorum-confirmed (release payload row),YES (released to catalog),Candidate payload Arabic translation for Frappe framework UI
Doctype name is limited to {0} characters ({1}),,اسم نوع المستند محدود بـ {0} حرفاً ({1}),اسم نوع المستند محدود بـ {0} حرفاً ({1}),quorum-confirmed (release payload row),YES (released to catalog),Candidate payload Arabic translation for Frappe framework UI
Document Links Row #{0}: Could not find field {1} in {2} DocType,,صف روابط المستند #{0}: تعذر العثور على الحقل {1} في نوع المستند {2},صف روابط المستند #{0}: تعذر العثور على الحقل {1} في نوع المستند {2},quorum-confirmed (release payload row),YES (released to catalog),Candidate payload Arabic translation for Frappe framework UI
Document Links Row #{0}: Invalid doctype or fieldname.,,صف روابط المستند #{0}: نوع مستند أو اسم حقل غير صالح.,صف روابط المستند #{0}: نوع مستند أو اسم حقل غير صالح.,quorum-confirmed (release payload row),YES (released to catalog),Candidate payload Arabic translation for Frappe framework UI
Document Links Row #{0}: Parent DocType is mandatory for internal links,,صف روابط المستند #{0}: نوع المستند الرئيسي إلزامي للروابط الداخلية,صف روابط المستند #{0}: نوع المستند الرئيسي إلزامي للروابط الداخلية,quorum-confirmed (release payload row),YES (released to catalog),Candidate payload Arabic translation for Frappe framework UI
Document Links Row #{0}: Table Fieldname is mandatory for internal links,,صف روابط المستند #{0}: اسم حقل الجدول إلزامي للروابط الداخلية,صف روابط المستند #{0}: اسم حقل الجدول إلزامي للروابط الداخلية,quorum-confirmed (release payload row),YES (released to catalog),Candidate payload Arabic translation for Frappe framework UI
Document Type and Function are required to create a number card,,نوع المستند والدالة مطلوبان لإنشاء بطاقة أرقام,نوع المستند والدالة مطلوبان لإنشاء بطاقة أرقام,quorum-confirmed (release payload row),YES (released to catalog),Candidate payload Arabic translation for Frappe framework UI
Document cannot be used as a filter value,,لا يمكن استخدام المستند كقيمة تصفية,لا يمكن استخدام المستند كقيمة تصفية,quorum-confirmed (release payload row),YES (released to catalog),Candidate payload Arabic translation for Frappe framework UI
Document follow is not enabled for this user.,,متابعة المستندات غير مُمكَّنة لهذا المستخدم.,متابعة المستندات غير مُمكَّنة لهذا المستخدم.,quorum-confirmed (release payload row),YES (released to catalog),Candidate payload Arabic translation for Frappe framework UI
Document is only editable by users with role,,المستند قابل للتعديل فقط بواسطة المستخدمين ذوي الدور,المستند قابل للتعديل فقط بواسطة المستخدمين ذوي الدور,quorum-confirmed (release payload row),YES (released to catalog),Candidate payload Arabic translation for Frappe framework UI
Document renaming from {0} to {1} has been queued,,تمت إضافة إعادة تسمية المستند من {0} إلى {1} إلى قائمة الانتظار,تمت إضافة إعادة تسمية المستند من {0} إلى {1} إلى قائمة الانتظار,quorum-confirmed (release payload row),YES (released to catalog),Candidate payload Arabic translation for Frappe framework UI
Drag & Drop a section here from another tab,,اسحب وأسقط قسماً هنا من علامة تبويب أخرى,اسحب وأسقط قسماً هنا من علامة تبويب أخرى,quorum-confirmed (release payload row),YES (released to catalog),Candidate payload Arabic translation for Frappe framework UI
Drag elements from the sidebar to add. Drag them back to trash.,,اسحب العناصر من الشريط الجانبي للإضافة. اسحبها مرة أخرى إلى سلة المهملات.,اسحب العناصر من الشريط الجانبي للإضافة. اسحبها مرة أخرى إلى سلة المهملات.,quorum-confirmed (release payload row),YES (released to catalog),Candidate payload Arabic translation for Frappe framework UI
Email Account not setup. Please create a new Email Account from Settings > Email Account,,لم يتم إعداد حساب البريد الإلكتروني. يرجى إنشاء حساب بريد إلكتروني جديد من الإعدادات > حساب البريد الإلكتروني,لم يتم إعداد حساب البريد الإلكتروني. يرجى إنشاء حساب بريد إلكتروني جديد من الإعدادات > حساب البريد الإلكتروني,quorum-confirmed (release payload row),YES (released to catalog),Candidate payload Arabic translation for Frappe framework UI
Email Queue flushing aborted due to too many failures.,,تم إحباط تفريغ قائمة انتظار البريد الإلكتروني بسبب كثرة الإخفاقات.,تم إحباط تفريغ قائمة انتظار البريد الإلكتروني بسبب كثرة الإخفاقات.,quorum-confirmed (release payload row),YES (released to catalog),Candidate payload Arabic translation for Frappe framework UI
Email not sent to {0} (unsubscribed / disabled),,لم يتم إرسال البريد الإلكتروني إلى {0} (تم إلغاء الاشتراك / معطل),لم يتم إرسال البريد الإلكتروني إلى {0} (تم إلغاء الاشتراك / معطل),quorum-confirmed (release payload row),YES (released to catalog),Candidate payload Arabic translation for Frappe framework UI
Email queue is currently suspended. Resume to automatically send other emails.,,قائمة انتظار البريد الإلكتروني معلقة حالياً. استأنف الإرسال التلقائي للرسائل الأخرى.,قائمة انتظار البريد الإلكتروني معلقة حالياً. استأنف الإرسال التلقائي للرسائل الأخرى.,quorum-confirmed (release payload row),YES (released to catalog),Candidate payload Arabic translation for Frappe framework UI
Emails are already being pulled from this account.,,يتم بالفعل سحب رسائل البريد الإلكتروني من هذا الحساب.,يتم بالفعل سحب رسائل البريد الإلكتروني من هذا الحساب.,quorum-confirmed (release payload row),YES (released to catalog),Candidate payload Arabic translation for Frappe framework UI
Enabling this will submit documents in background,,سيؤدي تمكين هذا إلى اعتماد المستندات في الخلفية,سيؤدي تمكين هذا إلى اعتماد المستندات في الخلفية,quorum-confirmed (release payload row),YES (released to catalog),Candidate payload Arabic translation for Frappe framework UI
Encryption key is invalid! Please check site_config.json,,مفتاح التشفير غير صالح! يرجى التحقق من site_config.json,مفتاح التشفير غير صالح! يرجى التحقق من site_config.json,quorum-confirmed (release payload row),YES (released to catalog),Candidate payload Arabic translation for Frappe framework UI
Ensure the user and group search paths are correct.,,تأكد من صحة مسارات البحث عن المستخدم والمجموعة.,تأكد من صحة مسارات البحث عن المستخدم والمجموعة.,quorum-confirmed (release payload row),YES (released to catalog),Candidate payload Arabic translation for Frappe framework UI
"Enter Email Recipient(s) in the To, CC, or BCC fields",,أدخل مستلم (مستلمي) البريد الإلكتروني في حقول إلى أو نسخة إلى أو نسخة مخفية الوجهة,أدخل مستلم (مستلمي) البريد الإلكتروني في حقول إلى أو نسخة إلى أو نسخة مخفية الوجهة,quorum-confirmed (release payload row),YES (released to catalog),Candidate payload Arabic translation for Frappe framework UI
"Error validating ""Ignore User Permissions""",,"خطأ أثناء التحقق من صحة ""تجاهل أذونات المستخدم""","خطأ أثناء التحقق من صحة ""تجاهل أذونات المستخدم""",quorum-confirmed (release payload row),YES (released to catalog),Candidate payload Arabic translation for Frappe framework UI
Error: {0} Row #{1}: Value missing for: {2},,خطأ: {0} الصف #{1}: قيمة مفقودة لـ: {2},خطأ: {0} الصف #{1}: قيمة مفقودة لـ: {2},quorum-confirmed (release payload row),YES (released to catalog),Candidate payload Arabic translation for Frappe framework UI
Example: Setting this to 24:00 will log out a user if they are not active for 24:00 hours.,,مثال: تعيين هذا إلى 24:00 سيؤدي إلى تسجيل خروج المستخدم إذا لم يكن نشطاً لمدة 24:00 ساعة.,مثال: تعيين هذا إلى 24:00 سيؤدي إلى تسجيل خروج المستخدم إذا لم يكن نشطاً لمدة 24:00 ساعة.,quorum-confirmed (release payload row),YES (released to catalog),Candidate payload Arabic translation for Frappe framework UI
"Expected 'and' or 'or' operator, found: {0}",,المتوقع معامل 'and' أو 'or'، تم العثور على: {0},المتوقع معامل 'and' أو 'or'، تم العثور على: {0},quorum-confirmed (release payload row),YES (released to catalog),Candidate payload Arabic translation for Frappe framework UI
Exported permissions will be force-synced on every migrate overriding any other customization.,,ستتم مزامنة الأذونات المصدرة إجبارياً عند كل ترحيل مما يؤدي إلى تجاوز أي تخصيص آخر.,ستتم مزامنة الأذونات المصدرة إجبارياً عند كل ترحيل مما يؤدي إلى تجاوز أي تخصيص آخر.,quorum-confirmed (release payload row),YES (released to catalog),Candidate payload Arabic translation for Frappe framework UI
Failed to aquire lock: {}. Lock may be held by another process.,,فشل الحصول على القفل: {}. قد يكون القفل محجوزاً بواسطة عملية أخرى.,فشل الحصول على القفل: {}. قد يكون القفل محجوزاً بواسطة عملية أخرى.,quorum-confirmed (release payload row),YES (released to catalog),Candidate payload Arabic translation for Frappe framework UI
Failed to get method for command {0} with {1},,فشل الحصول على الدالة للأمر {0} مع {1},فشل الحصول على الدالة للأمر {0} مع {1},quorum-confirmed (release payload row),YES (released to catalog),Candidate payload Arabic translation for Frappe framework UI
"Failed to import virtual doctype {}, is controller file present?",,فشل استيراد نوع المستند الافتراضي {}، هل ملف وحدة التحكم موجود؟,فشل استيراد نوع المستند الافتراضي {}، هل ملف وحدة التحكم موجود؟,quorum-confirmed (release payload row),YES (released to catalog),Candidate payload Arabic translation for Frappe framework UI
"Field ""title"" is mandatory if ""Website Search Field"" is set.",,"حقل ""title"" إلزامي في حال تم تعيين ""حقل البحث في الموقع الإلكتروني"".","حقل ""title"" إلزامي في حال تم تعيين ""حقل البحث في الموقع الإلكتروني"".",quorum-confirmed (release payload row),YES (released to catalog),Candidate payload Arabic translation for Frappe framework UI
Field {0} is referring to non-existing doctype {1}.,,يشير الحقل {0} إلى نوع مستند غير موجود {1}.,يشير الحقل {0} إلى نوع مستند غير موجود {1}.,quorum-confirmed (release payload row),YES (released to catalog),Candidate payload Arabic translation for Frappe framework UI
Field {0} must be a virtual field to support virtual doctype.,,يجب أن يكون الحقل {0} حقلاً افتراضياً لدعم نوع المستند الافتراضي.,يجب أن يكون الحقل {0} حقلاً افتراضياً لدعم نوع المستند الافتراضي.,quorum-confirmed (release payload row),YES (released to catalog),Candidate payload Arabic translation for Frappe framework UI
Field {0} on document {1} is neither a Mobile number field nor a Customer or User link,,الحقل {0} في المستند {1} ليس حقل رقم هاتف محمول ولا رابط عميل أو مستخدم,الحقل {0} في المستند {1} ليس حقل رقم هاتف محمول ولا رابط عميل أو مستخدم,quorum-confirmed (release payload row),YES (released to catalog),Candidate payload Arabic translation for Frappe framework UI
Fieldname '{0}' conflicting with a {1} of the name {2} in {3},,اسم الحقل '{0}' يتعارض مع {1} يحمل الاسم {2} في {3},اسم الحقل '{0}' يتعارض مع {1} يحمل الاسم {2} في {3},quorum-confirmed (release payload row),YES (released to catalog),Candidate payload Arabic translation for Frappe framework UI
Fieldname called {0} must exist to enable autonaming,,يجب أن يكون اسم الحقل المسمى {0} موجوداً لتمكين التسمية التلقائية,يجب أن يكون اسم الحقل المسمى {0} موجوداً لتمكين التسمية التلقائية,quorum-confirmed (release payload row),YES (released to catalog),Candidate payload Arabic translation for Frappe framework UI
Fields `file_name` or `file_url` must be set for File,,يجب تعيين الحقول `file_name` أو `file_url` للملف,يجب تعيين الحقول `file_name` أو `file_url` للملف,quorum-confirmed (release payload row),YES (released to catalog),Candidate payload Arabic translation for Frappe framework UI
Fields must be a list or tuple when as_list is enabled,,يجب أن تكون الحقول قائمة أو صفاً عند تمكين as_list,يجب أن تكون الحقول قائمة أو صفاً عند تمكين as_list,quorum-confirmed (release payload row),YES (released to catalog),Candidate payload Arabic translation for Frappe framework UI
"Fields must be a string, list, tuple, pypika Field, or pypika Function",,يجب أن تكون الحقول نصاً أو قائمة أو صفاً أو حقل pypika أو دالة pypika,يجب أن تكون الحقول نصاً أو قائمة أو صفاً أو حقل pypika أو دالة pypika,quorum-confirmed (release payload row),YES (released to catalog),Candidate payload Arabic translation for Frappe framework UI
Fieldtype cannot be changed from {0} to {1},,لا يمكن تغيير نوع الحقل من {0} إلى {1},لا يمكن تغيير نوع الحقل من {0} إلى {1},quorum-confirmed (release payload row),YES (released to catalog),Candidate payload Arabic translation for Frappe framework UI
"File ""{0}"" was skipped because of invalid file type",,"تم تخطي الملف ""{0}"" بسبب نوع ملف غير صالح","تم تخطي الملف ""{0}"" بسبب نوع ملف غير صالح",quorum-confirmed (release payload row),YES (released to catalog),Candidate payload Arabic translation for Frappe framework UI
"Footer ""Powered By""",,"تذييل ""مشغل بواسطة""","تذييل ""مشغل بواسطة""",quorum-confirmed (release payload row),YES (released to catalog),Candidate payload Arabic translation for Frappe framework UI
"For multiple addresses, enter the address on different line. e.g. test@test.com ⏎ test1@test.com",,لإدخال عناوين متعددة، أدخل كل عنوان في سطر منفصل. مثل test@test.com ⏎ test1@test.com,لإدخال عناوين متعددة، أدخل كل عنوان في سطر منفصل. مثل test@test.com ⏎ test1@test.com,quorum-confirmed (release payload row),YES (released to catalog),Candidate payload Arabic translation for Frappe framework UI
Function {0} requires arguments but none were provided,,تتطلب الدالة {0} معاملات ولكن لم يتم تقديم أي منها,تتطلب الدالة {0} معاملات ولكن لم يتم تقديم أي منها,quorum-confirmed (release payload row),YES (released to catalog),Candidate payload Arabic translation for Frappe framework UI
Generate Separate Documents For Each Assignee,,إنشاء مستندات منفصلة لكل مُعيَّن إليه,إنشاء مستندات منفصلة لكل مُعيَّن إليه,quorum-confirmed (release payload row),YES (released to catalog),Candidate payload Arabic translation for Frappe framework UI
Get Header and Footer wkhtmltopdf variables,,الحصول على متغيرات الرأس والتذييل لـ wkhtmltopdf,الحصول على متغيرات الرأس والتذييل لـ wkhtmltopdf,quorum-confirmed (release payload row),YES (released to catalog),Candidate payload Arabic translation for Frappe framework UI
Get a preview of generated names with a series.,,الحصول على معاينة للأسماء التي تم إنشاؤها باستخدام سلسلة.,الحصول على معاينة للأسماء التي تم إنشاؤها باستخدام سلسلة.,quorum-confirmed (release payload row),YES (released to catalog),Candidate payload Arabic translation for Frappe framework UI
Get notified when an email is received on any of the documents assigned to you.,,تلقي إشعار عند استلام بريد إلكتروني في أي من المستندات المعينة إليك.,تلقي إشعار عند استلام بريد إلكتروني في أي من المستندات المعينة إليك.,quorum-confirmed (release payload row),YES (released to catalog),Candidate payload Arabic translation for Frappe framework UI
"Google Calendar - Could not find Calendar for {0}, error code {1}.",,تقويم Google - تعذر العثور على التقويم لـ {0}، رمز الخطأ {1}.,تقويم Google - تعذر العثور على التقويم لـ {0}، رمز الخطأ {1}.,quorum-confirmed (release payload row),YES (released to catalog),Candidate payload Arabic translation for Frappe framework UI
Header/Footer scripts can be used to add dynamic behaviours.,,يمكن استخدام البرامج النصية للرأس/التذييل لإضافة سلوكيات ديناميكية.,يمكن استخدام البرامج النصية للرأس/التذييل لإضافة سلوكيات ديناميكية.,quorum-confirmed (release payload row),YES (released to catalog),Candidate payload Arabic translation for Frappe framework UI
"Help: To link to another record in the system, use ""/desk/note/[Note Name]"" as the Link URL. (don't use ""http://"")",,"مساعدة: للربط بسجل آخر في النظام، استخدم ""/desk/note/[اسم الملاحظة]"" كعنوان URL للرابط. (لا تستخدم ""http://"")","مساعدة: للربط بسجل آخر في النظام، استخدم ""/desk/note/[اسم الملاحظة]"" كعنوان URL للرابط. (لا تستخدم ""http://"")",quorum-confirmed (release payload row),YES (released to catalog),Candidate payload Arabic translation for Frappe framework UI
Human-readable name intended for display to the end user.,,اسم مقروء للبشر مخصص للعرض للمستخدم النهائي.,اسم مقروء للبشر مخصص للعرض للمستخدم النهائي.,quorum-confirmed (release payload row),YES (released to catalog),Candidate payload Arabic translation for Frappe framework UI
"IDs must contain only alphanumeric characters, not contain spaces, and should be unique.",,يجب أن تحتوي المعرفات على أحرف وأرقام فقط، وألا تحتوي على مسافات، ويجب أن تكون فريدة.,يجب أن تحتوي المعرفات على أحرف وأرقام فقط، وألا تحتوي على مسافات، ويجب أن تكون فريدة.,quorum-confirmed (release payload row),YES (released to catalog),Candidate payload Arabic translation for Frappe framework UI
"If a Role does not have access at Level 0, then higher levels are meaningless.",,إذا لم يكن للدور وصول في المستوى 0، فإن المستويات الأعلى لا معنى لها.,إذا لم يكن للدور وصول في المستوى 0، فإن المستويات الأعلى لا معنى لها.,quorum-confirmed (release payload row),YES (released to catalog),Candidate payload Arabic translation for Frappe framework UI
"If checked, a confirmation will be required before performing workflow actions.",,إذا تم تحديده، فسيلزم التأكيد قبل تنفيذ إجراءات سير العمل.,إذا تم تحديده، فسيلزم التأكيد قبل تنفيذ إجراءات سير العمل.,quorum-confirmed (release payload row),YES (released to catalog),Candidate payload Arabic translation for Frappe framework UI
"If checked, negative numeric values of Currency, Quantity or Count would be shown as positive",,إذا تم تحديده، فستظهر القيم الرقمية السالبة للعملة أو الكمية أو العدد كموجبة,إذا تم تحديده، فستظهر القيم الرقمية السالبة للعملة أو الكمية أو العدد كموجبة,quorum-confirmed (release payload row),YES (released to catalog),Candidate payload Arabic translation for Frappe framework UI
"If enabled, all responses on the web form will be submitted anonymously",,إذا تم تمكينه، فسيتم إرسال جميع الردود في نموذج الويب بشكل مجهول,إذا تم تمكينه، فسيتم إرسال جميع الردود في نموذج الويب بشكل مجهول,quorum-confirmed (release payload row),YES (released to catalog),Candidate payload Arabic translation for Frappe framework UI
"If left empty, the default workspace will be the last visited workspace",,إذا تُرِك فارغاً، فستكون مساحة العمل الافتراضية هي آخر مساحة عمل تمت زيارتها,إذا تُرِك فارغاً، فستكون مساحة العمل الافتراضية هي آخر مساحة عمل تمت زيارتها,quorum-confirmed (release payload row),YES (released to catalog),Candidate payload Arabic translation for Frappe framework UI
"If these instructions where not helpful, please add in your suggestions on GitHub Issues.",,إذا لم تكن هذه التعليمات مفيدة، يرجى إضافة اقتراحاتك في مشكلات GitHub (GitHub Issues).,إذا لم تكن هذه التعليمات مفيدة، يرجى إضافة اقتراحاتك في مشكلات GitHub (GitHub Issues).,quorum-confirmed (release payload row),YES (released to catalog),Candidate payload Arabic translation for Frappe framework UI
"If this was a mistake or you need access again, please reach out to your team.",,إذا كان هذا خطأ أو كنت بحاجة إلى الوصول مرة أخرى، يرجى التواصل مع فريقك.,إذا كان هذا خطأ أو كنت بحاجة إلى الوصول مرة أخرى، يرجى التواصل مع فريقك.,quorum-confirmed (release payload row),YES (released to catalog),Candidate payload Arabic translation for Frappe framework UI
"If unchecked, the value will always be re-fetched on save.",,إذا لم يتم تحديده، فستتم دائماً إعادة جلب القيمة عند الحفظ.,إذا لم يتم تحديده، فستتم دائماً إعادة جلب القيمة عند الحفظ.,quorum-confirmed (release payload row),YES (released to catalog),Candidate payload Arabic translation for Frappe framework UI
"If you have any questions, reach out to your system administrator.",,إذا كانت لديك أي أسئلة، فتواصل مع مسؤول النظام لديك.,إذا كانت لديك أي أسئلة، فتواصل مع مسؤول النظام لديك.,quorum-confirmed (release payload row),YES (released to catalog),Candidate payload Arabic translation for Frappe framework UI
Implement `clear_old_logs` method to enable auto error clearing.,,قم بتنفيذ دالة `clear_old_logs` لتمكين المسح التلقائي للأخطاء.,قم بتنفيذ دالة `clear_old_logs` لتمكين المسح التلقائي للأخطاء.,quorum-confirmed (release payload row),YES (released to catalog),Candidate payload Arabic translation for Frappe framework UI
Incomplete Virtual Doctype Implementation,,تنفيذ غير مكتمل لنوع المستند الافتراضي,تنفيذ غير مكتمل لنوع المستند الافتراضي,quorum-confirmed (release payload row),YES (released to catalog),Candidate payload Arabic translation for Frappe framework UI
Index created successfully on column {0} of doctype {1},,تم إنشاء الفهرس بنجاح في العمود {0} لنوع المستند {1},تم إنشاء الفهرس بنجاح في العمود {0} لنوع المستند {1},quorum-confirmed (release payload row),YES (released to catalog),Candidate payload Arabic translation for Frappe framework UI
Input existing role name if you would like to extend it with access of another role.,,أدخل اسم دور موجود إذا كنت ترغب في توسيعه بصلاحيات وصول دور آخر.,أدخل اسم دور موجود إذا كنت ترغب في توسيعه بصلاحيات وصول دور آخر.,quorum-confirmed (release payload row),YES (released to catalog),Candidate payload Arabic translation for Frappe framework UI
"Invalid ""mandatory_depends_on"" expression",,"تعبير ""mandatory_depends_on"" غير صالح","تعبير ""mandatory_depends_on"" غير صالح",quorum-confirmed (release payload row),YES (released to catalog),Candidate payload Arabic translation for Frappe framework UI
Invalid Credentials for Email Account: {0},,بيانات اعتماد غير صالحة لحساب البريد الإلكتروني: {0},بيانات اعتماد غير صالحة لحساب البريد الإلكتروني: {0},quorum-confirmed (release payload row),YES (released to catalog),Candidate payload Arabic translation for Frappe framework UI
Invalid Outgoing Mail Server or Port: {0},,خادم أو منفذ بريد صادر غير صالح: {0},خادم أو منفذ بريد صادر غير صالح: {0},quorum-confirmed (release payload row),YES (released to catalog),Candidate payload Arabic translation for Frappe framework UI
Invalid alias format: {0}. Alias must be a simple identifier.,,تنسيق الاسم المستعار غير صالح: {0}. يجب أن يكون الاسم المستعار معرفاً بسيطاً.,تنسيق الاسم المستعار غير صالح: {0}. يجب أن يكون الاسم المستعار معرفاً بسيطاً.,quorum-confirmed (release payload row),YES (released to catalog),Candidate payload Arabic translation for Frappe framework UI
Invalid argument format: {0}. Only quoted string literals or simple field names are allowed.,,تنسيق المعامل غير صالح: {0}. لا يُسمح إلا بالنصوص المقتبسة أو أسماء الحقول البسيطة.,تنسيق المعامل غير صالح: {0}. لا يُسمح إلا بالنصوص المقتبسة أو أسماء الحقول البسيطة.,quorum-confirmed (release payload row),YES (released to catalog),Candidate payload Arabic translation for Frappe framework UI
"Invalid argument type: {0}. Only strings, numbers, dicts, and None are allowed.",,نوع المعامل غير صالح: {0}. يُسمح فقط بالنصوص والأرقام والقواميس و None.,نوع المعامل غير صالح: {0}. يُسمح فقط بالنصوص والأرقام والقواميس و None.,quorum-confirmed (release payload row),YES (released to catalog),Candidate payload Arabic translation for Frappe framework UI
"Invalid characters in fieldname: {0}. Only letters, numbers, and underscores are allowed.",,أحرف غير صالحة في اسم الحقل: {0}. يُسمح فقط بالأحرف والأرقام والشرطات السفلية.,أحرف غير صالحة في اسم الحقل: {0}. يُسمح فقط بالأحرف والأرقام والشرطات السفلية.,quorum-confirmed (release payload row),YES (released to catalog),Candidate payload Arabic translation for Frappe framework UI
Invalid condition type in nested filters: {0},,نوع شرط غير صالح في عوامل التصفية المتداخلة: {0},نوع شرط غير صالح في عوامل التصفية المتداخلة: {0},quorum-confirmed (release payload row),YES (released to catalog),Candidate payload Arabic translation for Frappe framework UI
Invalid direction in Order By: {0}. Must be 'ASC' or 'DESC'.,,اتجاه غير صالح في الترتيب حسب (Order By): {0}. يجب أن يكون 'ASC' أو 'DESC'.,اتجاه غير صالح في الترتيب حسب (Order By): {0}. يجب أن يكون 'ASC' أو 'DESC'.,quorum-confirmed (release payload row),YES (released to catalog),Candidate payload Arabic translation for Frappe framework UI
"Invalid field format for SELECT: {0}. Field names must be simple, backticked, table-qualified, aliased, or '*'.",,تنسيق حقل غير صالح لـ SELECT: {0}. يجب أن تكون أسماء الحقول بسيطة، أو بين علامتي اقتباس مائلتين، أو مؤهلة باسم الجدول، أو مستعارة، أو '*'.,تنسيق حقل غير صالح لـ SELECT: {0}. يجب أن تكون أسماء الحقول بسيطة، أو بين علامتي اقتباس مائلتين، أو مؤهلة باسم الجدول، أو مستعارة، أو '*'.,quorum-confirmed (release payload row),YES (released to catalog),Candidate payload Arabic translation for Frappe framework UI
"Invalid field format in {0}: {1}. Use 'field', 'link_field.field', or 'child_table.field'.",,تنسيق الحقل غير صالح في {0}: {1}. استخدم 'field' أو 'link_field.field' أو 'child_table.field'.,تنسيق الحقل غير صالح في {0}: {1}. استخدم 'field' أو 'link_field.field' أو 'child_table.field'.,quorum-confirmed (release payload row),YES (released to catalog),Candidate payload Arabic translation for Frappe framework UI
Invalid filter condition: {0}. Expected a list or tuple.,,شرط تصفية غير صالح: {0}. المتوقع قائمة أو صف.,شرط تصفية غير صالح: {0}. المتوقع قائمة أو صف.,quorum-confirmed (release payload row),YES (released to catalog),Candidate payload Arabic translation for Frappe framework UI
Invalid filter field format: {0}. Use 'fieldname' or 'link_fieldname.target_fieldname'.,,تنسيق حقل تصفية غير صالح: {0}. استخدم 'fieldname' أو 'link_fieldname.target_fieldname'.,تنسيق حقل تصفية غير صالح: {0}. استخدم 'fieldname' أو 'link_fieldname.target_fieldname'.,quorum-confirmed (release payload row),YES (released to catalog),Candidate payload Arabic translation for Frappe framework UI
"Invalid function argument type: {0}. Only strings, numbers, lists, and None are allowed.",,نوع معامل الدالة غير صالح: {0}. يُسمح فقط بالنصوص والأرقام والقوائم و None.,نوع معامل الدالة غير صالح: {0}. يُسمح فقط بالنصوص والأرقام والقوائم و None.,quorum-confirmed (release payload row),YES (released to catalog),Candidate payload Arabic translation for Frappe framework UI
Invalid name type (integer) for varchar name column,,نوع اسم غير صالح (عدد صحيح) لعمود اسم من نوع varchar,نوع اسم غير صالح (عدد صحيح) لعمود اسم من نوع varchar,quorum-confirmed (release payload row),YES (released to catalog),Candidate payload Arabic translation for Frappe framework UI
Invalid naming series {}: dot (.) missing,,سلسلة تسمية غير صالحة {}: النقطة (.) مفقودة,سلسلة تسمية غير صالحة {}: النقطة (.) مفقودة,quorum-confirmed (release payload row),YES (released to catalog),Candidate payload Arabic translation for Frappe framework UI
Invalid nested expression: dictionary must represent a function or operator,,تعبير متداخل غير صالح: يجب أن يمثل القاموس دالة أو معاملاً,تعبير متداخل غير صالح: يجب أن يمثل القاموس دالة أو معاملاً,quorum-confirmed (release payload row),YES (released to catalog),Candidate payload Arabic translation for Frappe framework UI
Invalid start for filter condition: {0}. Expected a list or tuple.,,بداية غير صالحة لشرط التصفية: {0}. المتوقع قائمة أو صف.,بداية غير صالحة لشرط التصفية: {0}. المتوقع قائمة أو صف.,quorum-confirmed (release payload row),YES (released to catalog),Candidate payload Arabic translation for Frappe framework UI
Invalid token state! Check if the token has been created by the OAuth user.,,حالة الرمز المميز غير صالحة! تحقق مما إذا كان الرمز المميز قد تم إنشاؤه بواسطة مستخدم OAuth.,حالة الرمز المميز غير صالحة! تحقق مما إذا كان الرمز المميز قد تم إنشاؤه بواسطة مستخدم OAuth.,quorum-confirmed (release payload row),YES (released to catalog),Candidate payload Arabic translation for Frappe framework UI
Job is in {0} state and can't be cancelled,,المهمة في حالة {0} ولا يمكن إلغاؤها,المهمة في حالة {0} ولا يمكن إلغاؤها,quorum-confirmed (release payload row),YES (released to catalog),Candidate payload Arabic translation for Frappe framework UI
LDAP settings incorrect. validation response was: {0},,إعدادات LDAP غير صحيحة. كانت استجابة التحقق: {0},إعدادات LDAP غير صحيحة. كانت استجابة التحقق: {0},quorum-confirmed (release payload row),YES (released to catalog),Candidate payload Arabic translation for Frappe framework UI
"Layout will be reset to standard layout, are you sure you want to do this?",,ستتم إعادة تعيين المخطط إلى المخطط القياسي، هل أنت متأكد من رغبتك في القيام بذلك؟,ستتم إعادة تعيين المخطط إلى المخطط القياسي، هل أنت متأكد من رغبتك في القيام بذلك؟,quorum-confirmed (release payload row),YES (released to catalog),Candidate payload Arabic translation for Frappe framework UI
Length of passed data array is greater than value of maximum allowed label points!,,طول مصفوفة البيانات الممررة أكبر من قيمة الحد الأقصى المسموح به لنقاط التسمية!,طول مصفوفة البيانات الممررة أكبر من قيمة الحد الأقصى المسموح به لنقاط التسمية!,quorum-confirmed (release payload row),YES (released to catalog),Candidate payload Arabic translation for Frappe framework UI
Letter Head cannot be both disabled and default,,لا يمكن أن تكون الترويسة معطلة وافتراضية في الوقت نفسه,لا يمكن أن تكون الترويسة معطلة وافتراضية في الوقت نفسه,quorum-confirmed (release payload row),YES (released to catalog),Candidate payload Arabic translation for Frappe framework UI
"Link for About Us Page is ""/about"".",,"رابط صفحة ""من نحن"" هو ""/about"".","رابط صفحة ""من نحن"" هو ""/about"".",quorum-confirmed (release payload row),YES (released to catalog),Candidate payload Arabic translation for Frappe framework UI
Login is required to see web form list view. Enable {0} to see list settings,,تسجيل الدخول مطلوب لرؤية عرض قائمة نموذج الويب. قم بتمكين {0} لرؤية إعدادات القائمة,تسجيل الدخول مطلوب لرؤية عرض قائمة نموذج الويب. قم بتمكين {0} لرؤية إعدادات القائمة,quorum-confirmed (release payload row),YES (released to catalog),Candidate payload Arabic translation for Frappe framework UI
Login with email link expiry (in minutes),,انتهاء صلاحية رابط تسجيل الدخول عبر البريد الإلكتروني (بالدقائق),انتهاء صلاحية رابط تسجيل الدخول عبر البريد الإلكتروني (بالدقائق),quorum-confirmed (release payload row),YES (released to catalog),Candidate payload Arabic translation for Frappe framework UI
Login with username and password is not allowed.,,تسجيل الدخول باستخدام اسم المستخدم وكلمة المرور غير مسموح به.,تسجيل الدخول باستخدام اسم المستخدم وكلمة المرور غير مسموح به.,quorum-confirmed (release payload row),YES (released to catalog),Candidate payload Arabic translation for Frappe framework UI
Looks like you haven’t added any third party apps.,,يبدو أنك لم تقم بإضافة أي تطبيقات تابعة لجهات خارجية.,يبدو أنك لم تقم بإضافة أي تطبيقات تابعة لجهات خارجية.,quorum-confirmed (release payload row),YES (released to catalog),Candidate payload Arabic translation for Frappe framework UI
Looks like you haven’t received any notifications.,,يبدو أنك لم تتلقَّ أي إشعارات.,يبدو أنك لم تتلقَّ أي إشعارات.,quorum-confirmed (release payload row),YES (released to catalog),Candidate payload Arabic translation for Frappe framework UI
Make sure to configure a Social Login Key before disabling to prevent lockout,,تأكد من تكوين مفتاح تسجيل الدخول الاجتماعي قبل التعطيل لمنع إغلاق الحساب,تأكد من تكوين مفتاح تسجيل الدخول الاجتماعي قبل التعطيل لمنع إغلاق الحساب,quorum-confirmed (release payload row),YES (released to catalog),Candidate payload Arabic translation for Frappe framework UI
Maximum Attachment Limit of {0} has been reached for {1} {2}.,,تم الوصول إلى الحد الأقصى للمرفقات البالغ {0} لـ {1} {2}.,تم الوصول إلى الحد الأقصى للمرفقات البالغ {0} لـ {1} {2}.,quorum-confirmed (release payload row),YES (released to catalog),Candidate payload Arabic translation for Frappe framework UI
Maximum attachment limit of {0} has been reached.,,تم الوصول إلى الحد الأقصى لعدد المرفقات البالغ {0}.,تم الوصول إلى الحد الأقصى لعدد المرفقات البالغ {0}.,quorum-confirmed (release payload row),YES (released to catalog),Candidate payload Arabic translation for Frappe framework UI
Message to be displayed on successful completion,,الرسالة المطلوب عرضها عند الاكتمال بنجاح,الرسالة المطلوب عرضها عند الاكتمال بنجاح,quorum-confirmed (release payload row),YES (released to catalog),Candidate payload Arabic translation for Frappe framework UI
Method is required to create a number card,,الدالة مطلوبة لإنشاء بطاقة أرقام,الدالة مطلوبة لإنشاء بطاقة أرقام,quorum-confirmed (release payload row),YES (released to catalog),Candidate payload Arabic translation for Frappe framework UI
"Monitor logs for errors, background jobs, communications, and user activity",,مراقبة السجلات بحثاً عن الأخطاء ومهام الخلفية والاتصالات ونشاط المستخدم,مراقبة السجلات بحثاً عن الأخطاء ومهام الخلفية والاتصالات ونشاط المستخدم,quorum-confirmed (release payload row),YES (released to catalog),Candidate payload Arabic translation for Frappe framework UI
Move current and all subsequent sections to a new tab,,نقل القسم الحالي وجميع الأقسام اللاحقة إلى علامة تبويب جديدة,نقل القسم الحالي وجميع الأقسام اللاحقة إلى علامة تبويب جديدة,quorum-confirmed (release payload row),YES (released to catalog),Candidate payload Arabic translation for Frappe framework UI
Move the current field and the following fields to a new column,,نقل الحقل الحالي والحقول التالية إلى عمود جديد,نقل الحقل الحالي والحقول التالية إلى عمود جديد,quorum-confirmed (release payload row),YES (released to catalog),Candidate payload Arabic translation for Frappe framework UI
Move to next step when clicked inside highlighted area.,,الانتقال إلى الخطوة التالية عند النقر داخل المنطقة المحددة.,الانتقال إلى الخطوة التالية عند النقر داخل المنطقة المحددة.,quorum-confirmed (release payload row),YES (released to catalog),Candidate payload Arabic translation for Frappe framework UI
Mozilla doesn't support :has() so you can pass parent selector here as workaround,,لا تدعم Mozilla الدالة :has() لذلك يمكنك تمرير محدد العنصر الرئيسي هنا كحل بديل,لا تدعم Mozilla الدالة :has() لذلك يمكنك تمرير محدد العنصر الرئيسي هنا كحل بديل,quorum-confirmed (release payload row),YES (released to catalog),Candidate payload Arabic translation for Frappe framework UI
NOTE: This box is due for depreciation. Please re-setup LDAP to work with the newer settings,,ملاحظة: هذا الحقل في طريقه للإهمال. يرجى إعادة إعداد LDAP للعمل مع الإعدادات الأحدث,ملاحظة: هذا الحقل في طريقه للإهمال. يرجى إعادة إعداد LDAP للعمل مع الإعدادات الأحدث,quorum-confirmed (release payload row),YES (released to catalog),Candidate payload Arabic translation for Frappe framework UI
"Name already taken, please set a new name",,الاسم مستخدم بالفعل، يرجى تعيين اسم جديد,الاسم مستخدم بالفعل، يرجى تعيين اسم جديد,quorum-confirmed (release payload row),YES (released to catalog),Candidate payload Arabic translation for Frappe framework UI
Need Workspace Manager role to edit private workspace of other users,,يلزم وجود دور مدير مساحة العمل لتعديل مساحة العمل الخاصة بمستخدمين آخرين,يلزم وجود دور مدير مساحة العمل لتعديل مساحة العمل الخاصة بمستخدمين آخرين,quorum-confirmed (release payload row),YES (released to catalog),Candidate payload Arabic translation for Frappe framework UI
Nested filters must be provided as a list or tuple.,,يجب توفير عوامل التصفية المتداخلة كقائمة أو صف.,يجب توفير عوامل التصفية المتداخلة كقائمة أو صف.,quorum-confirmed (release payload row),YES (released to catalog),Candidate payload Arabic translation for Frappe framework UI
Newly created user {0} has no roles enabled.,,المستخدم المنشأ حديثاً {0} ليس لديه أي أدوار مُمكَّنة.,المستخدم المنشأ حديثاً {0} ليس لديه أي أدوار مُمكَّنة.,quorum-confirmed (release payload row),YES (released to catalog),Candidate payload Arabic translation for Frappe framework UI
No RQ Workers connected. Try restarting the bench.,,لا يوجد عمال RQ متصلون. حاول إعادة تشغيل bench.,لا يوجد عمال RQ متصلون. حاول إعادة تشغيل bench.,quorum-confirmed (release payload row),YES (released to catalog),Candidate payload Arabic translation for Frappe framework UI
No automatic optimization suggestions available.,,لا تتوفر اقتراحات تحسين تلقائية.,لا تتوفر اقتراحات تحسين تلقائية.,quorum-confirmed (release payload row),YES (released to catalog),Candidate payload Arabic translation for Frappe framework UI
No changes made because old and new name are the same.,,لم يتم إجراء أي تغييرات لأن الاسم القديم والجديد متطابقان.,لم يتم إجراء أي تغييرات لأن الاسم القديم والجديد متطابقان.,quorum-confirmed (release payload row),YES (released to catalog),Candidate payload Arabic translation for Frappe framework UI
"No fields found that can be used as a Kanban Column. Use the Customize Form to add a Custom Field of type ""Select"".",,"لم يتم العثور على حقول يمكن استخدامها كعمود كانبان. استخدم تخصيص النموذج لإضافة حقل مخصص من نوع ""Select"".","لم يتم العثور على حقول يمكن استخدامها كعمود كانبان. استخدم تخصيص النموذج لإضافة حقل مخصص من نوع ""Select"".",quorum-confirmed (release payload row),YES (released to catalog),Candidate payload Arabic translation for Frappe framework UI
No {0} found with matching filters. Clear filters to see all {0}.,,لم يتم العثور على {0} يطابق عوامل التصفية. امسح عوامل التصفية لرؤية جميع {0}.,لم يتم العثور على {0} يطابق عوامل التصفية. امسح عوامل التصفية لرؤية جميع {0}.,quorum-confirmed (release payload row),YES (released to catalog),Candidate payload Arabic translation for Frappe framework UI
Not allowed to create custom Virtual DocType.,,غير مسموح بإنشاء نوع مستند افتراضي مخصص.,غير مسموح بإنشاء نوع مستند افتراضي مخصص.,quorum-confirmed (release payload row),YES (released to catalog),Candidate payload Arabic translation for Frappe framework UI
Not allowed via controller permission check,,غير مسموح به عبر فحص إذن وحدة التحكم,غير مسموح به عبر فحص إذن وحدة التحكم,quorum-confirmed (release payload row),YES (released to catalog),Candidate payload Arabic translation for Frappe framework UI
Note: Etc timezones have their signs reversed.,,ملاحظة: المناطق الزمنية من نوع Etc معكوسة الإشارة.,ملاحظة: المناطق الزمنية من نوع Etc معكوسة الإشارة.,quorum-confirmed (release payload row),YES (released to catalog),Candidate payload Arabic translation for Frappe framework UI
Note: Your request for account deletion will be fulfilled within {0} hours.,,ملاحظة: سيتم تنفيذ طلبك لحذف الحساب في غضون {0} ساعة.,ملاحظة: سيتم تنفيذ طلبك لحذف الحساب في غضون {0} ساعة.,quorum-confirmed (release payload row),YES (released to catalog),Candidate payload Arabic translation for Frappe framework UI
Notification: customer {0} has no Mobile number set,,إشعار: العميل {0} ليس لديه رقم هاتف محمول محدد,إشعار: العميل {0} ليس لديه رقم هاتف محمول محدد,quorum-confirmed (release payload row),YES (released to catalog),Candidate payload Arabic translation for Frappe framework UI
Notification: document {0} has no {1} number set (field: {2}),,إشعار: المستند {0} ليس لديه رقم {1} محدد (الحقل: {2}),إشعار: المستند {0} ليس لديه رقم {1} محدد (الحقل: {2}),quorum-confirmed (release payload row),YES (released to catalog),Candidate payload Arabic translation for Frappe framework UI
Notification: user {0} has no Mobile number set,,إشعار: المستخدم {0} ليس لديه رقم هاتف محمول محدد,إشعار: المستخدم {0} ليس لديه رقم هاتف محمول محدد,quorum-confirmed (release payload row),YES (released to catalog),Candidate payload Arabic translation for Frappe framework UI
"Number of attachment fields are more than {}, limit updated to {}.",,عدد حقول المرفقات أكبر من {}، تم تحديث الحد إلى {}.,عدد حقول المرفقات أكبر من {}، تم تحديث الحد إلى {}.,quorum-confirmed (release payload row),YES (released to catalog),Candidate payload Arabic translation for Frappe framework UI
Number of backups must be greater than zero.,,يجب أن يكون عدد النسخ الاحتياطية أكبر من الصفر.,يجب أن يكون عدد النسخ الاحتياطية أكبر من الصفر.,quorum-confirmed (release payload row),YES (released to catalog),Candidate payload Arabic translation for Frappe framework UI
"OAuth has been enabled but not authorised. Please use ""Authorise API Access"" button to do the same.",,"تم تمكين OAuth ولكنه غير مفوض. يرجى استخدام زر ""تفويض الوصول إلى API"" للقيام بذلك.","تم تمكين OAuth ولكنه غير مفوض. يرجى استخدام زر ""تفويض الوصول إلى API"" للقيام بذلك.",quorum-confirmed (release payload row),YES (released to catalog),Candidate payload Arabic translation for Frappe framework UI
OTP setup using OTP App was not completed. Please contact Administrator.,,لم يكتمل إعداد OTP باستخدام تطبيق OTP. يرجى الاتصال بمسؤول النظام.,لم يكتمل إعداد OTP باستخدام تطبيق OTP. يرجى الاتصال بمسؤول النظام.,quorum-confirmed (release payload row),YES (released to catalog),Candidate payload Arabic translation for Frappe framework UI
"On checking this option, URL will be treated like a jinja template string",,عند تحديد هذا الخيار، سيتم التعامل مع عنوان URL كقالب نصي من نوع jinja,عند تحديد هذا الخيار، سيتم التعامل مع عنوان URL كقالب نصي من نوع jinja,quorum-confirmed (release payload row),YES (released to catalog),Candidate payload Arabic translation for Frappe framework UI
Only System Managers can make this file public.,,يمكن لمديري النظام فقط جعل هذا الملف عاماً.,يمكن لمديري النظام فقط جعل هذا الملف عاماً.,quorum-confirmed (release payload row),YES (released to catalog),Candidate payload Arabic translation for Frappe framework UI
Only Workspace Manager can edit public workspaces,,يمكن لمدير مساحة العمل فقط تعديل مساحات العمل العامة,يمكن لمدير مساحة العمل فقط تعديل مساحات العمل العامة,quorum-confirmed (release payload row),YES (released to catalog),Candidate payload Arabic translation for Frappe framework UI
Only allow System Managers to upload public files,,السماح لمديري النظام فقط بتحميل الملفات العامة,السماح لمديري النظام فقط بتحميل الملفات العامة,quorum-confirmed (release payload row),YES (released to catalog),Candidate payload Arabic translation for Frappe framework UI
Only allowed to export customizations in developer mode,,يُسمح بتصدير التخصيصات في وضع المطور فقط,يُسمح بتصدير التخصيصات في وضع المطور فقط,quorum-confirmed (release payload row),YES (released to catalog),Candidate payload Arabic translation for Frappe framework UI
Only the Administrator can delete a standard DocType.,,يمكن للمسؤول فقط حذف نوع المستند القياسي.,يمكن للمسؤول فقط حذف نوع المستند القياسي.,quorum-confirmed (release payload row),YES (released to catalog),Candidate payload Arabic translation for Frappe framework UI
Only the assignee can complete this to-do.,,يمكن للمُعيَّن إليه فقط إكمال هذه المهمة.,يمكن للمُعيَّن إليه فقط إكمال هذه المهمة.,quorum-confirmed (release payload row),YES (released to catalog),Candidate payload Arabic translation for Frappe framework UI
Only {0} emailed reports are allowed per user.,,يُسمح بـ {0} تقارير مرسلة بالبريد الإلكتروني فقط لكل مستخدم.,يُسمح بـ {0} تقارير مرسلة بالبريد الإلكتروني فقط لكل مستخدم.,quorum-confirmed (release payload row),YES (released to catalog),Candidate payload Arabic translation for Frappe framework UI
OpenID Configuration fetched successfully!,,تم جلب تكوين OpenID بنجاح!,تم جلب تكوين OpenID بنجاح!,quorum-confirmed (release payload row),YES (released to catalog),Candidate payload Arabic translation for Frappe framework UI
Operator {0} requires exactly 2 arguments (left and right operands),,يتطلب المعامل {0} معاملين بالضبط (المعامل الأيسر والمعامل الأيمن),يتطلب المعامل {0} معاملين بالضبط (المعامل الأيسر والمعامل الأيمن),quorum-confirmed (release payload row),YES (released to catalog),Candidate payload Arabic translation for Frappe framework UI
Options for Rating field can range from 3 to 10,,يمكن أن تتراوح خيارات حقل التقييم من 3 إلى 10,يمكن أن تتراوح خيارات حقل التقييم من 3 إلى 10,quorum-confirmed (release payload row),YES (released to catalog),Candidate payload Arabic translation for Frappe framework UI
Options is required for field {0} of type {1},,الخيارات مطلوبة للحقل {0} من النوع {1},الخيارات مطلوبة للحقل {0} من النوع {1},quorum-confirmed (release payload row),YES (released to catalog),Candidate payload Arabic translation for Frappe framework UI
"PDF printing via ""Raw Print"" is not supported.",,"طباعة PDF عبر ""الطباعة الأولية"" غير مدعومة.","طباعة PDF عبر ""الطباعة الأولية"" غير مدعومة.",quorum-confirmed (release payload row),YES (released to catalog),Candidate payload Arabic translation for Frappe framework UI
"Packages are lightweight apps (collection of Module Defs) that can be created, imported, or released right from the UI",,الحزم هي تطبيقات خفيفة الوزن (مجموعة من تعريفات الوحدات) يمكن إنشاؤها أو استيرادها أو إصدارها مباشرة من واجهة المستخدم,الحزم هي تطبيقات خفيفة الوزن (مجموعة من تعريفات الوحدات) يمكن إنشاؤها أو استيرادها أو إصدارها مباشرة من واجهة المستخدم,quorum-confirmed (release payload row),YES (released to catalog),Candidate payload Arabic translation for Frappe framework UI
Parent Document Type is required to create a number card,,نوع المستند الرئيسي مطلوب لإنشاء بطاقة أرقام,نوع المستند الرئيسي مطلوب لإنشاء بطاقة أرقام,quorum-confirmed (release payload row),YES (released to catalog),Candidate payload Arabic translation for Frappe framework UI
Parent document type is required to create a dashboard chart,,نوع المستند الرئيسي مطلوب لإنشاء مخطط لوحة معلومات,نوع المستند الرئيسي مطلوب لإنشاء مخطط لوحة معلومات,quorum-confirmed (release payload row),YES (released to catalog),Candidate payload Arabic translation for Frappe framework UI
Parent-to-child or child-to-different-child grouping is not allowed.,,لا يُسمح بالتجميع من السجل الرئيسي إلى سجل فرعي أو من سجل فرعي إلى سجل فرعي آخر.,لا يُسمح بالتجميع من السجل الرئيسي إلى سجل فرعي أو من سجل فرعي إلى سجل فرعي آخر.,"preserved-site-override (not imported, plan §12)",PRESERVED (site override untouched),Preserved verbatim from live v16.localhost tabTranslation (Plan §12)
"Parenttype, Parent and Parentfield are required to insert a child record",,نوع الأصل والأصل وحقل الأصل مطلوبة لإدراج سجل فرعي,نوع الأصل والأصل وحقل الأصل مطلوبة لإدراج سجل فرعي,quorum-confirmed (release payload row),YES (released to catalog),Candidate payload Arabic translation for Frappe framework UI
Password reset instructions have been sent to {}'s email,,تم إرسال تعليمات إعادة تعيين كلمة المرور إلى البريد الإلكتروني الخاص بـ {},تم إرسال تعليمات إعادة تعيين كلمة المرور إلى البريد الإلكتروني الخاص بـ {},quorum-confirmed (release payload row),YES (released to catalog),Candidate payload Arabic translation for Frappe framework UI
Password size exceeded the maximum allowed size,,تجاوز حجم كلمة المرور الحد الأقصى المسموح به,تجاوز حجم كلمة المرور الحد الأقصى المسموح به,quorum-confirmed (release payload row),YES (released to catalog),Candidate payload Arabic translation for Frappe framework UI
Password size exceeded the maximum allowed size.,,تجاوز حجم كلمة المرور الحد الأقصى المسموح به.,تجاوز حجم كلمة المرور الحد الأقصى المسموح به.,quorum-confirmed (release payload row),YES (released to catalog),Candidate payload Arabic translation for Frappe framework UI
Permission Type '{0}' is reserved. Please choose another name.,,نوع الإذن '{0}' محجوز. يرجى اختيار اسم آخر.,نوع الإذن '{0}' محجوز. يرجى اختيار اسم آخر.,quorum-confirmed (release payload row),YES (released to catalog),Candidate payload Arabic translation for Frappe framework UI
Permissions are automatically applied to Standard Reports and searches.,,يتم تطبيق الأذونات تلقائياً على التقارير وعمليات البحث القياسية.,يتم تطبيق الأذونات تلقائياً على التقارير وعمليات البحث القياسية.,quorum-confirmed (release payload row),YES (released to catalog),Candidate payload Arabic translation for Frappe framework UI
"Permissions at level 0 are Document Level permissions, i.e. they are primary for access to the document.",,الأذونات في المستوى 0 هي أذونات على مستوى المستند، أي أنها أساسية للوصول إلى المستند.,الأذونات في المستوى 0 هي أذونات على مستوى المستند، أي أنها أساسية للوصول إلى المستند.,quorum-confirmed (release payload row),YES (released to catalog),Candidate payload Arabic translation for Frappe framework UI
Permissions get applied on Users based on what Roles they are assigned.,,يتم تطبيق الأذونات على المستخدمين بناءً على الأدوار المعينة لهم.,يتم تطبيق الأذونات على المستخدمين بناءً على الأدوار المعينة لهم.,quorum-confirmed (release payload row),YES (released to catalog),Candidate payload Arabic translation for Frappe framework UI
Phone Number {0} set in field {1} is not valid.,,رقم الهاتف {0} المحدد في الحقل {1} غير صالح.,رقم الهاتف {0} المحدد في الحقل {1} غير صالح.,quorum-confirmed (release payload row),YES (released to catalog),Candidate payload Arabic translation for Frappe framework UI
Please Authorize OAuth for Email Account {0},,يرجى تفويض OAuth لحساب البريد الإلكتروني {0},يرجى تفويض OAuth لحساب البريد الإلكتروني {0},quorum-confirmed (release payload row),YES (released to catalog),Candidate payload Arabic translation for Frappe framework UI
Please Authorize OAuth for Email Account {},,يرجى تفويض OAuth لحساب البريد الإلكتروني {},يرجى تفويض OAuth لحساب البريد الإلكتروني {},quorum-confirmed (release payload row),YES (released to catalog),Candidate payload Arabic translation for Frappe framework UI
