source_text,translated_text,quorum_decision,disposition_rationale,decision_ref,proposal_sha256
 Summary,,DEFERRED-runtime-key-normalization,Defer this fragment: the vendor constructs `project_name + ' ' + 'Summary'`; the standalone fragment is not the runtime msgid.,stage6-W6-4 Projects + BOQ owner-approved 2026-09-24,a9b9abaf3111b5ca0310aa7c3291f4c45e7fc04807242894848c707542694e2c
% Amount Billed,نسبة المبلغ المفوتر,"preserved-site-override (not imported, plan §12)",Preserve the exact live v16.localhost Site Override; do not import or replace.,stage6-W6-4 Projects + BOQ owner-approved 2026-09-24,a9b9abaf3111b5ca0310aa7c3291f4c45e7fc04807242894848c707542694e2c
% Complete Method,طريقة نسبة الإنجاز,"preserved-site-override (not imported, plan §12)",Preserve the exact live v16.localhost Site Override; do not import or replace.,stage6-W6-4 Projects + BOQ owner-approved 2026-09-24,a9b9abaf3111b5ca0310aa7c3291f4c45e7fc04807242894848c707542694e2c
% Completed,نسبة الإنجاز,"preserved-site-override (not imported, plan §12)",Preserve the exact live v16.localhost Site Override; do not import or replace.,stage6-W6-4 Projects + BOQ owner-approved 2026-09-24,a9b9abaf3111b5ca0310aa7c3291f4c45e7fc04807242894848c707542694e2c
% Progress,نسبة التقدم,"preserved-site-override (not imported, plan §12)",Preserve the exact live v16.localhost Site Override; do not import or replace.,stage6-W6-4 Projects + BOQ owner-approved 2026-09-24,a9b9abaf3111b5ca0310aa7c3291f4c45e7fc04807242894848c707542694e2c
Average Completion,متوسط الإنجاز,"preserved-site-override (not imported, plan §12)",Preserve the exact live v16.localhost Site Override; do not import or replace.,stage6-W6-4 Projects + BOQ owner-approved 2026-09-24,a9b9abaf3111b5ca0310aa7c3291f4c45e7fc04807242894848c707542694e2c
Base Total Billable Amount,إجمالي المبلغ القابل للفوترة الأساسي,"preserved-site-override (not imported, plan §12)",Preserve the exact live v16.localhost Site Override; do not import or replace.,stage6-W6-4 Projects + BOQ owner-approved 2026-09-24,a9b9abaf3111b5ca0310aa7c3291f4c45e7fc04807242894848c707542694e2c
Base Total Billed Amount,إجمالي المبلغ المفوتر الأساسي,"preserved-site-override (not imported, plan §12)",Preserve the exact live v16.localhost Site Override; do not import or replace.,stage6-W6-4 Projects + BOQ owner-approved 2026-09-24,a9b9abaf3111b5ca0310aa7c3291f4c45e7fc04807242894848c707542694e2c
Base Total Costing Amount,إجمالي مبلغ التكلفة الأساسي,"preserved-site-override (not imported, plan §12)",Preserve the exact live v16.localhost Site Override; do not import or replace.,stage6-W6-4 Projects + BOQ owner-approved 2026-09-24,a9b9abaf3111b5ca0310aa7c3291f4c45e7fc04807242894848c707542694e2c
Begin On (Days),يبدأ بعد (أيام),"preserved-site-override (not imported, plan §12)",Preserve the exact live v16.localhost Site Override; do not import or replace.,stage6-W6-4 Projects + BOQ owner-approved 2026-09-24,a9b9abaf3111b5ca0310aa7c3291f4c45e7fc04807242894848c707542694e2c
Cannot complete task {0} as its dependant task {1} are not completed / cancelled.,لا يمكن إكمال المهمة {0} لأن المهمة التي تعتمد عليها ({1}) لم تكتمل أو تُلغَ.,quorum-confirmed-payload,AI draft; requires independent A1/A2/A3 quorum before release.,stage6-W6-4 Projects + BOQ owner-approved 2026-09-24,a9b9abaf3111b5ca0310aa7c3291f4c45e7fc04807242894848c707542694e2c
Cannot convert Task to non-group because the following child Tasks exist: {0}.,لا يمكن تحويل المهمة إلى مهمة غير تجميعية لوجود المهام الفرعية التالية: {0}.,quorum-confirmed-payload,AI draft; requires independent A1/A2/A3 quorum before release.,stage6-W6-4 Projects + BOQ owner-approved 2026-09-24,a9b9abaf3111b5ca0310aa7c3291f4c45e7fc04807242894848c707542694e2c
Circular Reference Error,خطأ مرجع دائري,"preserved-site-override (not imported, plan §12)",Preserve the exact live v16.localhost Site Override; do not import or replace.,stage6-W6-4 Projects + BOQ owner-approved 2026-09-24,a9b9abaf3111b5ca0310aa7c3291f4c45e7fc04807242894848c707542694e2c
Completed On,اكتمل في,"preserved-site-override (not imported, plan §12)",Preserve the exact live v16.localhost Site Override; do not import or replace.,stage6-W6-4 Projects + BOQ owner-approved 2026-09-24,a9b9abaf3111b5ca0310aa7c3291f4c45e7fc04807242894848c707542694e2c
Completed On cannot be greater than Today,لا يمكن أن يكون تاريخ الإكمال بعد اليوم,"preserved-site-override (not imported, plan §12)",Preserve the exact live v16.localhost Site Override; do not import or replace.,stage6-W6-4 Projects + BOQ owner-approved 2026-09-24,a9b9abaf3111b5ca0310aa7c3291f4c45e7fc04807242894848c707542694e2c
Completed Projects,المشاريع المكتملة,"preserved-site-override (not imported, plan §12)",Preserve the exact live v16.localhost Site Override; do not import or replace.,stage6-W6-4 Projects + BOQ owner-approved 2026-09-24,a9b9abaf3111b5ca0310aa7c3291f4c45e7fc04807242894848c707542694e2c
Completed Tasks,المهام المكتملة,"preserved-site-override (not imported, plan §12)",Preserve the exact live v16.localhost Site Override; do not import or replace.,stage6-W6-4 Projects + BOQ owner-approved 2026-09-24,a9b9abaf3111b5ca0310aa7c3291f4c45e7fc04807242894848c707542694e2c
Costing and Billing fields has been updated,تم تحديث حقول التكلفة والفوترة.,quorum-confirmed-payload,AI draft; requires independent A1/A2/A3 quorum before release.,stage6-W6-4 Projects + BOQ owner-approved 2026-09-24,a9b9abaf3111b5ca0310aa7c3291f4c45e7fc04807242894848c707542694e2c
Daily Time to send,وقت الإرسال اليومي,"preserved-site-override (not imported, plan §12)",Preserve the exact live v16.localhost Site Override; do not import or replace.,stage6-W6-4 Projects + BOQ owner-approved 2026-09-24,a9b9abaf3111b5ca0310aa7c3291f4c45e7fc04807242894848c707542694e2c
Delay (In Days),التأخير (بالأيام),"preserved-site-override (not imported, plan §12)",Preserve the exact live v16.localhost Site Override; do not import or replace.,stage6-W6-4 Projects + BOQ owner-approved 2026-09-24,a9b9abaf3111b5ca0310aa7c3291f4c45e7fc04807242894848c707542694e2c
Delayed Tasks Summary,ملخص المهام المتأخرة,"preserved-site-override (not imported, plan §12)",Preserve the exact live v16.localhost Site Override; do not import or replace.,stage6-W6-4 Projects + BOQ owner-approved 2026-09-24,a9b9abaf3111b5ca0310aa7c3291f4c45e7fc04807242894848c707542694e2c
Dependent Task {0} is not a Template Task,المهمة {0} التي تعتمد عليها المهمة الحالية ليست مهمة قالب.,quorum-confirmed-payload,AI draft; requires independent A1/A2/A3 quorum before release.,stage6-W6-4 Projects + BOQ owner-approved 2026-09-24,a9b9abaf3111b5ca0310aa7c3291f4c45e7fc04807242894848c707542694e2c
Duration (Days),المدة (بالأيام),"preserved-site-override (not imported, plan §12)",Preserve the exact live v16.localhost Site Override; do not import or replace.,stage6-W6-4 Projects + BOQ owner-approved 2026-09-24,a9b9abaf3111b5ca0310aa7c3291f4c45e7fc04807242894848c707542694e2c
Enabling the check box will fetch timesheet on select of a Project in Sales Invoice,عند تفعيل مربع الاختيار، سيتم جلب سجل الدوام عند تحديد مشروع في فاتورة المبيعات.,quorum-confirmed-payload,AI draft; requires independent A1/A2/A3 quorum before release.,stage6-W6-4 Projects + BOQ owner-approved 2026-09-24,a9b9abaf3111b5ca0310aa7c3291f4c45e7fc04807242894848c707542694e2c
Expected End Date should be less than or equal to parent task's Expected End Date {0}.,يجب ألا يتجاوز تاريخ الانتهاء المتوقع تاريخ الانتهاء المتوقع للمهمة الرئيسية {0}.,quorum-confirmed-payload,AI draft; requires independent A1/A2/A3 quorum before release.,stage6-W6-4 Projects + BOQ owner-approved 2026-09-24,a9b9abaf3111b5ca0310aa7c3291f4c45e7fc04807242894848c707542694e2c
Fetch Timesheet in Sales Invoice,جلب جدول الساعات في فاتورة المبيعات,"preserved-site-override (not imported, plan §12)",Preserve the exact live v16.localhost Site Override; do not import or replace.,stage6-W6-4 Projects + BOQ owner-approved 2026-09-24,a9b9abaf3111b5ca0310aa7c3291f4c45e7fc04807242894848c707542694e2c
"For project {0}, update your status",حدّث حالة المشروع {0}.,quorum-confirmed-payload,AI draft; requires independent A1/A2/A3 quorum before release.,stage6-W6-4 Projects + BOQ owner-approved 2026-09-24,a9b9abaf3111b5ca0310aa7c3291f4c45e7fc04807242894848c707542694e2c
Gross Margin %,نسبة هامش الربح,"preserved-site-override (not imported, plan §12)",Preserve the exact live v16.localhost Site Override; do not import or replace.,stage6-W6-4 Projects + BOQ owner-approved 2026-09-24,a9b9abaf3111b5ca0310aa7c3291f4c45e7fc04807242894848c707542694e2c
Hide timesheets,إخفاء جداول الساعات,"preserved-site-override (not imported, plan §12)",Preserve the exact live v16.localhost Site Override; do not import or replace.,stage6-W6-4 Projects + BOQ owner-approved 2026-09-24,a9b9abaf3111b5ca0310aa7c3291f4c45e7fc04807242894848c707542694e2c
Include Timesheets in Draft Status,تضمين جداول الساعات بحالة المسودة,"preserved-site-override (not imported, plan §12)",Preserve the exact live v16.localhost Site Override; do not import or replace.,stage6-W6-4 Projects + BOQ owner-approved 2026-09-24,a9b9abaf3111b5ca0310aa7c3291f4c45e7fc04807242894848c707542694e2c
Is Template,قالب,"preserved-site-override (not imported, plan §12)",Preserve the exact live v16.localhost Site Override; do not import or replace.,stage6-W6-4 Projects + BOQ owner-approved 2026-09-24,a9b9abaf3111b5ca0310aa7c3291f4c45e7fc04807242894848c707542694e2c
Learn Project Management,تعلّم إدارة المشاريع,quorum-confirmed-payload,AI draft; requires independent A1/A2/A3 quorum before release.,stage6-W6-4 Projects + BOQ owner-approved 2026-09-24,a9b9abaf3111b5ca0310aa7c3291f4c45e7fc04807242894848c707542694e2c
Non Completed Tasks,المهام غير المكتملة,"preserved-site-override (not imported, plan §12)",Preserve the exact live v16.localhost Site Override; do not import or replace.,stage6-W6-4 Projects + BOQ owner-approved 2026-09-24,a9b9abaf3111b5ca0310aa7c3291f4c45e7fc04807242894848c707542694e2c
On Track,على المسار,"preserved-site-override (not imported, plan §12)",Preserve the exact live v16.localhost Site Override; do not import or replace.,stage6-W6-4 Projects + BOQ owner-approved 2026-09-24,a9b9abaf3111b5ca0310aa7c3291f4c45e7fc04807242894848c707542694e2c
Overdue Tasks,مهام متأخرة,"preserved-site-override (not imported, plan §12)",Preserve the exact live v16.localhost Site Override; do not import or replace.,stage6-W6-4 Projects + BOQ owner-approved 2026-09-24,a9b9abaf3111b5ca0310aa7c3291f4c45e7fc04807242894848c707542694e2c
Parent Task {0} is not a Template Task,المهمة الرئيسية {0} ليست مهمة قالب.,quorum-confirmed-payload,AI draft; requires independent A1/A2/A3 quorum before release.,stage6-W6-4 Projects + BOQ owner-approved 2026-09-24,a9b9abaf3111b5ca0310aa7c3291f4c45e7fc04807242894848c707542694e2c
Parent Task {0} must be a Group Task,يجب أن تكون المهمة الرئيسية {0} مهمة تجميعية.,quorum-confirmed-payload,AI draft; requires independent A1/A2/A3 quorum before release.,stage6-W6-4 Projects + BOQ owner-approved 2026-09-24,a9b9abaf3111b5ca0310aa7c3291f4c45e7fc04807242894848c707542694e2c
Please set a default Holiday List for Company {0},يُرجى تعيين قائمة العطلات الافتراضية للشركة {0}.,quorum-confirmed-payload,AI draft; requires independent A1/A2/A3 quorum before release.,stage6-W6-4 Projects + BOQ owner-approved 2026-09-24,a9b9abaf3111b5ca0310aa7c3291f4c45e7fc04807242894848c707542694e2c
Progress % for a task cannot be more than 100.,,DEFERRED-format-ambiguity,Defer this row: the source's literal `% for` is ambiguous to the legacy printf-placeholder gate. Do not release it until its formatter/source contract is resolved separately.,stage6-W6-4 Projects + BOQ owner-approved 2026-09-24,a9b9abaf3111b5ca0310aa7c3291f4c45e7fc04807242894848c707542694e2c
Progress (%),التقدم (%),"preserved-site-override (not imported, plan §12)",Preserve the exact live v16.localhost Site Override; do not import or replace.,stage6-W6-4 Projects + BOQ owner-approved 2026-09-24,a9b9abaf3111b5ca0310aa7c3291f4c45e7fc04807242894848c707542694e2c
Resume Timer,استئناف المؤقت,"preserved-site-override (not imported, plan §12)",Preserve the exact live v16.localhost Site Override; do not import or replace.,stage6-W6-4 Projects + BOQ owner-approved 2026-09-24,a9b9abaf3111b5ca0310aa7c3291f4c45e7fc04807242894848c707542694e2c
Row {0}: Project must be same as the one set in the Timesheet: {1}.,الصف {0}: يجب أن يكون المشروع مطابقًا للمشروع المحدد في سجل الدوام: {1}.,quorum-confirmed-payload,AI draft; requires independent A1/A2/A3 quorum before release.,stage6-W6-4 Projects + BOQ owner-approved 2026-09-24,a9b9abaf3111b5ca0310aa7c3291f4c45e7fc04807242894848c707542694e2c
Row {0}: Task {1} does not belong to Project {2},الصف {0}: المهمة {1} لا تتبع المشروع {2}.,quorum-confirmed-payload,AI draft; requires independent A1/A2/A3 quorum before release.,stage6-W6-4 Projects + BOQ owner-approved 2026-09-24,a9b9abaf3111b5ca0310aa7c3291f4c45e7fc04807242894848c707542694e2c
Set Project Status,تعيين حالة المشروع,"preserved-site-override (not imported, plan §12)",Preserve the exact live v16.localhost Site Override; do not import or replace.,stage6-W6-4 Projects + BOQ owner-approved 2026-09-24,a9b9abaf3111b5ca0310aa7c3291f4c45e7fc04807242894848c707542694e2c
Start Timer,بدء المؤقت,"preserved-site-override (not imported, plan §12)",Preserve the exact live v16.localhost Site Override; do not import or replace.,stage6-W6-4 Projects + BOQ owner-approved 2026-09-24,a9b9abaf3111b5ca0310aa7c3291f4c45e7fc04807242894848c707542694e2c
Task Weight,وزن المهمة,"preserved-site-override (not imported, plan §12)",Preserve the exact live v16.localhost Site Override; do not import or replace.,stage6-W6-4 Projects + BOQ owner-approved 2026-09-24,a9b9abaf3111b5ca0310aa7c3291f4c45e7fc04807242894848c707542694e2c
Task {0} depends on Task {1}. Please add Task {1} to the Tasks list.,تعتمد المهمة {0} على المهمة {1}. يُرجى إضافة المهمة {1} إلى قائمة المهام.,quorum-confirmed-payload,AI draft; requires independent A1/A2/A3 quorum before release.,stage6-W6-4 Projects + BOQ owner-approved 2026-09-24,a9b9abaf3111b5ca0310aa7c3291f4c45e7fc04807242894848c707542694e2c
Template Task,مهمة قالب,"preserved-site-override (not imported, plan §12)",Preserve the exact live v16.localhost Site Override; do not import or replace.,stage6-W6-4 Projects + BOQ owner-approved 2026-09-24,a9b9abaf3111b5ca0310aa7c3291f4c45e7fc04807242894848c707542694e2c
Timesheet Billing Summary,ملخص فوترة جدول الساعات,"preserved-site-override (not imported, plan §12)",Preserve the exact live v16.localhost Site Override; do not import or replace.,stage6-W6-4 Projects + BOQ owner-approved 2026-09-24,a9b9abaf3111b5ca0310aa7c3291f4c45e7fc04807242894848c707542694e2c
To Time cannot be before from date,لا يمكن أن يكون وقت إلى قبل تاريخ من,"preserved-site-override (not imported, plan §12)",Preserve the exact live v16.localhost Site Override; do not import or replace.,stage6-W6-4 Projects + BOQ owner-approved 2026-09-24,a9b9abaf3111b5ca0310aa7c3291f4c45e7fc04807242894848c707542694e2c
Total Billed Hours,إجمالي الساعات المفوترة,"preserved-site-override (not imported, plan §12)",Preserve the exact live v16.localhost Site Override; do not import or replace.,stage6-W6-4 Projects + BOQ owner-approved 2026-09-24,a9b9abaf3111b5ca0310aa7c3291f4c45e7fc04807242894848c707542694e2c
Total hours: {0},إجمالي الساعات: {0},quorum-confirmed-payload,AI draft; requires independent A1/A2/A3 quorum before release.,stage6-W6-4 Projects + BOQ owner-approved 2026-09-24,a9b9abaf3111b5ca0310aa7c3291f4c45e7fc04807242894848c707542694e2c
Update Costing and Billing,تحديث التكلفة والفوترة,"preserved-site-override (not imported, plan §12)",Preserve the exact live v16.localhost Site Override; do not import or replace.,stage6-W6-4 Projects + BOQ owner-approved 2026-09-24,a9b9abaf3111b5ca0310aa7c3291f4c45e7fc04807242894848c707542694e2c
Updating Costing and Billing fields against this Project...,جار تحديث حقول التكلفة والفوترة لهذا المشروع...,"preserved-site-override (not imported, plan §12)",Preserve the exact live v16.localhost Site Override; do not import or replace.,stage6-W6-4 Projects + BOQ owner-approved 2026-09-24,a9b9abaf3111b5ca0310aa7c3291f4c45e7fc04807242894848c707542694e2c
Warning - Row {0}: Billing Hours are more than Actual Hours,تحذير - الصف {0}: ساعات الفوترة أكثر من الساعات الفعلية.,quorum-confirmed-payload,AI draft; requires independent A1/A2/A3 quorum before release.,stage6-W6-4 Projects + BOQ owner-approved 2026-09-24,a9b9abaf3111b5ca0310aa7c3291f4c45e7fc04807242894848c707542694e2c
Weekly Time to send,وقت الإرسال الأسبوعي,"preserved-site-override (not imported, plan §12)",Preserve the exact live v16.localhost Site Override; do not import or replace.,stage6-W6-4 Projects + BOQ owner-approved 2026-09-24,a9b9abaf3111b5ca0310aa7c3291f4c45e7fc04807242894848c707542694e2c
You have been invited to collaborate on the project {0}.,لقد دُعيت للمشاركة في المشروع {0}.,quorum-confirmed-payload,AI draft; requires independent A1/A2/A3 quorum before release.,stage6-W6-4 Projects + BOQ owner-approved 2026-09-24,a9b9abaf3111b5ca0310aa7c3291f4c45e7fc04807242894848c707542694e2c
hours,ساعات,quorum-confirmed-payload,AI draft; requires independent A1/A2/A3 quorum before release.,stage6-W6-4 Projects + BOQ owner-approved 2026-09-24,a9b9abaf3111b5ca0310aa7c3291f4c45e7fc04807242894848c707542694e2c
{0} hours,{0} ساعات,quorum-confirmed-payload,AI draft; requires independent A1/A2/A3 quorum before release.,stage6-W6-4 Projects + BOQ owner-approved 2026-09-24,a9b9abaf3111b5ca0310aa7c3291f4c45e7fc04807242894848c707542694e2c
{0}'s {1} cannot be after {2}'s Expected End Date.,لا يمكن أن يكون {1} الخاص بـ {0} بعد تاريخ الانتهاء المتوقع لـ {2}.,quorum-confirmed-payload,AI draft; requires independent A1/A2/A3 quorum before release.,stage6-W6-4 Projects + BOQ owner-approved 2026-09-24,a9b9abaf3111b5ca0310aa7c3291f4c45e7fc04807242894848c707542694e2c
% Produced,نسبة المنتج,"preserved-site-override (not imported, plan §12)",Preserve the exact live v16.localhost Site Override; do not import or replace.,stage6-W6-4 Projects + BOQ owner-approved 2026-09-24,a9b9abaf3111b5ca0310aa7c3291f4c45e7fc04807242894848c707542694e2c
% Raw Material Received,نسبة المواد الخام المستلمة,"preserved-site-override (not imported, plan §12)",Preserve the exact live v16.localhost Site Override; do not import or replace.,stage6-W6-4 Projects + BOQ owner-approved 2026-09-24,a9b9abaf3111b5ca0310aa7c3291f4c45e7fc04807242894848c707542694e2c
% Raw Material Returned,نسبة المواد الخام المرتجعة,"preserved-site-override (not imported, plan §12)",Preserve the exact live v16.localhost Site Override; do not import or replace.,stage6-W6-4 Projects + BOQ owner-approved 2026-09-24,a9b9abaf3111b5ca0310aa7c3291f4c45e7fc04807242894848c707542694e2c
Accounting Entry for Landed Cost Voucher for SCR {0},قيد محاسبي لسند تكاليف الوصول لإيصال استلام مقاولات باطن SCR {0}.,quorum-confirmed-payload,AI draft; requires independent A1/A2/A3 quorum before release.,stage6-W6-4 Projects + BOQ owner-approved 2026-09-24,a9b9abaf3111b5ca0310aa7c3291f4c45e7fc04807242894848c707542694e2c
Active Subcontracted Items,الأصناف المنفذة من الباطن النشطة,"preserved-site-override (not imported, plan §12)",Preserve the exact live v16.localhost Site Override; do not import or replace.,stage6-W6-4 Projects + BOQ owner-approved 2026-09-24,a9b9abaf3111b5ca0310aa7c3291f4c45e7fc04807242894848c707542694e2c
Add Serial / Batch Bundle,إضافة مجموعة تسلسل/دفعة,"preserved-site-override (not imported, plan §12)",Preserve the exact live v16.localhost Site Override; do not import or replace.,stage6-W6-4 Projects + BOQ owner-approved 2026-09-24,a9b9abaf3111b5ca0310aa7c3291f4c45e7fc04807242894848c707542694e2c
Additional {0} {1} of item {2} required as per BOM to complete this transaction,يلزم توفير كمية إضافية قدرها {0} {1} من الصنف {2} وفقًا لقائمة المواد لإكمال هذه المعاملة.,quorum-confirmed-payload,AI draft; requires independent A1/A2/A3 quorum before release.,stage6-W6-4 Projects + BOQ owner-approved 2026-09-24,a9b9abaf3111b5ca0310aa7c3291f4c45e7fc04807242894848c707542694e2c
Atleast one raw material for Finished Good Item {0} should be customer provided.,يجب أن تكون مادة خام واحدة على الأقل للصنف النهائي {0} مقدمة من العميل.,quorum-confirmed-payload,AI draft; requires independent A1/A2/A3 quorum before release.,stage6-W6-4 Projects + BOQ owner-approved 2026-09-24,a9b9abaf3111b5ca0310aa7c3291f4c45e7fc04807242894848c707542694e2c
Company Shipping Address,عنوان شحن الشركة,"preserved-site-override (not imported, plan §12)",Preserve the exact live v16.localhost Site Override; do not import or replace.,stage6-W6-4 Projects + BOQ owner-approved 2026-09-24,a9b9abaf3111b5ca0310aa7c3291f4c45e7fc04807242894848c707542694e2c
Creating Subcontracting Receipt ...,جارٍ إنشاء إيصال استلام مقاولات باطن ...,quorum-confirmed-payload,AI draft; requires independent A1/A2/A3 quorum before release.,stage6-W6-4 Projects + BOQ owner-approved 2026-09-24,a9b9abaf3111b5ca0310aa7c3291f4c45e7fc04807242894848c707542694e2c
Customer Currency,عملة العميل,"preserved-site-override (not imported, plan §12)",Preserve the exact live v16.localhost Site Override; do not import or replace.,stage6-W6-4 Projects + BOQ owner-approved 2026-09-24,a9b9abaf3111b5ca0310aa7c3291f4c45e7fc04807242894848c707542694e2c
Customer Warehouse,مستودع العميل,"preserved-site-override (not imported, plan §12)",Preserve the exact live v16.localhost Site Override; do not import or replace.,stage6-W6-4 Projects + BOQ owner-approved 2026-09-24,a9b9abaf3111b5ca0310aa7c3291f4c45e7fc04807242894848c707542694e2c
Customer Warehouse {0} does not belong to Customer {1}.,مستودع العميل {0} لا يتبع العميل {1}.,quorum-confirmed-payload,AI draft; requires independent A1/A2/A3 quorum before release.,stage6-W6-4 Projects + BOQ owner-approved 2026-09-24,a9b9abaf3111b5ca0310aa7c3291f4c45e7fc04807242894848c707542694e2c
Distribute Additional Costs Based On ,,DEFERRED-runtime-key-normalization,"Defer this edge-padded DocType label: the runtime importer strips source edge whitespace, so the exact scoped key cannot bind without normalization.",stage6-W6-4 Projects + BOQ owner-approved 2026-09-24,a9b9abaf3111b5ca0310aa7c3291f4c45e7fc04807242894848c707542694e2c
Finished Good BOM,قائمة مواد المنتج النهائي,"preserved-site-override (not imported, plan §12)",Preserve the exact live v16.localhost Site Override; do not import or replace.,stage6-W6-4 Projects + BOQ owner-approved 2026-09-24,a9b9abaf3111b5ca0310aa7c3291f4c45e7fc04807242894848c707542694e2c
Finished Good Item Quantity,كمية صنف المنتج النهائي,"preserved-site-override (not imported, plan §12)",Preserve the exact live v16.localhost Site Override; do not import or replace.,stage6-W6-4 Projects + BOQ owner-approved 2026-09-24,a9b9abaf3111b5ca0310aa7c3291f4c45e7fc04807242894848c707542694e2c
Finished Good UOM,وحدة قياس المنتج النهائي,"preserved-site-override (not imported, plan §12)",Preserve the exact live v16.localhost Site Override; do not import or replace.,stage6-W6-4 Projects + BOQ owner-approved 2026-09-24,a9b9abaf3111b5ca0310aa7c3291f4c45e7fc04807242894848c707542694e2c
Finished Good {0} does not have a default BOM.,لا توجد قائمة مواد افتراضية للصنف النهائي {0}.,quorum-confirmed-payload,AI draft; requires independent A1/A2/A3 quorum before release.,stage6-W6-4 Projects + BOQ owner-approved 2026-09-24,a9b9abaf3111b5ca0310aa7c3291f4c45e7fc04807242894848c707542694e2c
Finished Good {0} is disabled.,الصنف النهائي {0} معطّل.,quorum-confirmed-payload,AI draft; requires independent A1/A2/A3 quorum before release.,stage6-W6-4 Projects + BOQ owner-approved 2026-09-24,a9b9abaf3111b5ca0310aa7c3291f4c45e7fc04807242894848c707542694e2c
Finished Good {0} must be a stock item.,يجب أن يكون الصنف النهائي {0} صنفًا مخزنيًا.,quorum-confirmed-payload,AI draft; requires independent A1/A2/A3 quorum before release.,stage6-W6-4 Projects + BOQ owner-approved 2026-09-24,a9b9abaf3111b5ca0310aa7c3291f4c45e7fc04807242894848c707542694e2c
Finished Good {0} must be a sub-contracted item.,يجب أن يكون الصنف النهائي {0} بندًا منفذًا من الباطن.,quorum-confirmed-payload,AI draft; requires independent A1/A2/A3 quorum before release.,stage6-W6-4 Projects + BOQ owner-approved 2026-09-24,a9b9abaf3111b5ca0310aa7c3291f4c45e7fc04807242894848c707542694e2c
Finished Goods Return,مرتجع المنتجات النهائية,"preserved-site-override (not imported, plan §12)",Preserve the exact live v16.localhost Site Override; do not import or replace.,stage6-W6-4 Projects + BOQ owner-approved 2026-09-24,a9b9abaf3111b5ca0310aa7c3291f4c45e7fc04807242894848c707542694e2c
Get Scrap Items,جلب أصناف الهالك,"preserved-site-override (not imported, plan §12)",Preserve the exact live v16.localhost Site Override; do not import or replace.,stage6-W6-4 Projects + BOQ owner-approved 2026-09-24,a9b9abaf3111b5ca0310aa7c3291f4c45e7fc04807242894848c707542694e2c
Getting Scrap Items,جارٍ جلب أصناف الخردة.,quorum-confirmed-payload,AI draft; requires independent A1/A2/A3 quorum before release.,stage6-W6-4 Projects + BOQ owner-approved 2026-09-24,a9b9abaf3111b5ca0310aa7c3291f4c45e7fc04807242894848c707542694e2c
Job Worker,منفذ العمل,"preserved-site-override (not imported, plan §12)",Preserve the exact live v16.localhost Site Override; do not import or replace.,stage6-W6-4 Projects + BOQ owner-approved 2026-09-24,a9b9abaf3111b5ca0310aa7c3291f4c45e7fc04807242894848c707542694e2c
Job Worker Address,عنوان منفذ العمل,"preserved-site-override (not imported, plan §12)",Preserve the exact live v16.localhost Site Override; do not import or replace.,stage6-W6-4 Projects + BOQ owner-approved 2026-09-24,a9b9abaf3111b5ca0310aa7c3291f4c45e7fc04807242894848c707542694e2c
Job Worker Address Details,تفاصيل عنوان منفذ العمل,"preserved-site-override (not imported, plan §12)",Preserve the exact live v16.localhost Site Override; do not import or replace.,stage6-W6-4 Projects + BOQ owner-approved 2026-09-24,a9b9abaf3111b5ca0310aa7c3291f4c45e7fc04807242894848c707542694e2c
Job Worker Contact,جهة اتصال منفذ العمل,"preserved-site-override (not imported, plan §12)",Preserve the exact live v16.localhost Site Override; do not import or replace.,stage6-W6-4 Projects + BOQ owner-approved 2026-09-24,a9b9abaf3111b5ca0310aa7c3291f4c45e7fc04807242894848c707542694e2c
Job Worker Currency,عملة منفذ العمل,"preserved-site-override (not imported, plan §12)",Preserve the exact live v16.localhost Site Override; do not import or replace.,stage6-W6-4 Projects + BOQ owner-approved 2026-09-24,a9b9abaf3111b5ca0310aa7c3291f4c45e7fc04807242894848c707542694e2c
Job Worker Delivery Note,إذن تسليم منفذ العمل,"preserved-site-override (not imported, plan §12)",Preserve the exact live v16.localhost Site Override; do not import or replace.,stage6-W6-4 Projects + BOQ owner-approved 2026-09-24,a9b9abaf3111b5ca0310aa7c3291f4c45e7fc04807242894848c707542694e2c
Job Worker Name,اسم منفذ العمل,"preserved-site-override (not imported, plan §12)",Preserve the exact live v16.localhost Site Override; do not import or replace.,stage6-W6-4 Projects + BOQ owner-approved 2026-09-24,a9b9abaf3111b5ca0310aa7c3291f4c45e7fc04807242894848c707542694e2c
Job Worker Warehouse,مستودع منفذ العمل,"preserved-site-override (not imported, plan §12)",Preserve the exact live v16.localhost Site Override; do not import or replace.,stage6-W6-4 Projects + BOQ owner-approved 2026-09-24,a9b9abaf3111b5ca0310aa7c3291f4c45e7fc04807242894848c707542694e2c
Mapping Subcontracting Inward Order ...,جارٍ ربط أمر استلام مقاولات باطن ...,"preserved-site-override (not imported, plan §12)",Preserve the exact live v16.localhost Site Override; do not import or replace.,stage6-W6-4 Projects + BOQ owner-approved 2026-09-24,a9b9abaf3111b5ca0310aa7c3291f4c45e7fc04807242894848c707542694e2c
Mapping Subcontracting Order ...,جارٍ ربط أمر مقاولات باطن ...,"preserved-site-override (not imported, plan §12)",Preserve the exact live v16.localhost Site Override; do not import or replace.,stage6-W6-4 Projects + BOQ owner-approved 2026-09-24,a9b9abaf3111b5ca0310aa7c3291f4c45e7fc04807242894848c707542694e2c
Material from Customer,مواد من العميل,"preserved-site-override (not imported, plan §12)",Preserve the exact live v16.localhost Site Override; do not import or replace.,stage6-W6-4 Projects + BOQ owner-approved 2026-09-24,a9b9abaf3111b5ca0310aa7c3291f4c45e7fc04807242894848c707542694e2c
Ongoing,جار,"preserved-site-override (not imported, plan §12)",Preserve the exact live v16.localhost Site Override; do not import or replace.,stage6-W6-4 Projects + BOQ owner-approved 2026-09-24,a9b9abaf3111b5ca0310aa7c3291f4c45e7fc04807242894848c707542694e2c
Partial Material Transferred,مواد منقولة جزئيا,"preserved-site-override (not imported, plan §12)",Preserve the exact live v16.localhost Site Override; do not import or replace.,stage6-W6-4 Projects + BOQ owner-approved 2026-09-24,a9b9abaf3111b5ca0310aa7c3291f4c45e7fc04807242894848c707542694e2c
Please select Finished Good Item for Service Item {0},يُرجى تحديد الصنف النهائي للصنف الخدمي {0}.,quorum-confirmed-payload,AI draft; requires independent A1/A2/A3 quorum before release.,stage6-W6-4 Projects + BOQ owner-approved 2026-09-24,a9b9abaf3111b5ca0310aa7c3291f4c45e7fc04807242894848c707542694e2c
Please select a Subcontracting Purchase Order.,يُرجى تحديد أمر شراء مقاول باطن.,quorum-confirmed-payload,AI draft; requires independent A1/A2/A3 quorum before release.,stage6-W6-4 Projects + BOQ owner-approved 2026-09-24,a9b9abaf3111b5ca0310aa7c3291f4c45e7fc04807242894848c707542694e2c
Please select a valid Purchase Order that has Service Items.,يُرجى تحديد أمر شراء صالح يتضمن أصنافًا خدمية.,quorum-confirmed-payload,AI draft; requires independent A1/A2/A3 quorum before release.,stage6-W6-4 Projects + BOQ owner-approved 2026-09-24,a9b9abaf3111b5ca0310aa7c3291f4c45e7fc04807242894848c707542694e2c
Please select a valid Purchase Order that is configured for Subcontracting.,يُرجى تحديد أمر شراء صالح مُعدّ لمقاولات الباطن.,quorum-confirmed-payload,AI draft; requires independent A1/A2/A3 quorum before release.,stage6-W6-4 Projects + BOQ owner-approved 2026-09-24,a9b9abaf3111b5ca0310aa7c3291f4c45e7fc04807242894848c707542694e2c
Purchase Order Item reference is missing in Subcontracting Receipt {0},مرجع بند أمر الشراء غير موجود في إيصال استلام مقاولات باطن {0}.,quorum-confirmed-payload,AI draft; requires independent A1/A2/A3 quorum before release.,stage6-W6-4 Projects + BOQ owner-approved 2026-09-24,a9b9abaf3111b5ca0310aa7c3291f4c45e7fc04807242894848c707542694e2c
Purchase Receipt {0} created.,تم إنشاء سند استلام الشراء {0}.,quorum-confirmed-payload,AI draft; requires independent A1/A2/A3 quorum before release.,stage6-W6-4 Projects + BOQ owner-approved 2026-09-24,a9b9abaf3111b5ca0310aa7c3291f4c45e7fc04807242894848c707542694e2c
Raw Material Cost Per Qty,تكلفة المادة الخام لكل كمية,"preserved-site-override (not imported, plan §12)",Preserve the exact live v16.localhost Site Override; do not import or replace.,stage6-W6-4 Projects + BOQ owner-approved 2026-09-24,a9b9abaf3111b5ca0310aa7c3291f4c45e7fc04807242894848c707542694e2c
Raw Materials Actions,إجراءات المواد الخام,"preserved-site-override (not imported, plan §12)",Preserve the exact live v16.localhost Site Override; do not import or replace.,stage6-W6-4 Projects + BOQ owner-approved 2026-09-24,a9b9abaf3111b5ca0310aa7c3291f4c45e7fc04807242894848c707542694e2c
Raw Materials Required,المواد الخام المطلوبة,"preserved-site-override (not imported, plan §12)",Preserve the exact live v16.localhost Site Override; do not import or replace.,stage6-W6-4 Projects + BOQ owner-approved 2026-09-24,a9b9abaf3111b5ca0310aa7c3291f4c45e7fc04807242894848c707542694e2c
Raw Materials to Customer,مواد خام إلى العميل,"preserved-site-override (not imported, plan §12)",Preserve the exact live v16.localhost Site Override; do not import or replace.,stage6-W6-4 Projects + BOQ owner-approved 2026-09-24,a9b9abaf3111b5ca0310aa7c3291f4c45e7fc04807242894848c707542694e2c
Reset Raw Materials Table,إعادة تعيين جدول المواد الخام,"preserved-site-override (not imported, plan §12)",Preserve the exact live v16.localhost Site Override; do not import or replace.,stage6-W6-4 Projects + BOQ owner-approved 2026-09-24,a9b9abaf3111b5ca0310aa7c3291f4c45e7fc04807242894848c707542694e2c
Return Against Subcontracting Receipt,مرتجع مقابل إيصال مقاولات باطن,"preserved-site-override (not imported, plan §12)",Preserve the exact live v16.localhost Site Override; do not import or replace.,stage6-W6-4 Projects + BOQ owner-approved 2026-09-24,a9b9abaf3111b5ca0310aa7c3291f4c45e7fc04807242894848c707542694e2c
Row #{0}: Accepted Warehouse is mandatory for the accepted Item {1},الصف رقم {0}: مستودع الأصناف المقبولة إلزامي للصنف {1}.,quorum-confirmed-payload,AI draft; requires independent A1/A2/A3 quorum before release.,stage6-W6-4 Projects + BOQ owner-approved 2026-09-24,a9b9abaf3111b5ca0310aa7c3291f4c45e7fc04807242894848c707542694e2c
Row #{0}: Finished Good reference is mandatory for Scrap Item {1}.,الصف رقم {0}: مرجع الصنف النهائي إلزامي لصنف الخردة {1}.,quorum-confirmed-payload,AI draft; requires independent A1/A2/A3 quorum before release.,stage6-W6-4 Projects + BOQ owner-approved 2026-09-24,a9b9abaf3111b5ca0310aa7c3291f4c45e7fc04807242894848c707542694e2c
Row #{0}: Rejected Qty cannot be set for Scrap Item {1}.,الصف رقم {0}: لا يمكن تحديد كمية مرفوضة لصنف الخردة {1}.,quorum-confirmed-payload,AI draft; requires independent A1/A2/A3 quorum before release.,stage6-W6-4 Projects + BOQ owner-approved 2026-09-24,a9b9abaf3111b5ca0310aa7c3291f4c45e7fc04807242894848c707542694e2c
Row #{0}: Scrap Item Qty cannot be zero,الصف رقم {0}: لا يمكن أن تكون كمية صنف الخردة صفرًا.,quorum-confirmed-payload,AI draft; requires independent A1/A2/A3 quorum before release.,stage6-W6-4 Projects + BOQ owner-approved 2026-09-24,a9b9abaf3111b5ca0310aa7c3291f4c45e7fc04807242894848c707542694e2c
Row {0}: Accepted Qty and Rejected Qty can't be zero at the same time.,الصف {0}: لا يمكن أن تكون الكمية المقبولة والكمية المرفوضة صفرًا في الوقت نفسه.,quorum-confirmed-payload,AI draft; requires independent A1/A2/A3 quorum before release.,stage6-W6-4 Projects + BOQ owner-approved 2026-09-24,a9b9abaf3111b5ca0310aa7c3291f4c45e7fc04807242894848c707542694e2c
Scrap Cost Per Qty,تكلفة الهالك لكل كمية,"preserved-site-override (not imported, plan §12)",Preserve the exact live v16.localhost Site Override; do not import or replace.,stage6-W6-4 Projects + BOQ owner-approved 2026-09-24,a9b9abaf3111b5ca0310aa7c3291f4c45e7fc04807242894848c707542694e2c
Scrap Items Generated,أصناف الهالك المنشأة,"preserved-site-override (not imported, plan §12)",Preserve the exact live v16.localhost Site Override; do not import or replace.,stage6-W6-4 Projects + BOQ owner-approved 2026-09-24,a9b9abaf3111b5ca0310aa7c3291f4c45e7fc04807242894848c707542694e2c
Select Job Worker Address,تحديد عنوان منفذ العمل,"preserved-site-override (not imported, plan §12)",Preserve the exact live v16.localhost Site Override; do not import or replace.,stage6-W6-4 Projects + BOQ owner-approved 2026-09-24,a9b9abaf3111b5ca0310aa7c3291f4c45e7fc04807242894848c707542694e2c
Serial and Batch Details,تفاصيل التسلسل والدفعة,"preserved-site-override (not imported, plan §12)",Preserve the exact live v16.localhost Site Override; do not import or replace.,stage6-W6-4 Projects + BOQ owner-approved 2026-09-24,a9b9abaf3111b5ca0310aa7c3291f4c45e7fc04807242894848c707542694e2c
Service Cost Per Qty,تكلفة الخدمة لكل كمية,"preserved-site-override (not imported, plan §12)",Preserve the exact live v16.localhost Site Override; do not import or replace.,stage6-W6-4 Projects + BOQ owner-approved 2026-09-24,a9b9abaf3111b5ca0310aa7c3291f4c45e7fc04807242894848c707542694e2c
Service Item,عنصر الخدمة,"preserved-site-override (not imported, plan §12)",Preserve the exact live v16.localhost Site Override; do not import or replace.,stage6-W6-4 Projects + BOQ owner-approved 2026-09-24,a9b9abaf3111b5ca0310aa7c3291f4c45e7fc04807242894848c707542694e2c
Service Item Qty,كمية عنصر الخدمة,"preserved-site-override (not imported, plan §12)",Preserve the exact live v16.localhost Site Override; do not import or replace.,stage6-W6-4 Projects + BOQ owner-approved 2026-09-24,a9b9abaf3111b5ca0310aa7c3291f4c45e7fc04807242894848c707542694e2c
Service Item Qty / Finished Good Qty,كمية عنصر الخدمة / كمية المنتج النهائي,"preserved-site-override (not imported, plan §12)",Preserve the exact live v16.localhost Site Override; do not import or replace.,stage6-W6-4 Projects + BOQ owner-approved 2026-09-24,a9b9abaf3111b5ca0310aa7c3291f4c45e7fc04807242894848c707542694e2c
Service Item UOM,وحدة قياس عنصر الخدمة,"preserved-site-override (not imported, plan §12)",Preserve the exact live v16.localhost Site Override; do not import or replace.,stage6-W6-4 Projects + BOQ owner-approved 2026-09-24,a9b9abaf3111b5ca0310aa7c3291f4c45e7fc04807242894848c707542694e2c
Service Item {0} is disabled.,الصنف الخدمي {0} معطّل.,quorum-confirmed-payload,AI draft; requires independent A1/A2/A3 quorum before release.,stage6-W6-4 Projects + BOQ owner-approved 2026-09-24,a9b9abaf3111b5ca0310aa7c3291f4c45e7fc04807242894848c707542694e2c
Service Item {0} must be a non-stock item.,يجب أن يكون الصنف الخدمي {0} غير مخزني.,quorum-confirmed-payload,AI draft; requires independent A1/A2/A3 quorum before release.,stage6-W6-4 Projects + BOQ owner-approved 2026-09-24,a9b9abaf3111b5ca0310aa7c3291f4c45e7fc04807242894848c707542694e2c
Service Items,عناصر الخدمة,"preserved-site-override (not imported, plan §12)",Preserve the exact live v16.localhost Site Override; do not import or replace.,stage6-W6-4 Projects + BOQ owner-approved 2026-09-24,a9b9abaf3111b5ca0310aa7c3291f4c45e7fc04807242894848c707542694e2c
Set Delivery Warehouse,تعيين مستودع التسليم,"preserved-site-override (not imported, plan §12)",Preserve the exact live v16.localhost Site Override; do not import or replace.,stage6-W6-4 Projects + BOQ owner-approved 2026-09-24,a9b9abaf3111b5ca0310aa7c3291f4c45e7fc04807242894848c707542694e2c
Sets 'Accepted Warehouse' in each row of the Items table.,يحدد مستودع الأصناف المقبولة في كل صف من جدول الأصناف.,quorum-confirmed-payload,AI draft; requires independent A1/A2/A3 quorum before release.,stage6-W6-4 Projects + BOQ owner-approved 2026-09-24,a9b9abaf3111b5ca0310aa7c3291f4c45e7fc04807242894848c707542694e2c
Sets 'Rejected Warehouse' in each row of the Items table.,يحدد مستودع الأصناف المرفوضة في كل صف من جدول الأصناف.,quorum-confirmed-payload,AI draft; requires independent A1/A2/A3 quorum before release.,stage6-W6-4 Projects + BOQ owner-approved 2026-09-24,a9b9abaf3111b5ca0310aa7c3291f4c45e7fc04807242894848c707542694e2c
Sets 'Reserve Warehouse' in each row of the Supplied Items table.,يحدد مستودع الحجز في كل صف من جدول الأصناف الموردة.,quorum-confirmed-payload,AI draft; requires independent A1/A2/A3 quorum before release.,stage6-W6-4 Projects + BOQ owner-approved 2026-09-24,a9b9abaf3111b5ca0310aa7c3291f4c45e7fc04807242894848c707542694e2c
Stock Reservation Entries created,تم إنشاء قيود حجز المخزون.,quorum-confirmed-payload,AI draft; requires independent A1/A2/A3 quorum before release.,stage6-W6-4 Projects + BOQ owner-approved 2026-09-24,a9b9abaf3111b5ca0310aa7c3291f4c45e7fc04807242894848c707542694e2c
Subcontract Return,مرتجع مقاولات باطن,"preserved-site-override (not imported, plan §12)",Preserve the exact live v16.localhost Site Override; do not import or replace.,stage6-W6-4 Projects + BOQ owner-approved 2026-09-24,a9b9abaf3111b5ca0310aa7c3291f4c45e7fc04807242894848c707542694e2c
Subcontracting Conversion Factor,معامل تحويل مقاولات الباطن,"preserved-site-override (not imported, plan §12)",Preserve the exact live v16.localhost Site Override; do not import or replace.,stage6-W6-4 Projects + BOQ owner-approved 2026-09-24,a9b9abaf3111b5ca0310aa7c3291f4c45e7fc04807242894848c707542694e2c
Subcontracting Inward Order Count,عدد أوامر استلام مقاولات باطن,"preserved-site-override (not imported, plan §12)",Preserve the exact live v16.localhost Site Override; do not import or replace.,stage6-W6-4 Projects + BOQ owner-approved 2026-09-24,a9b9abaf3111b5ca0310aa7c3291f4c45e7fc04807242894848c707542694e2c
Subcontracting Inward Order Received Item,بند مستلم لأمر استلام مقاولات باطن,"preserved-site-override (not imported, plan §12)",Preserve the exact live v16.localhost Site Override; do not import or replace.,stage6-W6-4 Projects + BOQ owner-approved 2026-09-24,a9b9abaf3111b5ca0310aa7c3291f4c45e7fc04807242894848c707542694e2c
Subcontracting Inward Order Scrap Item,بند هالك لأمر استلام مقاولات باطن,"preserved-site-override (not imported, plan §12)",Preserve the exact live v16.localhost Site Override; do not import or replace.,stage6-W6-4 Projects + BOQ owner-approved 2026-09-24,a9b9abaf3111b5ca0310aa7c3291f4c45e7fc04807242894848c707542694e2c
Subcontracting Inward Order Service Item,بند خدمة لأمر استلام مقاولات باطن,"preserved-site-override (not imported, plan §12)",Preserve the exact live v16.localhost Site Override; do not import or replace.,stage6-W6-4 Projects + BOQ owner-approved 2026-09-24,a9b9abaf3111b5ca0310aa7c3291f4c45e7fc04807242894848c707542694e2c
Subcontracting Order Item,بند أمر مقاولات باطن,"preserved-site-override (not imported, plan §12)",Preserve the exact live v16.localhost Site Override; do not import or replace.,stage6-W6-4 Projects + BOQ owner-approved 2026-09-24,a9b9abaf3111b5ca0310aa7c3291f4c45e7fc04807242894848c707542694e2c
Subcontracting Order Service Item,بند خدمة أمر مقاولات باطن,"preserved-site-override (not imported, plan §12)",Preserve the exact live v16.localhost Site Override; do not import or replace.,stage6-W6-4 Projects + BOQ owner-approved 2026-09-24,a9b9abaf3111b5ca0310aa7c3291f4c45e7fc04807242894848c707542694e2c
Subcontracting Order Supplied Item,بند مورد لأمر مقاولات باطن,"preserved-site-override (not imported, plan §12)",Preserve the exact live v16.localhost Site Override; do not import or replace.,stage6-W6-4 Projects + BOQ owner-approved 2026-09-24,a9b9abaf3111b5ca0310aa7c3291f4c45e7fc04807242894848c707542694e2c
Subcontracting Outward Order,أمر إرسال مقاولات باطن,"preserved-site-override (not imported, plan §12)",Preserve the exact live v16.localhost Site Override; do not import or replace.,stage6-W6-4 Projects + BOQ owner-approved 2026-09-24,a9b9abaf3111b5ca0310aa7c3291f4c45e7fc04807242894848c707542694e2c
Subcontracting Outward Order Count,عدد أوامر إرسال مقاولات باطن,"preserved-site-override (not imported, plan §12)",Preserve the exact live v16.localhost Site Override; do not import or replace.,stage6-W6-4 Projects + BOQ owner-approved 2026-09-24,a9b9abaf3111b5ca0310aa7c3291f4c45e7fc04807242894848c707542694e2c
Subcontracting Purchase Order,أمر شراء مقاول باطن,"preserved-site-override (not imported, plan §12)",Preserve the exact live v16.localhost Site Override; do not import or replace.,stage6-W6-4 Projects + BOQ owner-approved 2026-09-24,a9b9abaf3111b5ca0310aa7c3291f4c45e7fc04807242894848c707542694e2c
Subcontracting Receipt Supplied Item,بند مورد لإيصال مقاولات باطن,"preserved-site-override (not imported, plan §12)",Preserve the exact live v16.localhost Site Override; do not import or replace.,stage6-W6-4 Projects + BOQ owner-approved 2026-09-24,a9b9abaf3111b5ca0310aa7c3291f4c45e7fc04807242894848c707542694e2c
Subcontracting Sales Order,أمر بيع مقاول باطن,"preserved-site-override (not imported, plan §12)",Preserve the exact live v16.localhost Site Override; do not import or replace.,stage6-W6-4 Projects + BOQ owner-approved 2026-09-24,a9b9abaf3111b5ca0310aa7c3291f4c45e7fc04807242894848c707542694e2c
There is already an active Subcontracting BOM {0} for the Finished Good {1}.,توجد بالفعل قائمة مواد مقاول الباطن {0} للصنف النهائي {1}.,quorum-confirmed-payload,AI draft; requires independent A1/A2/A3 quorum before release.,stage6-W6-4 Projects + BOQ owner-approved 2026-09-24,a9b9abaf3111b5ca0310aa7c3291f4c45e7fc04807242894848c707542694e2c
Warehouse Details,تفاصيل المستودع,"preserved-site-override (not imported, plan §12)",Preserve the exact live v16.localhost Site Override; do not import or replace.,stage6-W6-4 Projects + BOQ owner-approved 2026-09-24,a9b9abaf3111b5ca0310aa7c3291f4c45e7fc04807242894848c707542694e2c
