source_text,context,proposed_translation,disposition,review_comments
Additional Data,,بيانات إضافية,preserved-site-override,Preserved verbatim from live v16.localhost tabTranslation (Plan §12)
Applies To,,ينطبق على,preserved-site-override,Preserved verbatim from live v16.localhost tabTranslation (Plan §12)
Are you sure you want to delete {0}?<p>This action will also delete all associated Common Code documents.</p>,,هل أنت متأكد من رغبتك في حذف {0}؟<p>سيؤدي هذا الإجراء أيضًا إلى حذف جميع مستندات الكود المشترك المرتبطة.</p>,PROPOSED-payload,Candidate payload Arabic translation for ERPNext EDI module
Canonical URI,,المعرف الموحد القياسي (Canonical URI),PROPOSED-payload,Candidate payload Arabic translation for ERPNext EDI module
Code List,,قائمة الأكواد,preserved-site-override,Preserved verbatim from live v16.localhost tabTranslation (Plan §12)
Common Code,,الكود المشترك,preserved-site-override,Preserved verbatim from live v16.localhost tabTranslation (Plan §12)
Default Common Code,,الكود المشترك الافتراضي,preserved-site-override,Preserved verbatim from live v16.localhost tabTranslation (Plan §12)
Deleting {0} and all associated Common Code documents...,,جارٍ حذف {0} وجميع مستندات الكود المشترك المرتبطة...,PROPOSED-payload,Candidate payload Arabic translation for ERPNext EDI module
Fetching Error,,خطأ في الجلب,preserved-site-override,Preserved verbatim from live v16.localhost tabTranslation (Plan §12)
"If there is no title column, use the code column for the title.",,إذا لم يكن هناك عمود للعنوان، فاستخدم عمود الكود كعنوان.,PROPOSED-payload,Candidate payload Arabic translation for ERPNext EDI module
Import Genericode File,,استيراد ملف Genericode,preserved-site-override,Preserved verbatim from live v16.localhost tabTranslation (Plan §12)
Import completed. {0} common codes created.,,اكتمل الاستيراد. تم إنشاء {0} من الأكواد المشتركة.,PROPOSED-payload,Candidate payload Arabic translation for ERPNext EDI module
Importing Common Codes,,جار استيراد الأكواد المشتركة,preserved-site-override,Preserved verbatim from live v16.localhost tabTranslation (Plan §12)
Parsing Error,,خطأ في التحليل,PROPOSED-payload,Candidate payload Arabic translation for ERPNext EDI module
Publisher,,الناشر,PROPOSED-payload,Candidate payload Arabic translation for ERPNext EDI module
Publisher ID,,معرف الناشر,PROPOSED-payload,Candidate payload Arabic translation for ERPNext EDI module
Select Columns and Filters,,تحديد الأعمدة وعوامل التصفية,preserved-site-override,Preserved verbatim from live v16.localhost tabTranslation (Plan §12)
The uploaded file does not match the selected Code List.,,الملف المرفوع لا يتطابق مع قائمة الأكواد المحددة.,PROPOSED-payload,Candidate payload Arabic translation for ERPNext EDI module
This value shall be used when no matching Common Code for a record is found.,,ستُستخدم هذه القيمة عند عدم العثور على كود مشترك مطابق للسجل.,PROPOSED-payload,Candidate payload Arabic translation for ERPNext EDI module
You are importing data for the code list:,,أنت تستورد بيانات لقائمة الأكواد:,PROPOSED-payload,Candidate payload Arabic translation for ERPNext EDI module
as Code,,ككود,PROPOSED-payload,Candidate payload Arabic translation for ERPNext EDI module
as Description,,كوصف,PROPOSED-payload,Candidate payload Arabic translation for ERPNext EDI module
as Title,,كعنوان,PROPOSED-payload,Candidate payload Arabic translation for ERPNext EDI module
by {},,بواسطة {},PROPOSED-payload,Candidate payload Arabic translation for ERPNext EDI module
description,,الوصف,PROPOSED-payload,Candidate payload Arabic translation for ERPNext EDI module
{0} {1} is already linked to Common Code {2}.,,{0} {1} مرتبط بالفعل بالكود المشترك {2}.,PROPOSED-payload,Candidate payload Arabic translation for ERPNext EDI module
