source_text,translated_text,quorum_decision,disposition_rationale,decision_ref,scope_sha256,proposal_sha256
 Is Subcontracted,من الباطن,"preserved-site-override (not imported, plan §12)","PRESERVED-edge-whitespace exception: retain this exact source key and existing live v16.localhost Site Override verbatim; do not trim, normalize, import, or replace.",stage6-W6-6 Manufacturing Batch 02 owner-approved 2026-09-24,195c789945cf2b069a1620e855b22ad38aa9cb0adf03b9b2342166c47b6e88ff,fde2fa6722c8b69bb87cbdc2c9927cf1a545e0f78f4c3b71f292f567d6f544f5
 Skip Material Transfer,تخطي نقل المواد,"preserved-site-override (not imported, plan §12)","PRESERVED-edge-whitespace exception: retain this exact source key and existing live v16.localhost Site Override verbatim; do not trim, normalize, import, or replace.",stage6-W6-6 Manufacturing Batch 02 owner-approved 2026-09-24,195c789945cf2b069a1620e855b22ad38aa9cb0adf03b9b2342166c47b6e88ff,fde2fa6722c8b69bb87cbdc2c9927cf1a545e0f78f4c3b71f292f567d6f544f5
Operations Routing,مسار العمليات,"preserved-site-override (not imported, plan §12)",Preserve the exact live v16.localhost Site Override; do not import or replace.,stage6-W6-6 Manufacturing Batch 02 owner-approved 2026-09-24,195c789945cf2b069a1620e855b22ad38aa9cb0adf03b9b2342166c47b6e88ff,fde2fa6722c8b69bb87cbdc2c9927cf1a545e0f78f4c3b71f292f567d6f544f5
Order Date,تاريخ الأمر,"preserved-site-override (not imported, plan §12)",Preserve the exact live v16.localhost Site Override; do not import or replace.,stage6-W6-6 Manufacturing Batch 02 owner-approved 2026-09-24,195c789945cf2b069a1620e855b22ad38aa9cb0adf03b9b2342166c47b6e88ff,fde2fa6722c8b69bb87cbdc2c9927cf1a545e0f78f4c3b71f292f567d6f544f5
Order No,رقم الأمر,"preserved-site-override (not imported, plan §12)",Preserve the exact live v16.localhost Site Override; do not import or replace.,stage6-W6-6 Manufacturing Batch 02 owner-approved 2026-09-24,195c789945cf2b069a1620e855b22ad38aa9cb0adf03b9b2342166c47b6e88ff,fde2fa6722c8b69bb87cbdc2c9927cf1a545e0f78f4c3b71f292f567d6f544f5
Order Summary,ملخص الأمر,"preserved-site-override (not imported, plan §12)",Preserve the exact live v16.localhost Site Override; do not import or replace.,stage6-W6-6 Manufacturing Batch 02 owner-approved 2026-09-24,195c789945cf2b069a1620e855b22ad38aa9cb0adf03b9b2342166c47b6e88ff,fde2fa6722c8b69bb87cbdc2c9927cf1a545e0f78f4c3b71f292f567d6f544f5
"Ordered Qty: Quantity ordered for purchase, but not received.",الكمية المطلوبة: كمية تم طلب شرائها ولم تستلم بعد.,"preserved-site-override (not imported, plan §12)",Preserve the exact live v16.localhost Site Override; do not import or replace.,stage6-W6-6 Manufacturing Batch 02 owner-approved 2026-09-24,195c789945cf2b069a1620e855b22ad38aa9cb0adf03b9b2342166c47b6e88ff,fde2fa6722c8b69bb87cbdc2c9927cf1a545e0f78f4c3b71f292f567d6f544f5
Other Settings,إعدادات أخرى,"preserved-site-override (not imported, plan §12)",Preserve the exact live v16.localhost Site Override; do not import or replace.,stage6-W6-6 Manufacturing Batch 02 owner-approved 2026-09-24,195c789945cf2b069a1620e855b22ad38aa9cb0adf03b9b2342166c47b6e88ff,fde2fa6722c8b69bb87cbdc2c9927cf1a545e0f78f4c3b71f292f567d6f544f5
Parent Row No,رقم الصف الأب,"preserved-site-override (not imported, plan §12)",Preserve the exact live v16.localhost Site Override; do not import or replace.,stage6-W6-6 Manufacturing Batch 02 owner-approved 2026-09-24,195c789945cf2b069a1620e855b22ad38aa9cb0adf03b9b2342166c47b6e88ff,fde2fa6722c8b69bb87cbdc2c9927cf1a545e0f78f4c3b71f292f567d6f544f5
Parent Row No not found for {0},لم يتم العثور على رقم الصف الأب لـ {0},quorum-confirmed-payload,Independent A1/A2/A3 quorum PASS; released as v1.9 with exact content evidence.,stage6-W6-6 Manufacturing Batch 02 owner-approved 2026-09-24,195c789945cf2b069a1620e855b22ad38aa9cb0adf03b9b2342166c47b6e88ff,fde2fa6722c8b69bb87cbdc2c9927cf1a545e0f78f4c3b71f292f567d6f544f5
Party Item Code,كود صنف الجهة,"preserved-site-override (not imported, plan §12)",Preserve the exact live v16.localhost Site Override; do not import or replace.,stage6-W6-6 Manufacturing Batch 02 owner-approved 2026-09-24,195c789945cf2b069a1620e855b22ad38aa9cb0adf03b9b2342166c47b6e88ff,fde2fa6722c8b69bb87cbdc2c9927cf1a545e0f78f4c3b71f292f567d6f544f5
Pause Job,إيقاف العمل مؤقتا,"preserved-site-override (not imported, plan §12)",Preserve the exact live v16.localhost Site Override; do not import or replace.,stage6-W6-6 Manufacturing Batch 02 owner-approved 2026-09-24,195c789945cf2b069a1620e855b22ad38aa9cb0adf03b9b2342166c47b6e88ff,fde2fa6722c8b69bb87cbdc2c9927cf1a545e0f78f4c3b71f292f567d6f544f5
Phantom Item,صنف وهمي,"preserved-site-override (not imported, plan §12)",Preserve the exact live v16.localhost Site Override; do not import or replace.,stage6-W6-6 Manufacturing Batch 02 owner-approved 2026-09-24,195c789945cf2b069a1620e855b22ad38aa9cb0adf03b9b2342166c47b6e88ff,fde2fa6722c8b69bb87cbdc2c9927cf1a545e0f78f4c3b71f292f567d6f544f5
Planned Purchase Order,أمر شراء مخطط,"preserved-site-override (not imported, plan §12)",Preserve the exact live v16.localhost Site Override; do not import or replace.,stage6-W6-6 Manufacturing Batch 02 owner-approved 2026-09-24,195c789945cf2b069a1620e855b22ad38aa9cb0adf03b9b2342166c47b6e88ff,fde2fa6722c8b69bb87cbdc2c9927cf1a545e0f78f4c3b71f292f567d6f544f5
"Planned Qty: Quantity, for which, Work Order has been raised, but is pending to be manufactured.",الكمية المخططة: الكمية التي تم إصدار أمر عمل بها، ولكنها قيد الانتظار للتصنيع.,quorum-confirmed-payload,Independent A1/A2/A3 quorum PASS; released as v1.9 with exact content evidence.,stage6-W6-6 Manufacturing Batch 02 owner-approved 2026-09-24,195c789945cf2b069a1620e855b22ad38aa9cb0adf03b9b2342166c47b6e88ff,fde2fa6722c8b69bb87cbdc2c9927cf1a545e0f78f4c3b71f292f567d6f544f5
Planned Work Order,أمر عمل مخطط,"preserved-site-override (not imported, plan §12)",Preserve the exact live v16.localhost Site Override; do not import or replace.,stage6-W6-6 Manufacturing Batch 02 owner-approved 2026-09-24,195c789945cf2b069a1620e855b22ad38aa9cb0adf03b9b2342166c47b6e88ff,fde2fa6722c8b69bb87cbdc2c9927cf1a545e0f78f4c3b71f292f567d6f544f5
Plant Dashboard,لوحة المصنع,"preserved-site-override (not imported, plan §12)",Preserve the exact live v16.localhost Site Override; do not import or replace.,stage6-W6-6 Manufacturing Batch 02 owner-approved 2026-09-24,195c789945cf2b069a1620e855b22ad38aa9cb0adf03b9b2342166c47b6e88ff,fde2fa6722c8b69bb87cbdc2c9927cf1a545e0f78f4c3b71f292f567d6f544f5
Plant Floor,أرضية المصنع,"preserved-site-override (not imported, plan §12)",Preserve the exact live v16.localhost Site Override; do not import or replace.,stage6-W6-6 Manufacturing Batch 02 owner-approved 2026-09-24,195c789945cf2b069a1620e855b22ad38aa9cb0adf03b9b2342166c47b6e88ff,fde2fa6722c8b69bb87cbdc2c9927cf1a545e0f78f4c3b71f292f567d6f544f5
Please check either with operations or FG Based Operating Cost.,يرجى اختيار العمليات أو تكلفة التشغيل على أساس المنتج التام.,quorum-confirmed-payload,Independent A1/A2/A3 quorum PASS; released as v1.9 with exact content evidence.,stage6-W6-6 Manufacturing Batch 02 owner-approved 2026-09-24,195c789945cf2b069a1620e855b22ad38aa9cb0adf03b9b2342166c47b6e88ff,fde2fa6722c8b69bb87cbdc2c9927cf1a545e0f78f4c3b71f292f567d6f544f5
Please mention the Current and New BOM for replacement.,يرجى تحديد قائمة المواد الحالية والجديدة للاستبدال.,quorum-confirmed-payload,Independent A1/A2/A3 quorum PASS; released as v1.9 with exact content evidence.,stage6-W6-6 Manufacturing Batch 02 owner-approved 2026-09-24,195c789945cf2b069a1620e855b22ad38aa9cb0adf03b9b2342166c47b6e88ff,fde2fa6722c8b69bb87cbdc2c9927cf1a545e0f78f4c3b71f292f567d6f544f5
Please select a Work Order first.,يرجى تحديد أمر عمل أولاً.,quorum-confirmed-payload,Independent A1/A2/A3 quorum PASS; released as v1.9 with exact content evidence.,stage6-W6-6 Manufacturing Batch 02 owner-approved 2026-09-24,195c789945cf2b069a1620e855b22ad38aa9cb0adf03b9b2342166c47b6e88ff,fde2fa6722c8b69bb87cbdc2c9927cf1a545e0f78f4c3b71f292f567d6f544f5
Please select a row to create a Reposting Entry,يرجى تحديد صف لإنشاء قيد إعادة ترحيل,"preserved-site-override (not imported, plan §12)",Preserve the exact live v16.localhost Site Override; do not import or replace.,stage6-W6-6 Manufacturing Batch 02 owner-approved 2026-09-24,195c789945cf2b069a1620e855b22ad38aa9cb0adf03b9b2342166c47b6e88ff,fde2fa6722c8b69bb87cbdc2c9927cf1a545e0f78f4c3b71f292f567d6f544f5
Please select atleast one operation to create Job Card,يرجى تحديد عملية واحدة على الأقل لإنشاء بطاقة العمل,quorum-confirmed-payload,Independent A1/A2/A3 quorum PASS; released as v1.9 with exact content evidence.,stage6-W6-6 Manufacturing Batch 02 owner-approved 2026-09-24,195c789945cf2b069a1620e855b22ad38aa9cb0adf03b9b2342166c47b6e88ff,fde2fa6722c8b69bb87cbdc2c9927cf1a545e0f78f4c3b71f292f567d6f544f5
Please set Parent Row No for item {0},يرجى تعيين رقم الصف الأب للصنف {0},quorum-confirmed-payload,Independent A1/A2/A3 quorum PASS; released as v1.9 with exact content evidence.,stage6-W6-6 Manufacturing Batch 02 owner-approved 2026-09-24,195c789945cf2b069a1620e855b22ad38aa9cb0adf03b9b2342166c47b6e88ff,fde2fa6722c8b69bb87cbdc2c9927cf1a545e0f78f4c3b71f292f567d6f544f5
Please set actual demand or sales forecast to generate Material Requirements Planning Report.,يرجى تعيين الطلب الفعلي أو توقعات المبيعات لإنشاء تقرير تخطيط متطلبات المواد.,quorum-confirmed-payload,Independent A1/A2/A3 quorum PASS; released as v1.9 with exact content evidence.,stage6-W6-6 Manufacturing Batch 02 owner-approved 2026-09-24,195c789945cf2b069a1620e855b22ad38aa9cb0adf03b9b2342166c47b6e88ff,fde2fa6722c8b69bb87cbdc2c9927cf1a545e0f78f4c3b71f292f567d6f544f5
Please set the Target Warehouse in the Job Card,يرجى تعيين مستودع الهدف في بطاقة العمل,quorum-confirmed-payload,Independent A1/A2/A3 quorum PASS; released as v1.9 with exact content evidence.,stage6-W6-6 Manufacturing Batch 02 owner-approved 2026-09-24,195c789945cf2b069a1620e855b22ad38aa9cb0adf03b9b2342166c47b6e88ff,fde2fa6722c8b69bb87cbdc2c9927cf1a545e0f78f4c3b71f292f567d6f544f5
Please set the WIP Warehouse in the Job Card,يرجى تعيين مستودع التشغيل قيد التنفيذ (WIP) في بطاقة العمل,quorum-confirmed-payload,Independent A1/A2/A3 quorum PASS; released as v1.9 with exact content evidence.,stage6-W6-6 Manufacturing Batch 02 owner-approved 2026-09-24,195c789945cf2b069a1620e855b22ad38aa9cb0adf03b9b2342166c47b6e88ff,fde2fa6722c8b69bb87cbdc2c9927cf1a545e0f78f4c3b71f292f567d6f544f5
Please set {0} in BOM Creator {1},يرجى تعيين {0} في منشئ قائمة المواد {1},quorum-confirmed-payload,Independent A1/A2/A3 quorum PASS; released as v1.9 with exact content evidence.,stage6-W6-6 Manufacturing Batch 02 owner-approved 2026-09-24,195c789945cf2b069a1620e855b22ad38aa9cb0adf03b9b2342166c47b6e88ff,fde2fa6722c8b69bb87cbdc2c9927cf1a545e0f78f4c3b71f292f567d6f544f5
Please uncheck 'Show in Bucket View' to create Orders,"يرجى إلغاء تحديد ""إظهار العرض حسب الفترات الزمنية"" لإنشاء الأوامر",quorum-confirmed-payload,Independent A1/A2/A3 quorum PASS; released as v1.9 with exact content evidence.,stage6-W6-6 Manufacturing Batch 02 owner-approved 2026-09-24,195c789945cf2b069a1620e855b22ad38aa9cb0adf03b9b2342166c47b6e88ff,fde2fa6722c8b69bb87cbdc2c9927cf1a545e0f78f4c3b71f292f567d6f544f5
Preview Required Materials,معاينة المواد المطلوبة,"preserved-site-override (not imported, plan §12)",Preserve the exact live v16.localhost Site Override; do not import or replace.,stage6-W6-6 Manufacturing Batch 02 owner-approved 2026-09-24,195c789945cf2b069a1620e855b22ad38aa9cb0adf03b9b2342166c47b6e88ff,fde2fa6722c8b69bb87cbdc2c9927cf1a545e0f78f4c3b71f292f567d6f544f5
Process Loss,خسارة العملية,"preserved-site-override (not imported, plan §12)",Preserve the exact live v16.localhost Site Override; do not import or replace.,stage6-W6-6 Manufacturing Batch 02 owner-approved 2026-09-24,195c789945cf2b069a1620e855b22ad38aa9cb0adf03b9b2342166c47b6e88ff,fde2fa6722c8b69bb87cbdc2c9927cf1a545e0f78f4c3b71f292f567d6f544f5
Process Loss Percentage cannot be greater than 100,لا يمكن أن تكون نسبة الفاقد في العملية أكبر من 100,quorum-confirmed-payload,Independent A1/A2/A3 quorum PASS; released as v1.9 with exact content evidence.,stage6-W6-6 Manufacturing Batch 02 owner-approved 2026-09-24,195c789945cf2b069a1620e855b22ad38aa9cb0adf03b9b2342166c47b6e88ff,fde2fa6722c8b69bb87cbdc2c9927cf1a545e0f78f4c3b71f292f567d6f544f5
Process Loss Qty,كمية خسارة العملية,"preserved-site-override (not imported, plan §12)",Preserve the exact live v16.localhost Site Override; do not import or replace.,stage6-W6-6 Manufacturing Batch 02 owner-approved 2026-09-24,195c789945cf2b069a1620e855b22ad38aa9cb0adf03b9b2342166c47b6e88ff,fde2fa6722c8b69bb87cbdc2c9927cf1a545e0f78f4c3b71f292f567d6f544f5
Process Loss Quantity,كمية خسارة العملية,"preserved-site-override (not imported, plan §12)",Preserve the exact live v16.localhost Site Override; do not import or replace.,stage6-W6-6 Manufacturing Batch 02 owner-approved 2026-09-24,195c789945cf2b069a1620e855b22ad38aa9cb0adf03b9b2342166c47b6e88ff,fde2fa6722c8b69bb87cbdc2c9927cf1a545e0f78f4c3b71f292f567d6f544f5
Process Loss Report,تقرير خسارة العملية,"preserved-site-override (not imported, plan §12)",Preserve the exact live v16.localhost Site Override; do not import or replace.,stage6-W6-6 Manufacturing Batch 02 owner-approved 2026-09-24,195c789945cf2b069a1620e855b22ad38aa9cb0adf03b9b2342166c47b6e88ff,fde2fa6722c8b69bb87cbdc2c9927cf1a545e0f78f4c3b71f292f567d6f544f5
Process Loss Value,قيمة خسارة العملية,"preserved-site-override (not imported, plan §12)",Preserve the exact live v16.localhost Site Override; do not import or replace.,stage6-W6-6 Manufacturing Batch 02 owner-approved 2026-09-24,195c789945cf2b069a1620e855b22ad38aa9cb0adf03b9b2342166c47b6e88ff,fde2fa6722c8b69bb87cbdc2c9927cf1a545e0f78f4c3b71f292f567d6f544f5
Processed BOMs,قوائم مواد معالجة,"preserved-site-override (not imported, plan §12)",Preserve the exact live v16.localhost Site Override; do not import or replace.,stage6-W6-6 Manufacturing Batch 02 owner-approved 2026-09-24,195c789945cf2b069a1620e855b22ad38aa9cb0adf03b9b2342166c47b6e88ff,fde2fa6722c8b69bb87cbdc2c9927cf1a545e0f78f4c3b71f292f567d6f544f5
Produced / Received Qty,الكمية المنتجة/المستلمة,"preserved-site-override (not imported, plan §12)",Preserve the exact live v16.localhost Site Override; do not import or replace.,stage6-W6-6 Manufacturing Batch 02 owner-approved 2026-09-24,195c789945cf2b069a1620e855b22ad38aa9cb0adf03b9b2342166c47b6e88ff,fde2fa6722c8b69bb87cbdc2c9927cf1a545e0f78f4c3b71f292f567d6f544f5
Production Plan Already Submitted,تم تقديم خطة الإنتاج بالفعل,quorum-confirmed-payload,Independent A1/A2/A3 quorum PASS; released as v1.9 with exact content evidence.,stage6-W6-6 Manufacturing Batch 02 owner-approved 2026-09-24,195c789945cf2b069a1620e855b22ad38aa9cb0adf03b9b2342166c47b6e88ff,fde2fa6722c8b69bb87cbdc2c9927cf1a545e0f78f4c3b71f292f567d6f544f5
Production Plan Item Reference,مرجع عنصر خطة الإنتاج,"preserved-site-override (not imported, plan §12)",Preserve the exact live v16.localhost Site Override; do not import or replace.,stage6-W6-6 Manufacturing Batch 02 owner-approved 2026-09-24,195c789945cf2b069a1620e855b22ad38aa9cb0adf03b9b2342166c47b6e88ff,fde2fa6722c8b69bb87cbdc2c9927cf1a545e0f78f4c3b71f292f567d6f544f5
Production Plan Sub-assembly Item,عنصر تجميع فرعي لخطة الإنتاج,"preserved-site-override (not imported, plan §12)",Preserve the exact live v16.localhost Site Override; do not import or replace.,stage6-W6-6 Manufacturing Batch 02 owner-approved 2026-09-24,195c789945cf2b069a1620e855b22ad38aa9cb0adf03b9b2342166c47b6e88ff,fde2fa6722c8b69bb87cbdc2c9927cf1a545e0f78f4c3b71f292f567d6f544f5
Production Plan Summary,ملخص خطة الإنتاج,"preserved-site-override (not imported, plan §12)",Preserve the exact live v16.localhost Site Override; do not import or replace.,stage6-W6-6 Manufacturing Batch 02 owner-approved 2026-09-24,195c789945cf2b069a1620e855b22ad38aa9cb0adf03b9b2342166c47b6e88ff,fde2fa6722c8b69bb87cbdc2c9927cf1a545e0f78f4c3b71f292f567d6f544f5
Projected Quantity Formula,صيغة الكمية المتوقعة,"preserved-site-override (not imported, plan §12)",Preserve the exact live v16.localhost Site Override; do not import or replace.,stage6-W6-6 Manufacturing Batch 02 owner-approved 2026-09-24,195c789945cf2b069a1620e855b22ad38aa9cb0adf03b9b2342166c47b6e88ff,fde2fa6722c8b69bb87cbdc2c9927cf1a545e0f78f4c3b71f292f567d6f544f5
Purchase Order {0} created,تم إنشاء أمر الشراء {0},quorum-confirmed-payload,Independent A1/A2/A3 quorum PASS; released as v1.9 with exact content evidence.,stage6-W6-6 Manufacturing Batch 02 owner-approved 2026-09-24,195c789945cf2b069a1620e855b22ad38aa9cb0adf03b9b2342166c47b6e88ff,fde2fa6722c8b69bb87cbdc2c9927cf1a545e0f78f4c3b71f292f567d6f544f5
Qty In Stock,الكمية في المخزون,"preserved-site-override (not imported, plan §12)",Preserve the exact live v16.localhost Site Override; do not import or replace.,stage6-W6-6 Manufacturing Batch 02 owner-approved 2026-09-24,195c789945cf2b069a1620e855b22ad38aa9cb0adf03b9b2342166c47b6e88ff,fde2fa6722c8b69bb87cbdc2c9927cf1a545e0f78f4c3b71f292f567d6f544f5
Qty Per Unit,الكمية لكل وحدة,"preserved-site-override (not imported, plan §12)",Preserve the exact live v16.localhost Site Override; do not import or replace.,stage6-W6-6 Manufacturing Batch 02 owner-approved 2026-09-24,195c789945cf2b069a1620e855b22ad38aa9cb0adf03b9b2342166c47b6e88ff,fde2fa6722c8b69bb87cbdc2c9927cf1a545e0f78f4c3b71f292f567d6f544f5
"Qty To Manufacture ({0}) cannot be a fraction for the UOM {2}. To allow this, disable '{1}' in the UOM {2}.","لا يمكن أن تكون الكمية المراد تصنيعها ({0}) كسرًا لوحدة القياس {2}. للسماح بذلك، عطل ""{1}"" في وحدة القياس {2}.",quorum-confirmed-payload,Independent A1/A2/A3 quorum PASS; released as v1.9 with exact content evidence.,stage6-W6-6 Manufacturing Batch 02 owner-approved 2026-09-24,195c789945cf2b069a1620e855b22ad38aa9cb0adf03b9b2342166c47b6e88ff,fde2fa6722c8b69bb87cbdc2c9927cf1a545e0f78f4c3b71f292f567d6f544f5
Qty Wise Chart,رسم بياني حسب الكمية,"preserved-site-override (not imported, plan §12)",Preserve the exact live v16.localhost Site Override; do not import or replace.,stage6-W6-6 Manufacturing Batch 02 owner-approved 2026-09-24,195c789945cf2b069a1620e855b22ad38aa9cb0adf03b9b2342166c47b6e88ff,fde2fa6722c8b69bb87cbdc2c9927cf1a545e0f78f4c3b71f292f567d6f544f5
Qty to Build,الكمية المطلوب بناؤها,"preserved-site-override (not imported, plan §12)",Preserve the exact live v16.localhost Site Override; do not import or replace.,stage6-W6-6 Manufacturing Batch 02 owner-approved 2026-09-24,195c789945cf2b069a1620e855b22ad38aa9cb0adf03b9b2342166c47b6e88ff,fde2fa6722c8b69bb87cbdc2c9927cf1a545e0f78f4c3b71f292f567d6f544f5
Qty to Produce,الكمية المطلوب إنتاجها,"preserved-site-override (not imported, plan §12)",Preserve the exact live v16.localhost Site Override; do not import or replace.,stage6-W6-6 Manufacturing Batch 02 owner-approved 2026-09-24,195c789945cf2b069a1620e855b22ad38aa9cb0adf03b9b2342166c47b6e88ff,fde2fa6722c8b69bb87cbdc2c9927cf1a545e0f78f4c3b71f292f567d6f544f5
Quantity is required,الكمية مطلوبة,"preserved-site-override (not imported, plan §12)",Preserve the exact live v16.localhost Site Override; do not import or replace.,stage6-W6-6 Manufacturing Batch 02 owner-approved 2026-09-24,195c789945cf2b069a1620e855b22ad38aa9cb0adf03b9b2342166c47b6e88ff,fde2fa6722c8b69bb87cbdc2c9927cf1a545e0f78f4c3b71f292f567d6f544f5
Quantity to Produce should be greater than zero.,يجب أن تكون الكمية المراد إنتاجها أكبر من الصفر.,quorum-confirmed-payload,Independent A1/A2/A3 quorum PASS; released as v1.9 with exact content evidence.,stage6-W6-6 Manufacturing Batch 02 owner-approved 2026-09-24,195c789945cf2b069a1620e855b22ad38aa9cb0adf03b9b2342166c47b6e88ff,fde2fa6722c8b69bb87cbdc2c9927cf1a545e0f78f4c3b71f292f567d6f544f5
Raw Material Item,صنف مادة خام,"preserved-site-override (not imported, plan §12)",Preserve the exact live v16.localhost Site Override; do not import or replace.,stage6-W6-6 Manufacturing Batch 02 owner-approved 2026-09-24,195c789945cf2b069a1620e855b22ad38aa9cb0adf03b9b2342166c47b6e88ff,fde2fa6722c8b69bb87cbdc2c9927cf1a545e0f78f4c3b71f292f567d6f544f5
Raw Material Value,قيمة المادة الخام,"preserved-site-override (not imported, plan §12)",Preserve the exact live v16.localhost Site Override; do not import or replace.,stage6-W6-6 Manufacturing Batch 02 owner-approved 2026-09-24,195c789945cf2b069a1620e855b22ad38aa9cb0adf03b9b2342166c47b6e88ff,fde2fa6722c8b69bb87cbdc2c9927cf1a545e0f78f4c3b71f292f567d6f544f5
Remove Parent Row No in Items Table,إزالة رقم الصف الأب في جدول الأصناف,quorum-confirmed-payload,Independent A1/A2/A3 quorum PASS; released as v1.9 with exact content evidence.,stage6-W6-6 Manufacturing Batch 02 owner-approved 2026-09-24,195c789945cf2b069a1620e855b22ad38aa9cb0adf03b9b2342166c47b6e88ff,fde2fa6722c8b69bb87cbdc2c9927cf1a545e0f78f4c3b71f292f567d6f544f5
Rent,إيجار,"preserved-site-override (not imported, plan §12)",Preserve the exact live v16.localhost Site Override; do not import or replace.,stage6-W6-6 Manufacturing Batch 02 owner-approved 2026-09-24,195c789945cf2b069a1620e855b22ad38aa9cb0adf03b9b2342166c47b6e88ff,fde2fa6722c8b69bb87cbdc2c9927cf1a545e0f78f4c3b71f292f567d6f544f5
Reqd Qty (BOM),الكمية المطلوبة (قائمة المواد),"preserved-site-override (not imported, plan §12)",Preserve the exact live v16.localhost Site Override; do not import or replace.,stage6-W6-6 Manufacturing Batch 02 owner-approved 2026-09-24,195c789945cf2b069a1620e855b22ad38aa9cb0adf03b9b2342166c47b6e88ff,fde2fa6722c8b69bb87cbdc2c9927cf1a545e0f78f4c3b71f292f567d6f544f5
Reqired Qty,الكمية المطلوبة,quorum-confirmed-payload,Independent A1/A2/A3 quorum PASS; released as v1.9 with exact content evidence.,stage6-W6-6 Manufacturing Batch 02 owner-approved 2026-09-24,195c789945cf2b069a1620e855b22ad38aa9cb0adf03b9b2342166c47b6e88ff,fde2fa6722c8b69bb87cbdc2c9927cf1a545e0f78f4c3b71f292f567d6f544f5
"Requested Qty: Quantity requested for purchase, but not ordered.",الكمية المطلوبة: الكمية المطلوبة للشراء، ولكن لم يتم طلبها بعد.,quorum-confirmed-payload,Independent A1/A2/A3 quorum PASS; released as v1.9 with exact content evidence.,stage6-W6-6 Manufacturing Batch 02 owner-approved 2026-09-24,195c789945cf2b069a1620e855b22ad38aa9cb0adf03b9b2342166c47b6e88ff,fde2fa6722c8b69bb87cbdc2c9927cf1a545e0f78f4c3b71f292f567d6f544f5
Reservation,الحجز,quorum-confirmed-payload,Independent A1/A2/A3 quorum PASS; released as v1.9 with exact content evidence.,stage6-W6-6 Manufacturing Batch 02 owner-approved 2026-09-24,195c789945cf2b069a1620e855b22ad38aa9cb0adf03b9b2342166c47b6e88ff,fde2fa6722c8b69bb87cbdc2c9927cf1a545e0f78f4c3b71f292f567d6f544f5
Reserve,حجز,"preserved-site-override (not imported, plan §12)",Preserve the exact live v16.localhost Site Override; do not import or replace.,stage6-W6-6 Manufacturing Batch 02 owner-approved 2026-09-24,195c789945cf2b069a1620e855b22ad38aa9cb0adf03b9b2342166c47b6e88ff,fde2fa6722c8b69bb87cbdc2c9927cf1a545e0f78f4c3b71f292f567d6f544f5
Reserve Stock,حجز المخزون,"preserved-site-override (not imported, plan §12)",Preserve the exact live v16.localhost Site Override; do not import or replace.,stage6-W6-6 Manufacturing Batch 02 owner-approved 2026-09-24,195c789945cf2b069a1620e855b22ad38aa9cb0adf03b9b2342166c47b6e88ff,fde2fa6722c8b69bb87cbdc2c9927cf1a545e0f78f4c3b71f292f567d6f544f5
Reserve for Raw Materials,حجز للمواد الخام,"preserved-site-override (not imported, plan §12)",Preserve the exact live v16.localhost Site Override; do not import or replace.,stage6-W6-6 Manufacturing Batch 02 owner-approved 2026-09-24,195c789945cf2b069a1620e855b22ad38aa9cb0adf03b9b2342166c47b6e88ff,fde2fa6722c8b69bb87cbdc2c9927cf1a545e0f78f4c3b71f292f567d6f544f5
Reserve for Sub-assembly,حجز للتجميع الفرعي,"preserved-site-override (not imported, plan §12)",Preserve the exact live v16.localhost Site Override; do not import or replace.,stage6-W6-6 Manufacturing Batch 02 owner-approved 2026-09-24,195c789945cf2b069a1620e855b22ad38aa9cb0adf03b9b2342166c47b6e88ff,fde2fa6722c8b69bb87cbdc2c9927cf1a545e0f78f4c3b71f292f567d6f544f5
Reserved Qty for Production: Raw materials quantity to make manufacturing items.,الكمية المحجوزة للإنتاج: كمية المواد الخام لتصنيع أصناف الإنتاج.,quorum-confirmed-payload,Independent A1/A2/A3 quorum PASS; released as v1.9 with exact content evidence.,stage6-W6-6 Manufacturing Batch 02 owner-approved 2026-09-24,195c789945cf2b069a1620e855b22ad38aa9cb0adf03b9b2342166c47b6e88ff,fde2fa6722c8b69bb87cbdc2c9927cf1a545e0f78f4c3b71f292f567d6f544f5
Reserved Qty for Subcontract: Raw materials quantity to make subcontracted items.,الكمية المحجوزة للتصنيع لدى مقاول باطن: كمية المواد الخام اللازمة لتصنيع الأصناف لدى مقاول الباطن.,quorum-confirmed-payload,Independent A1/A2/A3 quorum PASS; released as v1.9 with exact content evidence.,stage6-W6-6 Manufacturing Batch 02 owner-approved 2026-09-24,195c789945cf2b069a1620e855b22ad38aa9cb0adf03b9b2342166c47b6e88ff,fde2fa6722c8b69bb87cbdc2c9927cf1a545e0f78f4c3b71f292f567d6f544f5
"Reserved Qty: Quantity ordered for sale, but not delivered.",الكمية المحجوزة للبيع: الكمية التي طلبها العميل ولم تُسلَّم بعد.,quorum-confirmed-payload,Independent A1/A2/A3 quorum PASS; released as v1.9 with exact content evidence.,stage6-W6-6 Manufacturing Batch 02 owner-approved 2026-09-24,195c789945cf2b069a1620e855b22ad38aa9cb0adf03b9b2342166c47b6e88ff,fde2fa6722c8b69bb87cbdc2c9927cf1a545e0f78f4c3b71f292f567d6f544f5
Reserved Stock,المخزون المحجوز,"preserved-site-override (not imported, plan §12)",Preserve the exact live v16.localhost Site Override; do not import or replace.,stage6-W6-6 Manufacturing Batch 02 owner-approved 2026-09-24,195c789945cf2b069a1620e855b22ad38aa9cb0adf03b9b2342166c47b6e88ff,fde2fa6722c8b69bb87cbdc2c9927cf1a545e0f78f4c3b71f292f567d6f544f5
Reserved Stock for Raw Materials,مخزون محجوز للمواد الخام,"preserved-site-override (not imported, plan §12)",Preserve the exact live v16.localhost Site Override; do not import or replace.,stage6-W6-6 Manufacturing Batch 02 owner-approved 2026-09-24,195c789945cf2b069a1620e855b22ad38aa9cb0adf03b9b2342166c47b6e88ff,fde2fa6722c8b69bb87cbdc2c9927cf1a545e0f78f4c3b71f292f567d6f544f5
Reserved Stock for Sub-assembly,مخزون محجوز للتجميع الفرعي,"preserved-site-override (not imported, plan §12)",Preserve the exact live v16.localhost Site Override; do not import or replace.,stage6-W6-6 Manufacturing Batch 02 owner-approved 2026-09-24,195c789945cf2b069a1620e855b22ad38aa9cb0adf03b9b2342166c47b6e88ff,fde2fa6722c8b69bb87cbdc2c9927cf1a545e0f78f4c3b71f292f567d6f544f5
Resume Job,استئناف العمل,"preserved-site-override (not imported, plan §12)",Preserve the exact live v16.localhost Site Override; do not import or replace.,stage6-W6-6 Manufacturing Batch 02 owner-approved 2026-09-24,195c789945cf2b069a1620e855b22ad38aa9cb0adf03b9b2342166c47b6e88ff,fde2fa6722c8b69bb87cbdc2c9927cf1a545e0f78f4c3b71f292f567d6f544f5
Return Components,إرجاع المكونات,"preserved-site-override (not imported, plan §12)",Preserve the exact live v16.localhost Site Override; do not import or replace.,stage6-W6-6 Manufacturing Batch 02 owner-approved 2026-09-24,195c789945cf2b069a1620e855b22ad38aa9cb0adf03b9b2342166c47b6e88ff,fde2fa6722c8b69bb87cbdc2c9927cf1a545e0f78f4c3b71f292f567d6f544f5
Returned Qty ,الكمية المرتجعة,"preserved-site-override (not imported, plan §12)","PRESERVED-edge-whitespace exception: retain this exact source key and existing live v16.localhost Site Override verbatim; do not trim, normalize, import, or replace.",stage6-W6-6 Manufacturing Batch 02 owner-approved 2026-09-24,195c789945cf2b069a1620e855b22ad38aa9cb0adf03b9b2342166c47b6e88ff,fde2fa6722c8b69bb87cbdc2c9927cf1a545e0f78f4c3b71f292f567d6f544f5
Row #1: Sequence ID must be 1 for Operation {0}.,الصف رقم 1: يجب أن يكون معرف التسلسل 1 للعملية {0}.,quorum-confirmed-payload,Independent A1/A2/A3 quorum PASS; released as v1.9 with exact content evidence.,stage6-W6-6 Manufacturing Batch 02 owner-approved 2026-09-24,195c789945cf2b069a1620e855b22ad38aa9cb0adf03b9b2342166c47b6e88ff,fde2fa6722c8b69bb87cbdc2c9927cf1a545e0f78f4c3b71f292f567d6f544f5
Row #{0}: Cannot transfer more than Required Qty {1} for Item {2} against Job Card {3},الصف رقم {0}: لا يمكن تحويل أكثر من الكمية المطلوبة {1} للصنف {2} مقابل بطاقة العمل {3},quorum-confirmed-payload,Independent A1/A2/A3 quorum PASS; released as v1.9 with exact content evidence.,stage6-W6-6 Manufacturing Batch 02 owner-approved 2026-09-24,195c789945cf2b069a1620e855b22ad38aa9cb0adf03b9b2342166c47b6e88ff,fde2fa6722c8b69bb87cbdc2c9927cf1a545e0f78f4c3b71f292f567d6f544f5
Row #{0}: Customer Provided Item {1} cannot be added multiple times.,الصف رقم {0}: الصنف المقدم من العميل {1} لا يمكن إضافته عدة مرات.,quorum-confirmed-payload,Independent A1/A2/A3 quorum PASS; released as v1.9 with exact content evidence.,stage6-W6-6 Manufacturing Batch 02 owner-approved 2026-09-24,195c789945cf2b069a1620e855b22ad38aa9cb0adf03b9b2342166c47b6e88ff,fde2fa6722c8b69bb87cbdc2c9927cf1a545e0f78f4c3b71f292f567d6f544f5
Row #{0}: From Time and To Time fields are required,الصف رقم {0}: حقلا وقت البدء ووقت الانتهاء مطلوبان,quorum-confirmed-payload,Independent A1/A2/A3 quorum PASS; released as v1.9 with exact content evidence.,stage6-W6-6 Manufacturing Batch 02 owner-approved 2026-09-24,195c789945cf2b069a1620e855b22ad38aa9cb0adf03b9b2342166c47b6e88ff,fde2fa6722c8b69bb87cbdc2c9927cf1a545e0f78f4c3b71f292f567d6f544f5
Row #{0}: Please select Item Code in Assembly Items,الصف رقم {0}: يرجى تحديد كود الصنف في أصناف التجميع,quorum-confirmed-payload,Independent A1/A2/A3 quorum PASS; released as v1.9 with exact content evidence.,stage6-W6-6 Manufacturing Batch 02 owner-approved 2026-09-24,195c789945cf2b069a1620e855b22ad38aa9cb0adf03b9b2342166c47b6e88ff,fde2fa6722c8b69bb87cbdc2c9927cf1a545e0f78f4c3b71f292f567d6f544f5
Row #{0}: Please select the BOM No in Assembly Items,الصف رقم {0}: يرجى تحديد رقم قائمة المواد في أصناف التجميع,quorum-confirmed-payload,Independent A1/A2/A3 quorum PASS; released as v1.9 with exact content evidence.,stage6-W6-6 Manufacturing Batch 02 owner-approved 2026-09-24,195c789945cf2b069a1620e855b22ad38aa9cb0adf03b9b2342166c47b6e88ff,fde2fa6722c8b69bb87cbdc2c9927cf1a545e0f78f4c3b71f292f567d6f544f5
Row #{0}: Please select the Sub Assembly Warehouse,الصف رقم {0}: يرجى تحديد مستودع التجميع الفرعي,quorum-confirmed-payload,Independent A1/A2/A3 quorum PASS; released as v1.9 with exact content evidence.,stage6-W6-6 Manufacturing Batch 02 owner-approved 2026-09-24,195c789945cf2b069a1620e855b22ad38aa9cb0adf03b9b2342166c47b6e88ff,fde2fa6722c8b69bb87cbdc2c9927cf1a545e0f78f4c3b71f292f567d6f544f5
Row #{0}: Sequence ID must be {1} or {2} for Operation {3}.,الصف رقم {0}: يجب أن يكون معرف التسلسل {1} أو {2} للعملية {3}.,quorum-confirmed-payload,Independent A1/A2/A3 quorum PASS; released as v1.9 with exact content evidence.,stage6-W6-6 Manufacturing Batch 02 owner-approved 2026-09-24,195c789945cf2b069a1620e855b22ad38aa9cb0adf03b9b2342166c47b6e88ff,fde2fa6722c8b69bb87cbdc2c9927cf1a545e0f78f4c3b71f292f567d6f544f5
"Row #{0}: Since 'Track Semi Finished Goods' is enabled, the BOM {1} cannot be used for Sub Assembly Items","الصف رقم {0}: نظرًا لتفعيل ""تتبع البضائع نصف المصنعة""، لا يمكن استخدام قائمة المواد {1} لأصناف التجميع الفرعي",quorum-confirmed-payload,Independent A1/A2/A3 quorum PASS; released as v1.9 with exact content evidence.,stage6-W6-6 Manufacturing Batch 02 owner-approved 2026-09-24,195c789945cf2b069a1620e855b22ad38aa9cb0adf03b9b2342166c47b6e88ff,fde2fa6722c8b69bb87cbdc2c9927cf1a545e0f78f4c3b71f292f567d6f544f5
Row #{0}: Source Warehouse {1} for item {2} cannot be a customer warehouse.,الصف رقم {0}: مستودع المصدر {1} للصنف {2} لا يمكن أن يكون مستودع عميل.,quorum-confirmed-payload,Independent A1/A2/A3 quorum PASS; released as v1.9 with exact content evidence.,stage6-W6-6 Manufacturing Batch 02 owner-approved 2026-09-24,195c789945cf2b069a1620e855b22ad38aa9cb0adf03b9b2342166c47b6e88ff,fde2fa6722c8b69bb87cbdc2c9927cf1a545e0f78f4c3b71f292f567d6f544f5
Row #{0}: Source Warehouse {1} for item {2} must be same as Source Warehouse {3} in the Work Order.,الصف رقم {0}: مستودع المصدر {1} للصنف {2} يجب أن يكون متطابقًا مع مستودع المصدر {3} في أمر العمل.,quorum-confirmed-payload,Independent A1/A2/A3 quorum PASS; released as v1.9 with exact content evidence.,stage6-W6-6 Manufacturing Batch 02 owner-approved 2026-09-24,195c789945cf2b069a1620e855b22ad38aa9cb0adf03b9b2342166c47b6e88ff,fde2fa6722c8b69bb87cbdc2c9927cf1a545e0f78f4c3b71f292f567d6f544f5
Row #{0}: Start Time and End Time are required,الصف رقم {0}: وقت البدء ووقت الانتهاء مطلوبان,quorum-confirmed-payload,Independent A1/A2/A3 quorum PASS; released as v1.9 with exact content evidence.,stage6-W6-6 Manufacturing Batch 02 owner-approved 2026-09-24,195c789945cf2b069a1620e855b22ad38aa9cb0adf03b9b2342166c47b6e88ff,fde2fa6722c8b69bb87cbdc2c9927cf1a545e0f78f4c3b71f292f567d6f544f5
Row #{0}: Start Time must be before End Time,الصف رقم {0}: يجب أن يكون وقت البدء قبل وقت الانتهاء,quorum-confirmed-payload,Independent A1/A2/A3 quorum PASS; released as v1.9 with exact content evidence.,stage6-W6-6 Manufacturing Batch 02 owner-approved 2026-09-24,195c789945cf2b069a1620e855b22ad38aa9cb0adf03b9b2342166c47b6e88ff,fde2fa6722c8b69bb87cbdc2c9927cf1a545e0f78f4c3b71f292f567d6f544f5
Row {0}: Quantity cannot be negative.,الصف {0}: لا يمكن أن تكون الكمية سالبة.,quorum-confirmed-payload,Independent A1/A2/A3 quorum PASS; released as v1.9 with exact content evidence.,stage6-W6-6 Manufacturing Batch 02 owner-approved 2026-09-24,195c789945cf2b069a1620e855b22ad38aa9cb0adf03b9b2342166c47b6e88ff,fde2fa6722c8b69bb87cbdc2c9927cf1a545e0f78f4c3b71f292f567d6f544f5
Row {0}: Workstation or Workstation Type is mandatory for an operation {1},الصف {0}: محطة العمل أو نوع محطة العمل إلزامي للعملية {1},quorum-confirmed-payload,Independent A1/A2/A3 quorum PASS; released as v1.9 with exact content evidence.,stage6-W6-6 Manufacturing Batch 02 owner-approved 2026-09-24,195c789945cf2b069a1620e855b22ad38aa9cb0adf03b9b2342166c47b6e88ff,fde2fa6722c8b69bb87cbdc2c9927cf1a545e0f78f4c3b71f292f567d6f544f5
Run parallel job cards in a workstation,تشغيل بطاقات عمل متوازية في محطة عمل,"preserved-site-override (not imported, plan §12)",Preserve the exact live v16.localhost Site Override; do not import or replace.,stage6-W6-6 Manufacturing Batch 02 owner-approved 2026-09-24,195c789945cf2b069a1620e855b22ad38aa9cb0adf03b9b2342166c47b6e88ff,fde2fa6722c8b69bb87cbdc2c9927cf1a545e0f78f4c3b71f292f567d6f544f5
Sales Forecast,توقع المبيعات,"preserved-site-override (not imported, plan §12)",Preserve the exact live v16.localhost Site Override; do not import or replace.,stage6-W6-6 Manufacturing Batch 02 owner-approved 2026-09-24,195c789945cf2b069a1620e855b22ad38aa9cb0adf03b9b2342166c47b6e88ff,fde2fa6722c8b69bb87cbdc2c9927cf1a545e0f78f4c3b71f292f567d6f544f5
Sales Forecast Item,عنصر توقع المبيعات,"preserved-site-override (not imported, plan §12)",Preserve the exact live v16.localhost Site Override; do not import or replace.,stage6-W6-6 Manufacturing Batch 02 owner-approved 2026-09-24,195c789945cf2b069a1620e855b22ad38aa9cb0adf03b9b2342166c47b6e88ff,fde2fa6722c8b69bb87cbdc2c9927cf1a545e0f78f4c3b71f292f567d6f544f5
Sales Order Reference,مرجع أمر البيع,"preserved-site-override (not imported, plan §12)",Preserve the exact live v16.localhost Site Override; do not import or replace.,stage6-W6-6 Manufacturing Batch 02 owner-approved 2026-09-24,195c789945cf2b069a1620e855b22ad38aa9cb0adf03b9b2342166c47b6e88ff,fde2fa6722c8b69bb87cbdc2c9927cf1a545e0f78f4c3b71f292f567d6f544f5
Sales Order Status,حالة أمر البيع,"preserved-site-override (not imported, plan §12)",Preserve the exact live v16.localhost Site Override; do not import or replace.,stage6-W6-6 Manufacturing Batch 02 owner-approved 2026-09-24,195c789945cf2b069a1620e855b22ad38aa9cb0adf03b9b2342166c47b6e88ff,fde2fa6722c8b69bb87cbdc2c9927cf1a545e0f78f4c3b71f292f567d6f544f5
Scan Job Card Qrcode,مسح رمز الاستجابة السريعة لبطاقة العمل,quorum-confirmed-payload,Independent A1/A2/A3 quorum PASS; released as v1.9 with exact content evidence.,stage6-W6-6 Manufacturing Batch 02 owner-approved 2026-09-24,195c789945cf2b069a1620e855b22ad38aa9cb0adf03b9b2342166c47b6e88ff,fde2fa6722c8b69bb87cbdc2c9927cf1a545e0f78f4c3b71f292f567d6f544f5
Scheduled Time Logs,سجلات الوقت المجدولة,"preserved-site-override (not imported, plan §12)",Preserve the exact live v16.localhost Site Override; do not import or replace.,stage6-W6-6 Manufacturing Batch 02 owner-approved 2026-09-24,195c789945cf2b069a1620e855b22ad38aa9cb0adf03b9b2342166c47b6e88ff,fde2fa6722c8b69bb87cbdc2c9927cf1a545e0f78f4c3b71f292f567d6f544f5
Scrap & Process Loss,الهالك وخسارة العملية,"preserved-site-override (not imported, plan §12)",Preserve the exact live v16.localhost Site Override; do not import or replace.,stage6-W6-6 Manufacturing Batch 02 owner-approved 2026-09-24,195c789945cf2b069a1620e855b22ad38aa9cb0adf03b9b2342166c47b6e88ff,fde2fa6722c8b69bb87cbdc2c9927cf1a545e0f78f4c3b71f292f567d6f544f5
Scrap Item Code,كود صنف الهالك,"preserved-site-override (not imported, plan §12)",Preserve the exact live v16.localhost Site Override; do not import or replace.,stage6-W6-6 Manufacturing Batch 02 owner-approved 2026-09-24,195c789945cf2b069a1620e855b22ad38aa9cb0adf03b9b2342166c47b6e88ff,fde2fa6722c8b69bb87cbdc2c9927cf1a545e0f78f4c3b71f292f567d6f544f5
Scrap Item Name,اسم صنف الهالك,"preserved-site-override (not imported, plan §12)",Preserve the exact live v16.localhost Site Override; do not import or replace.,stage6-W6-6 Manufacturing Batch 02 owner-approved 2026-09-24,195c789945cf2b069a1620e855b22ad38aa9cb0adf03b9b2342166c47b6e88ff,fde2fa6722c8b69bb87cbdc2c9927cf1a545e0f78f4c3b71f292f567d6f544f5
Select Corrective Operation,تحديد عملية تصحيحية,"preserved-site-override (not imported, plan §12)",Preserve the exact live v16.localhost Site Override; do not import or replace.,stage6-W6-6 Manufacturing Batch 02 owner-approved 2026-09-24,195c789945cf2b069a1620e855b22ad38aa9cb0adf03b9b2342166c47b6e88ff,fde2fa6722c8b69bb87cbdc2c9927cf1a545e0f78f4c3b71f292f567d6f544f5
Select Warehouses to get Stock for Materials Planning,تحديد المستودعات لجلب المخزون لتخطيط المواد,"preserved-site-override (not imported, plan §12)",Preserve the exact live v16.localhost Site Override; do not import or replace.,stage6-W6-6 Manufacturing Batch 02 owner-approved 2026-09-24,195c789945cf2b069a1620e855b22ad38aa9cb0adf03b9b2342166c47b6e88ff,fde2fa6722c8b69bb87cbdc2c9927cf1a545e0f78f4c3b71f292f567d6f544f5
Select the Default Workstation where the Operation will be performed. This will be fetched in BOMs and Work Orders.,حدد محطة العمل الافتراضية التي سيتم تنفيذ العملية فيها. سيتم جلب هذا في قوائم المواد وأوامر العمل.,quorum-confirmed-payload,Independent A1/A2/A3 quorum PASS; released as v1.9 with exact content evidence.,stage6-W6-6 Manufacturing Batch 02 owner-approved 2026-09-24,195c789945cf2b069a1620e855b22ad38aa9cb0adf03b9b2342166c47b6e88ff,fde2fa6722c8b69bb87cbdc2c9927cf1a545e0f78f4c3b71f292f567d6f544f5
Select the Item to be manufactured.,حدد الصنف المراد تصنيعه.,quorum-confirmed-payload,Independent A1/A2/A3 quorum PASS; released as v1.9 with exact content evidence.,stage6-W6-6 Manufacturing Batch 02 owner-approved 2026-09-24,195c789945cf2b069a1620e855b22ad38aa9cb0adf03b9b2342166c47b6e88ff,fde2fa6722c8b69bb87cbdc2c9927cf1a545e0f78f4c3b71f292f567d6f544f5
"Select the Item to be manufactured. The Item name, UoM, Company, and Currency will be fetched automatically.",حدد الصنف المراد تصنيعه. سيتم جلب اسم الصنف ووحدة القياس والشركة والعملة تلقائيًا.,quorum-confirmed-payload,Independent A1/A2/A3 quorum PASS; released as v1.9 with exact content evidence.,stage6-W6-6 Manufacturing Batch 02 owner-approved 2026-09-24,195c789945cf2b069a1620e855b22ad38aa9cb0adf03b9b2342166c47b6e88ff,fde2fa6722c8b69bb87cbdc2c9927cf1a545e0f78f4c3b71f292f567d6f544f5
Select the Warehouse,حدد المستودع,quorum-confirmed-payload,Independent A1/A2/A3 quorum PASS; released as v1.9 with exact content evidence.,stage6-W6-6 Manufacturing Batch 02 owner-approved 2026-09-24,195c789945cf2b069a1620e855b22ad38aa9cb0adf03b9b2342166c47b6e88ff,fde2fa6722c8b69bb87cbdc2c9927cf1a545e0f78f4c3b71f292f567d6f544f5
Select the raw materials (Items) required to manufacture the Item,حدد المواد الخام (الأصناف) المطلوبة لتصنيع الصنف,quorum-confirmed-payload,Independent A1/A2/A3 quorum PASS; released as v1.9 with exact content evidence.,stage6-W6-6 Manufacturing Batch 02 owner-approved 2026-09-24,195c789945cf2b069a1620e855b22ad38aa9cb0adf03b9b2342166c47b6e88ff,fde2fa6722c8b69bb87cbdc2c9927cf1a545e0f78f4c3b71f292f567d6f544f5
Semi Finished Good / Finished Good,منتج نصف نهائي/منتج نهائي,"preserved-site-override (not imported, plan §12)",Preserve the exact live v16.localhost Site Override; do not import or replace.,stage6-W6-6 Manufacturing Batch 02 owner-approved 2026-09-24,195c789945cf2b069a1620e855b22ad38aa9cb0adf03b9b2342166c47b6e88ff,fde2fa6722c8b69bb87cbdc2c9927cf1a545e0f78f4c3b71f292f567d6f544f5
Semi Finished Goods / Finished Goods,منتجات نصف نهائية/منتجات نهائية,"preserved-site-override (not imported, plan §12)",Preserve the exact live v16.localhost Site Override; do not import or replace.,stage6-W6-6 Manufacturing Batch 02 owner-approved 2026-09-24,195c789945cf2b069a1620e855b22ad38aa9cb0adf03b9b2342166c47b6e88ff,fde2fa6722c8b69bb87cbdc2c9927cf1a545e0f78f4c3b71f292f567d6f544f5
Set Finished Good Quantity,تعيين كمية المنتج النهائي,"preserved-site-override (not imported, plan §12)",Preserve the exact live v16.localhost Site Override; do not import or replace.,stage6-W6-6 Manufacturing Batch 02 owner-approved 2026-09-24,195c789945cf2b069a1620e855b22ad38aa9cb0adf03b9b2342166c47b6e88ff,fde2fa6722c8b69bb87cbdc2c9927cf1a545e0f78f4c3b71f292f567d6f544f5
Set Operating Cost / Scrap Items From Sub-assemblies,تعيين تكلفة التشغيل / أصناف الخردة من التجميعات الفرعية,quorum-confirmed-payload,Independent A1/A2/A3 quorum PASS; released as v1.9 with exact content evidence.,stage6-W6-6 Manufacturing Batch 02 owner-approved 2026-09-24,195c789945cf2b069a1620e855b22ad38aa9cb0adf03b9b2342166c47b6e88ff,fde2fa6722c8b69bb87cbdc2c9927cf1a545e0f78f4c3b71f292f567d6f544f5
Set Operating Cost Based On BOM Quantity,تعيين تكلفة التشغيل بناء على كمية قائمة المواد,"preserved-site-override (not imported, plan §12)",Preserve the exact live v16.localhost Site Override; do not import or replace.,stage6-W6-6 Manufacturing Batch 02 owner-approved 2026-09-24,195c789945cf2b069a1620e855b22ad38aa9cb0adf03b9b2342166c47b6e88ff,fde2fa6722c8b69bb87cbdc2c9927cf1a545e0f78f4c3b71f292f567d6f544f5
Set Parent Row No in Items Table,تعيين رقم الصف الأب في جدول الأصناف,"preserved-site-override (not imported, plan §12)",Preserve the exact live v16.localhost Site Override; do not import or replace.,stage6-W6-6 Manufacturing Batch 02 owner-approved 2026-09-24,195c789945cf2b069a1620e855b22ad38aa9cb0adf03b9b2342166c47b6e88ff,fde2fa6722c8b69bb87cbdc2c9927cf1a545e0f78f4c3b71f292f567d6f544f5
Set Process Loss Item Quantity,تعيين كمية صنف خسارة العملية,"preserved-site-override (not imported, plan §12)",Preserve the exact live v16.localhost Site Override; do not import or replace.,stage6-W6-6 Manufacturing Batch 02 owner-approved 2026-09-24,195c789945cf2b069a1620e855b22ad38aa9cb0adf03b9b2342166c47b6e88ff,fde2fa6722c8b69bb87cbdc2c9927cf1a545e0f78f4c3b71f292f567d6f544f5
Set Valuation Rate Based on Source Warehouse,تعيين سعر التقييم بناء على مستودع المصدر,"preserved-site-override (not imported, plan §12)",Preserve the exact live v16.localhost Site Override; do not import or replace.,stage6-W6-6 Manufacturing Batch 02 owner-approved 2026-09-24,195c789945cf2b069a1620e855b22ad38aa9cb0adf03b9b2342166c47b6e88ff,fde2fa6722c8b69bb87cbdc2c9927cf1a545e0f78f4c3b71f292f567d6f544f5
Set quantity of process loss item:,تعيين كمية صنف الفاقد في العملية:,quorum-confirmed-payload,Independent A1/A2/A3 quorum PASS; released as v1.9 with exact content evidence.,stage6-W6-6 Manufacturing Batch 02 owner-approved 2026-09-24,195c789945cf2b069a1620e855b22ad38aa9cb0adf03b9b2342166c47b6e88ff,fde2fa6722c8b69bb87cbdc2c9927cf1a545e0f78f4c3b71f292f567d6f544f5
Set the Planned Start Date (an Estimated Date at which you want the Production to begin),تعيين تاريخ البدء المخطط (تاريخ تقديري ترغب في بدء الإنتاج فيه),quorum-confirmed-payload,Independent A1/A2/A3 quorum PASS; released as v1.9 with exact content evidence.,stage6-W6-6 Manufacturing Batch 02 owner-approved 2026-09-24,195c789945cf2b069a1620e855b22ad38aa9cb0adf03b9b2342166c47b6e88ff,fde2fa6722c8b69bb87cbdc2c9927cf1a545e0f78f4c3b71f292f567d6f544f5
Setting {0} is required,الإعداد {0} مطلوب,quorum-confirmed-payload,Independent A1/A2/A3 quorum PASS; released as v1.9 with exact content evidence.,stage6-W6-6 Manufacturing Batch 02 owner-approved 2026-09-24,195c789945cf2b069a1620e855b22ad38aa9cb0adf03b9b2342166c47b6e88ff,fde2fa6722c8b69bb87cbdc2c9927cf1a545e0f78f4c3b71f292f567d6f544f5
Show in Bucket View,إظهار في عرض الحاويات,"preserved-site-override (not imported, plan §12)",Preserve the exact live v16.localhost Site Override; do not import or replace.,stage6-W6-6 Manufacturing Batch 02 owner-approved 2026-09-24,195c789945cf2b069a1620e855b22ad38aa9cb0adf03b9b2342166c47b6e88ff,fde2fa6722c8b69bb87cbdc2c9927cf1a545e0f78f4c3b71f292f567d6f544f5
Skip Material Transfer to WIP,تخطي نقل المواد إلى تحت التشغيل,"preserved-site-override (not imported, plan §12)",Preserve the exact live v16.localhost Site Override; do not import or replace.,stage6-W6-6 Manufacturing Batch 02 owner-approved 2026-09-24,195c789945cf2b069a1620e855b22ad38aa9cb0adf03b9b2342166c47b6e88ff,fde2fa6722c8b69bb87cbdc2c9927cf1a545e0f78f4c3b71f292f567d6f544f5
Source Warehouse {0} must be same as Customer Warehouse {1} in the Subcontracting Inward Order.,مستودع المصدر {0} يجب أن يكون متطابقًا مع مستودع العميل {1} في أمر المقاولة من الباطن الوارد.,quorum-confirmed-payload,Independent A1/A2/A3 quorum PASS; released as v1.9 with exact content evidence.,stage6-W6-6 Manufacturing Batch 02 owner-approved 2026-09-24,195c789945cf2b069a1620e855b22ad38aa9cb0adf03b9b2342166c47b6e88ff,fde2fa6722c8b69bb87cbdc2c9927cf1a545e0f78f4c3b71f292f567d6f544f5
Standard Description,الوصف القياسي,"preserved-site-override (not imported, plan §12)",Preserve the exact live v16.localhost Site Override; do not import or replace.,stage6-W6-6 Manufacturing Batch 02 owner-approved 2026-09-24,195c789945cf2b069a1620e855b22ad38aa9cb0adf03b9b2342166c47b6e88ff,fde2fa6722c8b69bb87cbdc2c9927cf1a545e0f78f4c3b71f292f567d6f544f5
Start Job,بدء العمل,"preserved-site-override (not imported, plan §12)",Preserve the exact live v16.localhost Site Override; do not import or replace.,stage6-W6-6 Manufacturing Batch 02 owner-approved 2026-09-24,195c789945cf2b069a1620e855b22ad38aa9cb0adf03b9b2342166c47b6e88ff,fde2fa6722c8b69bb87cbdc2c9927cf1a545e0f78f4c3b71f292f567d6f544f5
Status Illustration,رسم توضيحي للحالة,"preserved-site-override (not imported, plan §12)",Preserve the exact live v16.localhost Site Override; do not import or replace.,stage6-W6-6 Manufacturing Batch 02 owner-approved 2026-09-24,195c789945cf2b069a1620e855b22ad38aa9cb0adf03b9b2342166c47b6e88ff,fde2fa6722c8b69bb87cbdc2c9927cf1a545e0f78f4c3b71f292f567d6f544f5
Stock Entry {0} has created,تم إنشاء قيد المخزون {0},quorum-confirmed-payload,Independent A1/A2/A3 quorum PASS; released as v1.9 with exact content evidence.,stage6-W6-6 Manufacturing Batch 02 owner-approved 2026-09-24,195c789945cf2b069a1620e855b22ad38aa9cb0adf03b9b2342166c47b6e88ff,fde2fa6722c8b69bb87cbdc2c9927cf1a545e0f78f4c3b71f292f567d6f544f5
Stock Partially Reserved,مخزون محجوز جزئيا,"preserved-site-override (not imported, plan §12)",Preserve the exact live v16.localhost Site Override; do not import or replace.,stage6-W6-6 Manufacturing Batch 02 owner-approved 2026-09-24,195c789945cf2b069a1620e855b22ad38aa9cb0adf03b9b2342166c47b6e88ff,fde2fa6722c8b69bb87cbdc2c9927cf1a545e0f78f4c3b71f292f567d6f544f5
Stock Reservation,حجز المخزون,"preserved-site-override (not imported, plan §12)",Preserve the exact live v16.localhost Site Override; do not import or replace.,stage6-W6-6 Manufacturing Batch 02 owner-approved 2026-09-24,195c789945cf2b069a1620e855b22ad38aa9cb0adf03b9b2342166c47b6e88ff,fde2fa6722c8b69bb87cbdc2c9927cf1a545e0f78f4c3b71f292f567d6f544f5
Stock Reserved,المخزون محجوز,"preserved-site-override (not imported, plan §12)",Preserve the exact live v16.localhost Site Override; do not import or replace.,stage6-W6-6 Manufacturing Batch 02 owner-approved 2026-09-24,195c789945cf2b069a1620e855b22ad38aa9cb0adf03b9b2342166c47b6e88ff,fde2fa6722c8b69bb87cbdc2c9927cf1a545e0f78f4c3b71f292f567d6f544f5
Stock Reserved Qty,كمية المخزون المحجوزة,"preserved-site-override (not imported, plan §12)",Preserve the exact live v16.localhost Site Override; do not import or replace.,stage6-W6-6 Manufacturing Batch 02 owner-approved 2026-09-24,195c789945cf2b069a1620e855b22ad38aa9cb0adf03b9b2342166c47b6e88ff,fde2fa6722c8b69bb87cbdc2c9927cf1a545e0f78f4c3b71f292f567d6f544f5
Sub Assemblies & Raw Materials,التجميعات الفرعية والمواد الخام,"preserved-site-override (not imported, plan §12)",Preserve the exact live v16.localhost Site Override; do not import or replace.,stage6-W6-6 Manufacturing Batch 02 owner-approved 2026-09-24,195c789945cf2b069a1620e855b22ad38aa9cb0adf03b9b2342166c47b6e88ff,fde2fa6722c8b69bb87cbdc2c9927cf1a545e0f78f4c3b71f292f567d6f544f5
Sub Assembly Item Code,كود صنف التجميع الفرعي,"preserved-site-override (not imported, plan §12)",Preserve the exact live v16.localhost Site Override; do not import or replace.,stage6-W6-6 Manufacturing Batch 02 owner-approved 2026-09-24,195c789945cf2b069a1620e855b22ad38aa9cb0adf03b9b2342166c47b6e88ff,fde2fa6722c8b69bb87cbdc2c9927cf1a545e0f78f4c3b71f292f567d6f544f5
Sub Assembly Item Reference,مرجع صنف التجميع الفرعي,"preserved-site-override (not imported, plan §12)",Preserve the exact live v16.localhost Site Override; do not import or replace.,stage6-W6-6 Manufacturing Batch 02 owner-approved 2026-09-24,195c789945cf2b069a1620e855b22ad38aa9cb0adf03b9b2342166c47b6e88ff,fde2fa6722c8b69bb87cbdc2c9927cf1a545e0f78f4c3b71f292f567d6f544f5
Sub Assembly Items,أصناف التجميع الفرعي,"preserved-site-override (not imported, plan §12)",Preserve the exact live v16.localhost Site Override; do not import or replace.,stage6-W6-6 Manufacturing Batch 02 owner-approved 2026-09-24,195c789945cf2b069a1620e855b22ad38aa9cb0adf03b9b2342166c47b6e88ff,fde2fa6722c8b69bb87cbdc2c9927cf1a545e0f78f4c3b71f292f567d6f544f5
Sub Assembly Warehouse,مستودع التجميع الفرعي,"preserved-site-override (not imported, plan §12)",Preserve the exact live v16.localhost Site Override; do not import or replace.,stage6-W6-6 Manufacturing Batch 02 owner-approved 2026-09-24,195c789945cf2b069a1620e855b22ad38aa9cb0adf03b9b2342166c47b6e88ff,fde2fa6722c8b69bb87cbdc2c9927cf1a545e0f78f4c3b71f292f567d6f544f5
Sub Operation,عملية فرعية,"preserved-site-override (not imported, plan §12)",Preserve the exact live v16.localhost Site Override; do not import or replace.,stage6-W6-6 Manufacturing Batch 02 owner-approved 2026-09-24,195c789945cf2b069a1620e855b22ad38aa9cb0adf03b9b2342166c47b6e88ff,fde2fa6722c8b69bb87cbdc2c9927cf1a545e0f78f4c3b71f292f567d6f544f5
Sub Operations,عمليات فرعية,"preserved-site-override (not imported, plan §12)",Preserve the exact live v16.localhost Site Override; do not import or replace.,stage6-W6-6 Manufacturing Batch 02 owner-approved 2026-09-24,195c789945cf2b069a1620e855b22ad38aa9cb0adf03b9b2342166c47b6e88ff,fde2fa6722c8b69bb87cbdc2c9927cf1a545e0f78f4c3b71f292f567d6f544f5
Sub assembly item references are missing. Please fetch the sub assemblies and raw materials again.,مراجع صنف التجميع الفرعي مفقودة. يرجى جلب التجميعات الفرعية والمواد الخام مرة أخرى.,quorum-confirmed-payload,Independent A1/A2/A3 quorum PASS; released as v1.9 with exact content evidence.,stage6-W6-6 Manufacturing Batch 02 owner-approved 2026-09-24,195c789945cf2b069a1620e855b22ad38aa9cb0adf03b9b2342166c47b6e88ff,fde2fa6722c8b69bb87cbdc2c9927cf1a545e0f78f4c3b71f292f567d6f544f5
Subcontracting BOM,قائمة مواد مقاول الباطن,"preserved-site-override (not imported, plan §12)",Preserve the exact live v16.localhost Site Override; do not import or replace.,stage6-W6-6 Manufacturing Batch 02 owner-approved 2026-09-24,195c789945cf2b069a1620e855b22ad38aa9cb0adf03b9b2342166c47b6e88ff,fde2fa6722c8b69bb87cbdc2c9927cf1a545e0f78f4c3b71f292f567d6f544f5
Subcontracting Inward Order,أمر استلام مقاولات باطن,"preserved-site-override (not imported, plan §12)",Preserve the exact live v16.localhost Site Override; do not import or replace.,stage6-W6-6 Manufacturing Batch 02 owner-approved 2026-09-24,195c789945cf2b069a1620e855b22ad38aa9cb0adf03b9b2342166c47b6e88ff,fde2fa6722c8b69bb87cbdc2c9927cf1a545e0f78f4c3b71f292f567d6f544f5
Subcontracting Inward Order Item,بند أمر استلام مقاولات باطن,"preserved-site-override (not imported, plan §12)",Preserve the exact live v16.localhost Site Override; do not import or replace.,stage6-W6-6 Manufacturing Batch 02 owner-approved 2026-09-24,195c789945cf2b069a1620e855b22ad38aa9cb0adf03b9b2342166c47b6e88ff,fde2fa6722c8b69bb87cbdc2c9927cf1a545e0f78f4c3b71f292f567d6f544f5
Subcontracting Receipt,إيصال استلام مقاولات باطن,"preserved-site-override (not imported, plan §12)",Preserve the exact live v16.localhost Site Override; do not import or replace.,stage6-W6-6 Manufacturing Batch 02 owner-approved 2026-09-24,195c789945cf2b069a1620e855b22ad38aa9cb0adf03b9b2342166c47b6e88ff,fde2fa6722c8b69bb87cbdc2c9927cf1a545e0f78f4c3b71f292f567d6f544f5
Supply,العرض,"preserved-site-override (not imported, plan §12)",Preserve the exact live v16.localhost Site Override; do not import or replace.,stage6-W6-6 Manufacturing Batch 02 owner-approved 2026-09-24,195c789945cf2b069a1620e855b22ad38aa9cb0adf03b9b2342166c47b6e88ff,fde2fa6722c8b69bb87cbdc2c9927cf1a545e0f78f4c3b71f292f567d6f544f5
System will automatically create the serial numbers / batch for the Finished Good on submission of work order,سيقوم النظام تلقائيًا بإنشاء الأرقام التسلسلية / رقم الدفعة للمنتج التام عند تقديم أمر العمل,quorum-confirmed-payload,Independent A1/A2/A3 quorum PASS; released as v1.9 with exact content evidence.,stage6-W6-6 Manufacturing Batch 02 owner-approved 2026-09-24,195c789945cf2b069a1620e855b22ad38aa9cb0adf03b9b2342166c47b6e88ff,fde2fa6722c8b69bb87cbdc2c9927cf1a545e0f78f4c3b71f292f567d6f544f5
Target Warehouse Reservation Error,خطأ في حجز مستودع الهدف,quorum-confirmed-payload,Independent A1/A2/A3 quorum PASS; released as v1.9 with exact content evidence.,stage6-W6-6 Manufacturing Batch 02 owner-approved 2026-09-24,195c789945cf2b069a1620e855b22ad38aa9cb0adf03b9b2342166c47b6e88ff,fde2fa6722c8b69bb87cbdc2c9927cf1a545e0f78f4c3b71f292f567d6f544f5
Target Warehouse is required before Submit,مستودع الهدف مطلوب قبل التقديم,quorum-confirmed-payload,Independent A1/A2/A3 quorum PASS; released as v1.9 with exact content evidence.,stage6-W6-6 Manufacturing Batch 02 owner-approved 2026-09-24,195c789945cf2b069a1620e855b22ad38aa9cb0adf03b9b2342166c47b6e88ff,fde2fa6722c8b69bb87cbdc2c9927cf1a545e0f78f4c3b71f292f567d6f544f5
Target Warehouse {0} must be same as Delivery Warehouse {1} in the Subcontracting Inward Order Item.,مستودع الهدف {0} يجب أن يكون متطابقًا مع مستودع التسليم {1} في بند أمر المقاولة من الباطن الوارد.,quorum-confirmed-payload,Independent A1/A2/A3 quorum PASS; released as v1.9 with exact content evidence.,stage6-W6-6 Manufacturing Batch 02 owner-approved 2026-09-24,195c789945cf2b069a1620e855b22ad38aa9cb0adf03b9b2342166c47b6e88ff,fde2fa6722c8b69bb87cbdc2c9927cf1a545e0f78f4c3b71f292f567d6f544f5
The Company {0} of Sales Forecast {1} does not match with the Company {2} of Master Production Schedule {3}.,الشركة {0} لتوقعات المبيعات {1} لا تتطابق مع الشركة {2} لجدول الإنتاج الرئيسي {3}.,quorum-confirmed-payload,Independent A1/A2/A3 quorum PASS; released as v1.9 with exact content evidence.,stage6-W6-6 Manufacturing Batch 02 owner-approved 2026-09-24,195c789945cf2b069a1620e855b22ad38aa9cb0adf03b9b2342166c47b6e88ff,fde2fa6722c8b69bb87cbdc2c9927cf1a545e0f78f4c3b71f292f567d6f544f5
The default BOM for that item will be fetched by the system. You can also change the BOM.,سيتم جلب قائمة المواد الافتراضية لهذا الصنف بواسطة النظام. يمكنك أيضًا تغيير قائمة المواد.,quorum-confirmed-payload,Independent A1/A2/A3 quorum PASS; released as v1.9 with exact content evidence.,stage6-W6-6 Manufacturing Batch 02 owner-approved 2026-09-24,195c789945cf2b069a1620e855b22ad38aa9cb0adf03b9b2342166c47b6e88ff,fde2fa6722c8b69bb87cbdc2c9927cf1a545e0f78f4c3b71f292f567d6f544f5
The job card {0} is in {1} state and you cannot complete.,بطاقة العمل {0} في حالة {1} ولا يمكنك إكمالها.,quorum-confirmed-payload,Independent A1/A2/A3 quorum PASS; released as v1.9 with exact content evidence.,stage6-W6-6 Manufacturing Batch 02 owner-approved 2026-09-24,195c789945cf2b069a1620e855b22ad38aa9cb0adf03b9b2342166c47b6e88ff,fde2fa6722c8b69bb87cbdc2c9927cf1a545e0f78f4c3b71f292f567d6f544f5
The job card {0} is in {1} state and you cannot start it again.,بطاقة العمل {0} في حالة {1} ولا يمكنك بدءها مرة أخرى.,quorum-confirmed-payload,Independent A1/A2/A3 quorum PASS; released as v1.9 with exact content evidence.,stage6-W6-6 Manufacturing Batch 02 owner-approved 2026-09-24,195c789945cf2b069a1620e855b22ad38aa9cb0adf03b9b2342166c47b6e88ff,fde2fa6722c8b69bb87cbdc2c9927cf1a545e0f78f4c3b71f292f567d6f544f5
The operation {0} can not add multiple times,العملية {0} لا يمكن إضافتها عدة مرات,quorum-confirmed-payload,Independent A1/A2/A3 quorum PASS; released as v1.9 with exact content evidence.,stage6-W6-6 Manufacturing Batch 02 owner-approved 2026-09-24,195c789945cf2b069a1620e855b22ad38aa9cb0adf03b9b2342166c47b6e88ff,fde2fa6722c8b69bb87cbdc2c9927cf1a545e0f78f4c3b71f292f567d6f544f5
The operation {0} can not be the sub operation,العملية {0} لا يمكن أن تكون العملية الفرعية,quorum-confirmed-payload,Independent A1/A2/A3 quorum PASS; released as v1.9 with exact content evidence.,stage6-W6-6 Manufacturing Batch 02 owner-approved 2026-09-24,195c789945cf2b069a1620e855b22ad38aa9cb0adf03b9b2342166c47b6e88ff,fde2fa6722c8b69bb87cbdc2c9927cf1a545e0f78f4c3b71f292f567d6f544f5
The user will be able to transfer additional materials from the store to the Work in Progress (WIP) warehouse.,سيتمكن المستخدم من تحويل مواد إضافية من المخزن إلى مستودع التشغيل قيد التنفيذ (WIP).,quorum-confirmed-payload,Independent A1/A2/A3 quorum PASS; released as v1.9 with exact content evidence.,stage6-W6-6 Manufacturing Batch 02 owner-approved 2026-09-24,195c789945cf2b069a1620e855b22ad38aa9cb0adf03b9b2342166c47b6e88ff,fde2fa6722c8b69bb87cbdc2c9927cf1a545e0f78f4c3b71f292f567d6f544f5
The warehouse where you store finished Items before they are shipped.,المستودع الذي تخزن فيه الأصناف التامة قبل شحنها.,quorum-confirmed-payload,Independent A1/A2/A3 quorum PASS; released as v1.9 with exact content evidence.,stage6-W6-6 Manufacturing Batch 02 owner-approved 2026-09-24,195c789945cf2b069a1620e855b22ad38aa9cb0adf03b9b2342166c47b6e88ff,fde2fa6722c8b69bb87cbdc2c9927cf1a545e0f78f4c3b71f292f567d6f544f5
The {0} {1} is used to calculate the valuation cost for the finished good {2}.,{0} {1} يُستخدم لحساب تكلفة التقييم للمنتج التام {2}.,quorum-confirmed-payload,Independent A1/A2/A3 quorum PASS; released as v1.9 with exact content evidence.,stage6-W6-6 Manufacturing Batch 02 owner-approved 2026-09-24,195c789945cf2b069a1620e855b22ad38aa9cb0adf03b9b2342166c47b6e88ff,fde2fa6722c8b69bb87cbdc2c9927cf1a545e0f78f4c3b71f292f567d6f544f5
This is a Template BOM and will be used to make the work order for {0} of the item {1},هذه قائمة مواد نموذجية وسيتم استخدامها لإنشاء أمر العمل لـ {0} من الصنف {1},quorum-confirmed-payload,Independent A1/A2/A3 quorum PASS; released as v1.9 with exact content evidence.,stage6-W6-6 Manufacturing Batch 02 owner-approved 2026-09-24,195c789945cf2b069a1620e855b22ad38aa9cb0adf03b9b2342166c47b6e88ff,fde2fa6722c8b69bb87cbdc2c9927cf1a545e0f78f4c3b71f292f567d6f544f5
Time in mins.,الوقت بالدقائق.,quorum-confirmed-payload,Independent A1/A2/A3 quorum PASS; released as v1.9 with exact content evidence.,stage6-W6-6 Manufacturing Batch 02 owner-approved 2026-09-24,195c789945cf2b069a1620e855b22ad38aa9cb0adf03b9b2342166c47b6e88ff,fde2fa6722c8b69bb87cbdc2c9927cf1a545e0f78f4c3b71f292f567d6f544f5
To Delivery Date,إلى تاريخ التسليم,"preserved-site-override (not imported, plan §12)",Preserve the exact live v16.localhost Site Override; do not import or replace.,stage6-W6-6 Manufacturing Batch 02 owner-approved 2026-09-24,195c789945cf2b069a1620e855b22ad38aa9cb0adf03b9b2342166c47b6e88ff,fde2fa6722c8b69bb87cbdc2c9927cf1a545e0f78f4c3b71f292f567d6f544f5
To add Operations tick the 'With Operations' checkbox.,"لإضافة عمليات، حدد مربع الاختيار ""مع العمليات"".",quorum-confirmed-payload,Independent A1/A2/A3 quorum PASS; released as v1.9 with exact content evidence.,stage6-W6-6 Manufacturing Batch 02 owner-approved 2026-09-24,195c789945cf2b069a1620e855b22ad38aa9cb0adf03b9b2342166c47b6e88ff,fde2fa6722c8b69bb87cbdc2c9927cf1a545e0f78f4c3b71f292f567d6f544f5
To add subcontracted Item's raw materials if include exploded items is disabled.,لإضافة المواد الخام لأصناف المقاولة من الباطن عند تعطيل خيار تضمين مكونات قائمة المواد الموسعة.,quorum-confirmed-payload,Independent A1/A2/A3 quorum PASS; released as v1.9 with exact content evidence.,stage6-W6-6 Manufacturing Batch 02 owner-approved 2026-09-24,195c789945cf2b069a1620e855b22ad38aa9cb0adf03b9b2342166c47b6e88ff,fde2fa6722c8b69bb87cbdc2c9927cf1a545e0f78f4c3b71f292f567d6f544f5
To include non-stock items in the material request planning. i.e. Items for which 'Maintain Stock' checkbox is unticked.,"لتضمين الأصناف غير المخزنية في تخطيط طلبات المواد. أي الأصناف التي تم إلغاء تحديد خانة ""الحفاظ على المخزون"" لها.",quorum-confirmed-payload,Independent A1/A2/A3 quorum PASS; released as v1.9 with exact content evidence.,stage6-W6-6 Manufacturing Batch 02 owner-approved 2026-09-24,195c789945cf2b069a1620e855b22ad38aa9cb0adf03b9b2342166c47b6e88ff,fde2fa6722c8b69bb87cbdc2c9927cf1a545e0f78f4c3b71f292f567d6f544f5
Total Operation Time,إجمالي وقت العملية,"preserved-site-override (not imported, plan §12)",Preserve the exact live v16.localhost Site Override; do not import or replace.,stage6-W6-6 Manufacturing Batch 02 owner-approved 2026-09-24,195c789945cf2b069a1620e855b22ad38aa9cb0adf03b9b2342166c47b6e88ff,fde2fa6722c8b69bb87cbdc2c9927cf1a545e0f78f4c3b71f292f567d6f544f5
Total Time (in Mins),إجمالي الوقت (بالدقائق),"preserved-site-override (not imported, plan §12)",Preserve the exact live v16.localhost Site Override; do not import or replace.,stage6-W6-6 Manufacturing Batch 02 owner-approved 2026-09-24,195c789945cf2b069a1620e855b22ad38aa9cb0adf03b9b2342166c47b6e88ff,fde2fa6722c8b69bb87cbdc2c9927cf1a545e0f78f4c3b71f292f567d6f544f5
Total Working Hours,إجمالي ساعات العمل,"preserved-site-override (not imported, plan §12)",Preserve the exact live v16.localhost Site Override; do not import or replace.,stage6-W6-6 Manufacturing Batch 02 owner-approved 2026-09-24,195c789945cf2b069a1620e855b22ad38aa9cb0adf03b9b2342166c47b6e88ff,fde2fa6722c8b69bb87cbdc2c9927cf1a545e0f78f4c3b71f292f567d6f544f5
Track Semi Finished Goods,تتبع المنتجات نصف النهائية,"preserved-site-override (not imported, plan §12)",Preserve the exact live v16.localhost Site Override; do not import or replace.,stage6-W6-6 Manufacturing Batch 02 owner-approved 2026-09-24,195c789945cf2b069a1620e855b22ad38aa9cb0adf03b9b2342166c47b6e88ff,fde2fa6722c8b69bb87cbdc2c9927cf1a545e0f78f4c3b71f292f567d6f544f5
Transfer Extra Raw Materials to WIP (%),نقل مواد خام إضافية إلى تحت التشغيل (%),"preserved-site-override (not imported, plan §12)",Preserve the exact live v16.localhost Site Override; do not import or replace.,stage6-W6-6 Manufacturing Batch 02 owner-approved 2026-09-24,195c789945cf2b069a1620e855b22ad38aa9cb0adf03b9b2342166c47b6e88ff,fde2fa6722c8b69bb87cbdc2c9927cf1a545e0f78f4c3b71f292f567d6f544f5
Transfer From Warehouses,النقل من المستودعات,"preserved-site-override (not imported, plan §12)",Preserve the exact live v16.localhost Site Override; do not import or replace.,stage6-W6-6 Manufacturing Batch 02 owner-approved 2026-09-24,195c789945cf2b069a1620e855b22ad38aa9cb0adf03b9b2342166c47b6e88ff,fde2fa6722c8b69bb87cbdc2c9927cf1a545e0f78f4c3b71f292f567d6f544f5
Transfer Materials,نقل المواد,"preserved-site-override (not imported, plan §12)",Preserve the exact live v16.localhost Site Override; do not import or replace.,stage6-W6-6 Manufacturing Batch 02 owner-approved 2026-09-24,195c789945cf2b069a1620e855b22ad38aa9cb0adf03b9b2342166c47b6e88ff,fde2fa6722c8b69bb87cbdc2c9927cf1a545e0f78f4c3b71f292f567d6f544f5
Transferred Raw Materials,المواد الخام المنقولة,"preserved-site-override (not imported, plan §12)",Preserve the exact live v16.localhost Site Override; do not import or replace.,stage6-W6-6 Manufacturing Batch 02 owner-approved 2026-09-24,195c789945cf2b069a1620e855b22ad38aa9cb0adf03b9b2342166c47b6e88ff,fde2fa6722c8b69bb87cbdc2c9927cf1a545e0f78f4c3b71f292f567d6f544f5
Type of Material,نوع المادة,"preserved-site-override (not imported, plan §12)",Preserve the exact live v16.localhost Site Override; do not import or replace.,stage6-W6-6 Manufacturing Batch 02 owner-approved 2026-09-24,195c789945cf2b069a1620e855b22ad38aa9cb0adf03b9b2342166c47b6e88ff,fde2fa6722c8b69bb87cbdc2c9927cf1a545e0f78f4c3b71f292f567d6f544f5
Unreserve,إلغاء الحجز,"preserved-site-override (not imported, plan §12)",Preserve the exact live v16.localhost Site Override; do not import or replace.,stage6-W6-6 Manufacturing Batch 02 owner-approved 2026-09-24,195c789945cf2b069a1620e855b22ad38aa9cb0adf03b9b2342166c47b6e88ff,fde2fa6722c8b69bb87cbdc2c9927cf1a545e0f78f4c3b71f292f567d6f544f5
Unreserve for Raw Materials,إلغاء حجز المواد الخام,"preserved-site-override (not imported, plan §12)",Preserve the exact live v16.localhost Site Override; do not import or replace.,stage6-W6-6 Manufacturing Batch 02 owner-approved 2026-09-24,195c789945cf2b069a1620e855b22ad38aa9cb0adf03b9b2342166c47b6e88ff,fde2fa6722c8b69bb87cbdc2c9927cf1a545e0f78f4c3b71f292f567d6f544f5
Unreserve for Sub-assembly,إلغاء حجز التجميع الفرعي,"preserved-site-override (not imported, plan §12)",Preserve the exact live v16.localhost Site Override; do not import or replace.,stage6-W6-6 Manufacturing Batch 02 owner-approved 2026-09-24,195c789945cf2b069a1620e855b22ad38aa9cb0adf03b9b2342166c47b6e88ff,fde2fa6722c8b69bb87cbdc2c9927cf1a545e0f78f4c3b71f292f567d6f544f5
Updated via 'Time Log' (In Minutes),"محدث عبر ""سجل الوقت"" (بالدقائق)",quorum-confirmed-payload,Independent A1/A2/A3 quorum PASS; released as v1.9 with exact content evidence.,stage6-W6-6 Manufacturing Batch 02 owner-approved 2026-09-24,195c789945cf2b069a1620e855b22ad38aa9cb0adf03b9b2342166c47b6e88ff,fde2fa6722c8b69bb87cbdc2c9927cf1a545e0f78f4c3b71f292f567d6f544f5
Updating Work Order status,جار تحديث حالة أمر العمل,"preserved-site-override (not imported, plan §12)",Preserve the exact live v16.localhost Site Override; do not import or replace.,stage6-W6-6 Manufacturing Batch 02 owner-approved 2026-09-24,195c789945cf2b069a1620e855b22ad38aa9cb0adf03b9b2342166c47b6e88ff,fde2fa6722c8b69bb87cbdc2c9927cf1a545e0f78f4c3b71f292f567d6f544f5
Use Default Warehouse,استخدام المستودع الافتراضي,"preserved-site-override (not imported, plan §12)",Preserve the exact live v16.localhost Site Override; do not import or replace.,stage6-W6-6 Manufacturing Batch 02 owner-approved 2026-09-24,195c789945cf2b069a1620e855b22ad38aa9cb0adf03b9b2342166c47b6e88ff,fde2fa6722c8b69bb87cbdc2c9927cf1a545e0f78f4c3b71f292f567d6f544f5
Validate Components and Quantities Per BOM,التحقق من المكونات والكميات حسب قائمة المواد,"preserved-site-override (not imported, plan §12)",Preserve the exact live v16.localhost Site Override; do not import or replace.,stage6-W6-6 Manufacturing Batch 02 owner-approved 2026-09-24,195c789945cf2b069a1620e855b22ad38aa9cb0adf03b9b2342166c47b6e88ff,fde2fa6722c8b69bb87cbdc2c9927cf1a545e0f78f4c3b71f292f567d6f544f5
View BOM Update Log,عرض سجل تحديث قائمة المواد,"preserved-site-override (not imported, plan §12)",Preserve the exact live v16.localhost Site Override; do not import or replace.,stage6-W6-6 Manufacturing Batch 02 owner-approved 2026-09-24,195c789945cf2b069a1620e855b22ad38aa9cb0adf03b9b2342166c47b6e88ff,fde2fa6722c8b69bb87cbdc2c9927cf1a545e0f78f4c3b71f292f567d6f544f5
View Data Based on,عرض البيانات بناء على,"preserved-site-override (not imported, plan §12)",Preserve the exact live v16.localhost Site Override; do not import or replace.,stage6-W6-6 Manufacturing Batch 02 owner-approved 2026-09-24,195c789945cf2b069a1620e855b22ad38aa9cb0adf03b9b2342166c47b6e88ff,fde2fa6722c8b69bb87cbdc2c9927cf1a545e0f78f4c3b71f292f567d6f544f5
View MRP,عرض تخطيط متطلبات المواد,"preserved-site-override (not imported, plan §12)",Preserve the exact live v16.localhost Site Override; do not import or replace.,stage6-W6-6 Manufacturing Batch 02 owner-approved 2026-09-24,195c789945cf2b069a1620e855b22ad38aa9cb0adf03b9b2342166c47b6e88ff,fde2fa6722c8b69bb87cbdc2c9927cf1a545e0f78f4c3b71f292f567d6f544f5
Voucher Detail Reference,مرجع تفاصيل السند,"preserved-site-override (not imported, plan §12)",Preserve the exact live v16.localhost Site Override; do not import or replace.,stage6-W6-6 Manufacturing Batch 02 owner-approved 2026-09-24,195c789945cf2b069a1620e855b22ad38aa9cb0adf03b9b2342166c47b6e88ff,fde2fa6722c8b69bb87cbdc2c9927cf1a545e0f78f4c3b71f292f567d6f544f5
WIP WH,مستودع تحت التشغيل,"preserved-site-override (not imported, plan §12)",Preserve the exact live v16.localhost Site Override; do not import or replace.,stage6-W6-6 Manufacturing Batch 02 owner-approved 2026-09-24,195c789945cf2b069a1620e855b22ad38aa9cb0adf03b9b2342166c47b6e88ff,fde2fa6722c8b69bb87cbdc2c9927cf1a545e0f78f4c3b71f292f567d6f544f5
WIP Work Orders,أوامر عمل تحت التشغيل,"preserved-site-override (not imported, plan §12)",Preserve the exact live v16.localhost Site Override; do not import or replace.,stage6-W6-6 Manufacturing Batch 02 owner-approved 2026-09-24,195c789945cf2b069a1620e855b22ad38aa9cb0adf03b9b2342166c47b6e88ff,fde2fa6722c8b69bb87cbdc2c9927cf1a545e0f78f4c3b71f292f567d6f544f5
"Warehouse {0} is not allowed for Sales Order {1}, it should be {2}",المستودع {0} غير مسموح به لأمر البيع {1}، يجب أن يكون {2},quorum-confirmed-payload,Independent A1/A2/A3 quorum PASS; released as v1.9 with exact content evidence.,stage6-W6-6 Manufacturing Batch 02 owner-approved 2026-09-24,195c789945cf2b069a1620e855b22ad38aa9cb0adf03b9b2342166c47b6e88ff,fde2fa6722c8b69bb87cbdc2c9927cf1a545e0f78f4c3b71f292f567d6f544f5
"When a parent warehouse is chosen, the system conducts Project Qty checks against the associated child warehouses",عند اختيار مستودع رئيسي، يجري النظام فحوصات الكميات المتوقعة في المستودعات الفرعية المرتبطة.,quorum-confirmed-payload,Independent A1/A2/A3 quorum PASS; released as v1.9 with exact content evidence.,stage6-W6-6 Manufacturing Batch 02 owner-approved 2026-09-24,195c789945cf2b069a1620e855b22ad38aa9cb0adf03b9b2342166c47b6e88ff,fde2fa6722c8b69bb87cbdc2c9927cf1a545e0f78f4c3b71f292f567d6f544f5
Work Order / Subcontract PO,أمر عمل / أمر شراء مقاول باطن,"preserved-site-override (not imported, plan §12)",Preserve the exact live v16.localhost Site Override; do not import or replace.,stage6-W6-6 Manufacturing Batch 02 owner-approved 2026-09-24,195c789945cf2b069a1620e855b22ad38aa9cb0adf03b9b2342166c47b6e88ff,fde2fa6722c8b69bb87cbdc2c9927cf1a545e0f78f4c3b71f292f567d6f544f5
Work Order Consumed Materials,مواد أمر العمل المستهلكة,"preserved-site-override (not imported, plan §12)",Preserve the exact live v16.localhost Site Override; do not import or replace.,stage6-W6-6 Manufacturing Batch 02 owner-approved 2026-09-24,195c789945cf2b069a1620e855b22ad38aa9cb0adf03b9b2342166c47b6e88ff,fde2fa6722c8b69bb87cbdc2c9927cf1a545e0f78f4c3b71f292f567d6f544f5
Work Order {0} created,تم إنشاء أمر العمل {0},quorum-confirmed-payload,Independent A1/A2/A3 quorum PASS; released as v1.9 with exact content evidence.,stage6-W6-6 Manufacturing Batch 02 owner-approved 2026-09-24,195c789945cf2b069a1620e855b22ad38aa9cb0adf03b9b2342166c47b6e88ff,fde2fa6722c8b69bb87cbdc2c9927cf1a545e0f78f4c3b71f292f567d6f544f5
Workstation Cost,تكلفة محطة العمل,"preserved-site-override (not imported, plan §12)",Preserve the exact live v16.localhost Site Override; do not import or replace.,stage6-W6-6 Manufacturing Batch 02 owner-approved 2026-09-24,195c789945cf2b069a1620e855b22ad38aa9cb0adf03b9b2342166c47b6e88ff,fde2fa6722c8b69bb87cbdc2c9927cf1a545e0f78f4c3b71f292f567d6f544f5
Workstation Dashboard,لوحة محطة العمل,"preserved-site-override (not imported, plan §12)",Preserve the exact live v16.localhost Site Override; do not import or replace.,stage6-W6-6 Manufacturing Batch 02 owner-approved 2026-09-24,195c789945cf2b069a1620e855b22ad38aa9cb0adf03b9b2342166c47b6e88ff,fde2fa6722c8b69bb87cbdc2c9927cf1a545e0f78f4c3b71f292f567d6f544f5
Workstation Operating Component,مكون تشغيل محطة العمل,"preserved-site-override (not imported, plan §12)",Preserve the exact live v16.localhost Site Override; do not import or replace.,stage6-W6-6 Manufacturing Batch 02 owner-approved 2026-09-24,195c789945cf2b069a1620e855b22ad38aa9cb0adf03b9b2342166c47b6e88ff,fde2fa6722c8b69bb87cbdc2c9927cf1a545e0f78f4c3b71f292f567d6f544f5
Workstation Operating Component Account,حساب مكون تشغيل محطة العمل,"preserved-site-override (not imported, plan §12)",Preserve the exact live v16.localhost Site Override; do not import or replace.,stage6-W6-6 Manufacturing Batch 02 owner-approved 2026-09-24,195c789945cf2b069a1620e855b22ad38aa9cb0adf03b9b2342166c47b6e88ff,fde2fa6722c8b69bb87cbdc2c9927cf1a545e0f78f4c3b71f292f567d6f544f5
Workstation Status,حالة محطة العمل,"preserved-site-override (not imported, plan §12)",Preserve the exact live v16.localhost Site Override; do not import or replace.,stage6-W6-6 Manufacturing Batch 02 owner-approved 2026-09-24,195c789945cf2b069a1620e855b22ad38aa9cb0adf03b9b2342166c47b6e88ff,fde2fa6722c8b69bb87cbdc2c9927cf1a545e0f78f4c3b71f292f567d6f544f5
Workstation Type,نوع محطة العمل,"preserved-site-override (not imported, plan §12)",Preserve the exact live v16.localhost Site Override; do not import or replace.,stage6-W6-6 Manufacturing Batch 02 owner-approved 2026-09-24,195c789945cf2b069a1620e855b22ad38aa9cb0adf03b9b2342166c47b6e88ff,fde2fa6722c8b69bb87cbdc2c9927cf1a545e0f78f4c3b71f292f567d6f544f5
Workstations,محطات العمل,"preserved-site-override (not imported, plan §12)",Preserve the exact live v16.localhost Site Override; do not import or replace.,stage6-W6-6 Manufacturing Batch 02 owner-approved 2026-09-24,195c789945cf2b069a1620e855b22ad38aa9cb0adf03b9b2342166c47b6e88ff,fde2fa6722c8b69bb87cbdc2c9927cf1a545e0f78f4c3b71f292f567d6f544f5
"You can set it as a machine name or operation type. For example, stiching machine 12",يمكنك تعيينه كاسم آلة أو نوع عملية. على سبيل المثال، ماكينة خياطة 12,quorum-confirmed-payload,Independent A1/A2/A3 quorum PASS; released as v1.9 with exact content evidence.,stage6-W6-6 Manufacturing Batch 02 owner-approved 2026-09-24,195c789945cf2b069a1620e855b22ad38aa9cb0adf03b9b2342166c47b6e88ff,fde2fa6722c8b69bb87cbdc2c9927cf1a545e0f78f4c3b71f292f567d6f544f5
You can't make any changes to Job Card since Work Order is closed.,لا يمكنك إجراء أي تغييرات على بطاقة العمل لأن أمر العمل مغلق.,quorum-confirmed-payload,Independent A1/A2/A3 quorum PASS; released as v1.9 with exact content evidence.,stage6-W6-6 Manufacturing Batch 02 owner-approved 2026-09-24,195c789945cf2b069a1620e855b22ad38aa9cb0adf03b9b2342166c47b6e88ff,fde2fa6722c8b69bb87cbdc2c9927cf1a545e0f78f4c3b71f292f567d6f544f5
You cannot change the rate if BOM is mentioned against any Item.,لا يمكنك تغيير السعر عند تحديد قائمة مواد لأي صنف.,quorum-confirmed-payload,Independent A1/A2/A3 quorum PASS; released as v1.9 with exact content evidence.,stage6-W6-6 Manufacturing Batch 02 owner-approved 2026-09-24,195c789945cf2b069a1620e855b22ad38aa9cb0adf03b9b2342166c47b6e88ff,fde2fa6722c8b69bb87cbdc2c9927cf1a545e0f78f4c3b71f292f567d6f544f5
as a percentage of finished item quantity,كنسبة مئوية من كمية الصنف التام,quorum-confirmed-payload,Independent A1/A2/A3 quorum PASS; released as v1.9 with exact content evidence.,stage6-W6-6 Manufacturing Batch 02 owner-approved 2026-09-24,195c789945cf2b069a1620e855b22ad38aa9cb0adf03b9b2342166c47b6e88ff,fde2fa6722c8b69bb87cbdc2c9927cf1a545e0f78f4c3b71f292f567d6f544f5
material_request_item,,"EXCEPTION-technical (empty, vendor rendering retained)",snake_case technical field identifier (keep vendor rendering; no translation),stage6-W6-6 Manufacturing Batch 02 owner-approved 2026-09-24,195c789945cf2b069a1620e855b22ad38aa9cb0adf03b9b2342166c47b6e88ff,fde2fa6722c8b69bb87cbdc2c9927cf1a545e0f78f4c3b71f292f567d6f544f5
temporary name,اسم مؤقت,quorum-confirmed-payload,Independent A1/A2/A3 quorum PASS; released as v1.9 with exact content evidence.,stage6-W6-6 Manufacturing Batch 02 owner-approved 2026-09-24,195c789945cf2b069a1620e855b22ad38aa9cb0adf03b9b2342166c47b6e88ff,fde2fa6722c8b69bb87cbdc2c9927cf1a545e0f78f4c3b71f292f567d6f544f5
via BOM Update Tool,عبر أداة تحديث قائمة المواد,quorum-confirmed-payload,Independent A1/A2/A3 quorum PASS; released as v1.9 with exact content evidence.,stage6-W6-6 Manufacturing Batch 02 owner-approved 2026-09-24,195c789945cf2b069a1620e855b22ad38aa9cb0adf03b9b2342166c47b6e88ff,fde2fa6722c8b69bb87cbdc2c9927cf1a545e0f78f4c3b71f292f567d6f544f5
{0} Operating Cost for operation {1},{0} تكلفة التشغيل للعملية {1},quorum-confirmed-payload,Independent A1/A2/A3 quorum PASS; released as v1.9 with exact content evidence.,stage6-W6-6 Manufacturing Batch 02 owner-approved 2026-09-24,195c789945cf2b069a1620e855b22ad38aa9cb0adf03b9b2342166c47b6e88ff,fde2fa6722c8b69bb87cbdc2c9927cf1a545e0f78f4c3b71f292f567d6f544f5
{0} items lost during process.,فقدان {0} من الأصناف أثناء العملية.,quorum-confirmed-payload,Independent A1/A2/A3 quorum PASS; released as v1.9 with exact content evidence.,stage6-W6-6 Manufacturing Batch 02 owner-approved 2026-09-24,195c789945cf2b069a1620e855b22ad38aa9cb0adf03b9b2342166c47b6e88ff,fde2fa6722c8b69bb87cbdc2c9927cf1a545e0f78f4c3b71f292f567d6f544f5
