source_text,proposed_ar,translated_text,proposed_disposition,quorum_decision,disposition_rationale,decision_ref,locations,notes
Value Type,نوع القيمة,نوع القيمة,preserved-site-override,preserved-site-override,Preserve the exact live v16.localhost Site Override; do not import or replace.,stage6-W6-1 Accounts Batch 05 pending-owner-approval 2026-09-27,erpnext/accounts/doctype/financial_report_row/financial_report_row.json:None,Preserved verbatim from live v16.localhost; not imported
Value as on,القيمة كما في,القيمة كما في,PROPOSED-payload,quorum-confirmed-payload,AI draft; requires independent A1/A2/A3 quorum before release.,content:docs/translation/stage6_w601_accounts_batch05_content_evidence_2026-09-27.txt,erpnext/accounts/report/asset_depreciations_and_balances/asset_depreciations_and_balances.py:599; erpnext/accounts/report/asset_depreciations_and_balances/asset_depreciations_and_balances.py:629,Released and imported into catalog under version 1.15
Value of New Capitalized Asset,قيمة الأصل المرسمَل الجديد,قيمة الأصل المرسمَل الجديد,preserved-site-override,preserved-site-override,Preserve the exact live v16.localhost Site Override; do not import or replace.,stage6-W6-1 Accounts Batch 05 pending-owner-approval 2026-09-27,erpnext/accounts/report/asset_depreciations_and_balances/asset_depreciations_and_balances.py:623,Preserved verbatim from live v16.localhost; not imported
Value of New Purchase,قيمة الشراء الجديد,قيمة الشراء الجديد,preserved-site-override,preserved-site-override,Preserve the exact live v16.localhost Site Override; do not import or replace.,stage6-W6-1 Accounts Batch 05 pending-owner-approval 2026-09-27,erpnext/accounts/report/asset_depreciations_and_balances/asset_depreciations_and_balances.py:605,Preserved verbatim from live v16.localhost; not imported
Value of Scrapped Asset,قيمة الأصل المخرد,قيمة الأصل المخرد,preserved-site-override,preserved-site-override,Preserve the exact live v16.localhost Site Override; do not import or replace.,stage6-W6-1 Accounts Batch 05 pending-owner-approval 2026-09-27,erpnext/accounts/report/asset_depreciations_and_balances/asset_depreciations_and_balances.py:617,Preserved verbatim from live v16.localhost; not imported
Value of Sold Asset,قيمة الأصل المباع,قيمة الأصل المباع,preserved-site-override,preserved-site-override,Preserve the exact live v16.localhost Site Override; do not import or replace.,stage6-W6-1 Accounts Batch 05 pending-owner-approval 2026-09-27,erpnext/accounts/report/asset_depreciations_and_balances/asset_depreciations_and_balances.py:611,Preserved verbatim from live v16.localhost; not imported
View Account Coverage,عرض تغطية الحساب,عرض تغطية الحساب,preserved-site-override,preserved-site-override,Preserve the exact live v16.localhost Site Override; do not import or replace.,stage6-W6-1 Accounts Batch 05 pending-owner-approval 2026-09-27,erpnext/accounts/doctype/financial_report_template/financial_report_template.js:7,Preserved verbatim from live v16.localhost; not imported
Voucher Name,اسم السند,اسم السند,preserved-site-override,preserved-site-override,Preserve the exact live v16.localhost Site Override; do not import or replace.,stage6-W6-1 Accounts Batch 05 pending-owner-approval 2026-09-27,erpnext/accounts/doctype/tax_withheld_vouchers/tax_withheld_vouchers.json:None,Preserved verbatim from live v16.localhost; not imported
Voucher {0} is over-allocated by {1},السند {0} مخصص بشكل زائد بمقدار {1},السند {0} مخصص بشكل زائد بمقدار {1},PROPOSED-payload,quorum-confirmed-payload,AI draft; requires independent A1/A2/A3 quorum before release.,content:docs/translation/stage6_w601_accounts_batch05_content_evidence_2026-09-27.txt,erpnext/accounts/doctype/bank_transaction/bank_transaction.py:195,Released and imported into catalog under version 1.15
Voucher-wise Balance,الرصيد حسب السند,الرصيد حسب السند,preserved-site-override,preserved-site-override,Preserve the exact live v16.localhost Site Override; do not import or replace.,stage6-W6-1 Accounts Batch 05 pending-owner-approval 2026-09-27,erpnext/accounts/report/voucher_wise_balance/voucher_wise_balance.json:None,Preserved verbatim from live v16.localhost; not imported
WIP Composite Asset,أصل مركب تحت التشغيل,أصل مركب تحت التشغيل,preserved-site-override,preserved-site-override,Preserve the exact live v16.localhost Site Override; do not import or replace.,stage6-W6-1 Accounts Batch 05 pending-owner-approval 2026-09-27,erpnext/accounts/doctype/purchase_invoice_item/purchase_invoice_item.json:None; erpnext/buying/doctype/purchase_order_item/purchase_order_item.json:None; erpnext/stock/doctype/material_request_item/material_request_item.json:None; erpnext/stock/doctype/purchase_receipt_item/purchase_receipt_item.json:None,Preserved verbatim from live v16.localhost; not imported
Waiting for payment...,بانتظار الدفع...,بانتظار الدفع...,preserved-site-override,preserved-site-override,Preserve the exact live v16.localhost Site Override; do not import or replace.,stage6-W6-1 Accounts Batch 05 pending-owner-approval 2026-09-27,erpnext/accounts/doctype/pos_invoice/pos_invoice.js:435,Preserved verbatim from live v16.localhost; not imported
Warning!,تحذير!,تحذير!,PROPOSED-payload,quorum-confirmed-payload,AI draft; requires independent A1/A2/A3 quorum before release.,content:docs/translation/stage6_w601_accounts_batch05_content_evidence_2026-09-27.txt,erpnext/accounts/doctype/cost_center_allocation/cost_center_allocation.py:114,Released and imported into catalog under version 1.15
Warnings,تحذيرات,تحذيرات,preserved-site-override,preserved-site-override,Preserve the exact live v16.localhost Site Override; do not import or replace.,stage6-W6-1 Accounts Batch 05 pending-owner-approval 2026-09-27,erpnext/accounts/doctype/financial_report_template/financial_report_validation.py:77,Preserved verbatim from live v16.localhost; not imported
Withdrawal,سحب,سحب,preserved-site-override,preserved-site-override,Preserve the exact live v16.localhost Site Override; do not import or replace.,stage6-W6-1 Accounts Batch 05 pending-owner-approval 2026-09-27,erpnext/accounts/doctype/bank_transaction/bank_transaction.json:None; erpnext/public/js/bank_reconciliation_tool/data_table_manager.js:67,Preserved verbatim from live v16.localhost; not imported
Write Off Limit,حد الشطب,حد الشطب,preserved-site-override,preserved-site-override,Preserve the exact live v16.localhost Site Override; do not import or replace.,stage6-W6-1 Accounts Batch 05 pending-owner-approval 2026-09-27,erpnext/accounts/doctype/pos_profile/pos_profile.json:None,Preserved verbatim from live v16.localhost; not imported
Wrong Company,شركة غير صحيحة,شركة غير صحيحة,PROPOSED-payload,quorum-confirmed-payload,AI draft; requires independent A1/A2/A3 quorum before release.,content:docs/translation/stage6_w601_accounts_batch05_content_evidence_2026-09-27.txt,erpnext/accounts/doctype/chart_of_accounts_importer/chart_of_accounts_importer.py:70,Released and imported into catalog under version 1.15
Wrong Template,قالب غير صحيح,قالب غير صحيح,PROPOSED-payload,quorum-confirmed-payload,AI draft; requires independent A1/A2/A3 quorum before release.,content:docs/translation/stage6_w601_accounts_batch05_content_evidence_2026-09-27.txt,erpnext/accounts/doctype/chart_of_accounts_importer/chart_of_accounts_importer.py:55,Released and imported into catalog under version 1.15
You can add the original invoice {} manually to proceed.,يمكنك إضافة الفاتورة الأصلية {} يدوياً للمتابعة.,يمكنك إضافة الفاتورة الأصلية {} يدوياً للمتابعة.,PROPOSED-payload,quorum-confirmed-payload,AI draft; requires independent A1/A2/A3 quorum before release.,content:docs/translation/stage6_w601_accounts_batch05_content_evidence_2026-09-27.txt,erpnext/accounts/doctype/pos_invoice_merge_log/pos_invoice_merge_log.py:111,Released and imported into catalog under version 1.15
You can't redeem Loyalty Points having more value than the Total Amount.,لا يمكنك استبدال نقاط ولاء ذات قيمة أكبر من المبلغ الإجمالي.,لا يمكنك استبدال نقاط ولاء ذات قيمة أكبر من المبلغ الإجمالي.,PROPOSED-payload,quorum-confirmed-payload,AI draft; requires independent A1/A2/A3 quorum before release.,content:docs/translation/stage6_w601_accounts_batch05_content_evidence_2026-09-27.txt,erpnext/accounts/doctype/loyalty_program/loyalty_program.py:192,Released and imported into catalog under version 1.15
You cannot create a {0} within the closed Accounting Period {1},لا يمكنك إنشاء {0} ضمن الفترة المحاسبية المغلقة {1},لا يمكنك إنشاء {0} ضمن الفترة المحاسبية المغلقة {1},PROPOSED-payload,quorum-confirmed-payload,AI draft; requires independent A1/A2/A3 quorum before release.,content:docs/translation/stage6_w601_accounts_batch05_content_evidence_2026-09-27.txt,erpnext/accounts/doctype/accounting_period/accounting_period.py:136,Released and imported into catalog under version 1.15
You cannot enable both the settings '{0}' and '{1}'.,لا يمكنك تفعيل كلا الإعدادين '{0}' و '{1}'.,لا يمكنك تفعيل كلا الإعدادين '{0}' و '{1}'.,PROPOSED-payload,quorum-confirmed-payload,AI draft; requires independent A1/A2/A3 quorum before release.,content:docs/translation/stage6_w601_accounts_batch05_content_evidence_2026-09-27.txt,erpnext/accounts/doctype/accounts_settings/accounts_settings.py:144,Released and imported into catalog under version 1.15
You cannot {0} this document because another Period Closing Entry {1} exists after {2},لا يمكنك {0} هذا المستند نظراً لوجود قيد إقفال فترة آخر {1} بعد {2},لا يمكنك {0} هذا المستند نظراً لوجود قيد إقفال فترة آخر {1} بعد {2},PROPOSED-payload,quorum-confirmed-payload,AI draft; requires independent A1/A2/A3 quorum before release.,content:docs/translation/stage6_w601_accounts_batch05_content_evidence_2026-09-27.txt,erpnext/accounts/doctype/period_closing_voucher/period_closing_voucher.py:107,Released and imported into catalog under version 1.15
You need to cancel POS Closing Entry {} to be able to cancel this document.,يجب إلغاء قيد إقفال نقطة البيع {} لتتمكن من إلغاء هذا المستند.,يجب إلغاء قيد إقفال نقطة البيع {} لتتمكن من إلغاء هذا المستند.,PROPOSED-payload,quorum-confirmed-payload,AI draft; requires independent A1/A2/A3 quorum before release.,content:docs/translation/stage6_w601_accounts_batch05_content_evidence_2026-09-27.txt,erpnext/accounts/doctype/pos_invoice/pos_invoice.py:278,Released and imported into catalog under version 1.15
Zero Balance,رصيد صفري,رصيد صفري,preserved-site-override,preserved-site-override,Preserve the exact live v16.localhost Site Override; do not import or replace.,stage6-W6-1 Accounts Batch 05 pending-owner-approval 2026-09-27,erpnext/accounts/doctype/exchange_rate_revaluation_account/exchange_rate_revaluation_account.json:None,Preserved verbatim from live v16.localhost; not imported
dated {0},بتاريخ {0},بتاريخ {0},PROPOSED-payload,quorum-confirmed-payload,AI draft; requires independent A1/A2/A3 quorum before release.,content:docs/translation/stage6_w601_accounts_batch05_content_evidence_2026-09-27.txt,erpnext/accounts/doctype/purchase_invoice/purchase_invoice.py:334; erpnext/accounts/doctype/sales_invoice/sales_invoice.py:1078,Released and imported into catalog under version 1.15
exchangerate.host,,,EXCEPTION-technical,EXCEPTION-technical,"Keep vendor code/symbol/markup content untouched — external service domain name / API hostname, technical exception",stage6-W6-1 Accounts Batch 05 pending-owner-approval 2026-09-27,erpnext/accounts/doctype/currency_exchange_settings/currency_exchange_settings.json:None,External service domain name / API hostname; untranslated exception
frankfurter.dev,,,EXCEPTION-technical,EXCEPTION-technical,"Keep vendor code/symbol/markup content untouched — external service domain name / API hostname, technical exception",stage6-W6-1 Accounts Batch 05 pending-owner-approval 2026-09-27,erpnext/accounts/doctype/currency_exchange_settings/currency_exchange_settings.json:None,External service domain name / API hostname; untranslated exception
subscription is already cancelled.,الاشتراك ملغى بالفعل.,الاشتراك ملغى بالفعل.,PROPOSED-payload,quorum-confirmed-payload,AI draft; requires independent A1/A2/A3 quorum before release.,content:docs/translation/stage6_w601_accounts_batch05_content_evidence_2026-09-27.txt,erpnext/accounts/doctype/subscription/subscription.py:679,Released and imported into catalog under version 1.15
to unallocate the amount of this Return Invoice before cancelling it.,لإلغاء تخصيص مبلغ فاتورة المرتجع هذه قبل إلغائها.,لإلغاء تخصيص مبلغ فاتورة المرتجع هذه قبل إلغائها.,PROPOSED-payload,quorum-confirmed-payload,AI draft; requires independent A1/A2/A3 quorum before release.,content:docs/translation/stage6_w601_accounts_batch05_content_evidence_2026-09-27.txt,erpnext/accounts/doctype/sales_invoice/sales_invoice.py:3087,Released and imported into catalog under version 1.15
variance,انحراف,انحراف,PROPOSED-payload,quorum-confirmed-payload,AI draft; requires independent A1/A2/A3 quorum before release.,content:docs/translation/stage6_w601_accounts_batch05_content_evidence_2026-09-27.txt,erpnext/accounts/report/budget_variance_report/budget_variance_report.js:9,Released and imported into catalog under version 1.15
{0} Budget for Account {1} against {2} {3} is {4}. It is already exceeded by {5}.,ميزانية {0} للحساب {1} مقابل {2} {3} هي {4}. لقد تم تجاوزها بالفعل بمقدار {5}.,ميزانية {0} للحساب {1} مقابل {2} {3} هي {4}. لقد تم تجاوزها بالفعل بمقدار {5}.,PROPOSED-payload,quorum-confirmed-payload,AI draft; requires independent A1/A2/A3 quorum before release.,content:docs/translation/stage6_w601_accounts_batch05_content_evidence_2026-09-27.txt,erpnext/accounts/doctype/budget/budget.py:547,Released and imported into catalog under version 1.15
{0} Budget for Account {1} against {2} {3} is {4}. It will be exceeded by {5}.,ميزانية {0} للحساب {1} مقابل {2} {3} هي {4}. سيتم تجاوزها بمقدار {5}.,ميزانية {0} للحساب {1} مقابل {2} {3} هي {4}. سيتم تجاوزها بمقدار {5}.,PROPOSED-payload,quorum-confirmed-payload,AI draft; requires independent A1/A2/A3 quorum before release.,content:docs/translation/stage6_w601_accounts_batch05_content_evidence_2026-09-27.txt,erpnext/accounts/doctype/budget/budget.py:550,Released and imported into catalog under version 1.15
{0} Transaction(s) Reconciled,تمت تسوية {0} معاملة,تمت تسوية {0} معاملة,PROPOSED-payload,quorum-confirmed-payload,AI draft; requires independent A1/A2/A3 quorum before release.,content:docs/translation/stage6_w601_accounts_batch05_content_evidence_2026-09-27.txt,erpnext/accounts/doctype/bank_reconciliation_tool/bank_reconciliation_tool.py:457,Released and imported into catalog under version 1.15
{0} account is not of company {1},الحساب {0} لا يتبع الشركة {1},الحساب {0} لا يتبع الشركة {1},PROPOSED-payload,quorum-confirmed-payload,AI draft; requires independent A1/A2/A3 quorum before release.,content:docs/translation/stage6_w601_accounts_batch05_content_evidence_2026-09-27.txt,erpnext/accounts/doctype/payment_ledger_entry/payment_ledger_entry.py:59,Released and imported into catalog under version 1.15
{0} account is not of type {1},الحساب {0} ليس من النوع {1},الحساب {0} ليس من النوع {1},PROPOSED-payload,quorum-confirmed-payload,AI draft; requires independent A1/A2/A3 quorum before release.,content:docs/translation/stage6_w601_accounts_batch05_content_evidence_2026-09-27.txt,erpnext/accounts/doctype/payment_ledger_entry/payment_ledger_entry.py:62,Released and imported into catalog under version 1.15
{0} cannot be changed with opened Opening Entries.,لا يمكن تغيير {0} مع وجود قيود افتتاحية مفتوحة.,لا يمكن تغيير {0} مع وجود قيود افتتاحية مفتوحة.,PROPOSED-payload,quorum-confirmed-payload,AI draft; requires independent A1/A2/A3 quorum before release.,content:docs/translation/stage6_w601_accounts_batch05_content_evidence_2026-09-27.txt,erpnext/accounts/doctype/pos_settings/pos_settings.py:52,Released and imported into catalog under version 1.15
{0} cannot be used as a Main Cost Center because it has been used as child in Cost Center Allocation {1},لا يمكن استخدام {0} كمركز تكلفة رئيسي لأنه مستخدم كفرعي في توزيع مركز التكلفة {1},لا يمكن استخدام {0} كمركز تكلفة رئيسي لأنه مستخدم كفرعي في توزيع مركز التكلفة {1},PROPOSED-payload,quorum-confirmed-payload,AI draft; requires independent A1/A2/A3 quorum before release.,content:docs/translation/stage6_w601_accounts_batch05_content_evidence_2026-09-27.txt,erpnext/accounts/doctype/cost_center_allocation/cost_center_allocation.py:136,Released and imported into catalog under version 1.15
{0} cannot be zero,لا يمكن أن يكون {0} صفراً,لا يمكن أن يكون {0} صفراً,PROPOSED-payload,quorum-confirmed-payload,AI draft; requires independent A1/A2/A3 quorum before release.,content:docs/translation/stage6_w601_accounts_batch05_content_evidence_2026-09-27.txt,erpnext/accounts/doctype/payment_request/payment_request.py:120,Released and imported into catalog under version 1.15
{0} has been modified after you pulled it. Please pull it again.,تم تعديل {0} بعد سحبه. يرجى سحبه مرة أخرى.,تم تعديل {0} بعد سحبه. يرجى سحبه مرة أخرى.,PROPOSED-payload,quorum-confirmed-payload,AI draft; requires independent A1/A2/A3 quorum before release.,content:docs/translation/stage6_w601_accounts_batch05_content_evidence_2026-09-27.txt,erpnext/accounts/doctype/payment_reconciliation/payment_reconciliation.py:773,Released and imported into catalog under version 1.15
{0} is added multiple times on rows: {1},تمت إضافة {0} عدة مرات في الصفوف: {1},تمت إضافة {0} عدة مرات في الصفوف: {1},PROPOSED-payload,quorum-confirmed-payload,AI draft; requires independent A1/A2/A3 quorum before release.,content:docs/translation/stage6_w601_accounts_batch05_content_evidence_2026-09-27.txt,erpnext/accounts/doctype/pos_closing_entry/pos_closing_entry.py:100; erpnext/accounts/doctype/pos_closing_entry/pos_closing_entry.py:153; erpnext/accounts/doctype/pos_invoice_merge_log/pos_invoice_merge_log.py:60,Released and imported into catalog under version 1.15
{0} is open. Close the POS or cancel the existing POS Opening Entry to create a new POS Opening Entry.,{0} مفتوح. أغلق نقطة البيع أو ألغِ قيد افتتاح نقطة البيع الحالي لإنشاء قيد افتتاح جديد.,{0} مفتوح. أغلق نقطة البيع أو ألغِ قيد افتتاح نقطة البيع الحالي لإنشاء قيد افتتاح جديد.,PROPOSED-payload,quorum-confirmed-payload,AI draft; requires independent A1/A2/A3 quorum before release.,content:docs/translation/stage6_w601_accounts_batch05_content_evidence_2026-09-27.txt,erpnext/accounts/doctype/pos_opening_entry/pos_opening_entry.py:68,Released and imported into catalog under version 1.15
{0} view is currently unsupported in Custom Financial Report.,عرض {0} غير مدعوم حالياً في التقرير المالي المخصص.,عرض {0} غير مدعوم حالياً في التقرير المالي المخصص.,PROPOSED-payload,quorum-confirmed-payload,AI draft; requires independent A1/A2/A3 quorum before release.,content:docs/translation/stage6_w601_accounts_batch05_content_evidence_2026-09-27.txt,erpnext/accounts/doctype/financial_report_template/financial_report_engine.py:232,Released and imported into catalog under version 1.15
{0} will be given as discount.,سيتم منح {0} كخصم.,سيتم منح {0} كخصم.,PROPOSED-payload,quorum-confirmed-payload,AI draft; requires independent A1/A2/A3 quorum before release.,content:docs/translation/stage6_w601_accounts_batch05_content_evidence_2026-09-27.txt,erpnext/accounts/doctype/payment_term/payment_term.js:19,Released and imported into catalog under version 1.15
{0} {1} Partially Reconciled,{0} {1} تمت تسويته جزئياً,{0} {1} تمت تسويته جزئياً,PROPOSED-payload,quorum-confirmed-payload,AI draft; requires independent A1/A2/A3 quorum before release.,content:docs/translation/stage6_w601_accounts_batch05_content_evidence_2026-09-27.txt,erpnext/accounts/doctype/bank_reconciliation_tool/bank_reconciliation_tool.py:461,Released and imported into catalog under version 1.15
{0} {1} is allocated twice in this Bank Transaction,{0} {1} مخصص مرتين في هذه المعاملة البنكية,{0} {1} مخصص مرتين في هذه المعاملة البنكية,PROPOSED-payload,quorum-confirmed-payload,AI draft; requires independent A1/A2/A3 quorum before release.,content:docs/translation/stage6_w601_accounts_batch05_content_evidence_2026-09-27.txt,erpnext/accounts/doctype/bank_transaction/bank_transaction.py:96,Released and imported into catalog under version 1.15
{0} {1} is not in any active Fiscal Year,{0} {1} ليس في أي سنة مالية نشطة,{0} {1} ليس في أي سنة مالية نشطة,PROPOSED-payload,quorum-confirmed-payload,AI draft; requires independent A1/A2/A3 quorum before release.,content:docs/translation/stage6_w601_accounts_batch05_content_evidence_2026-09-27.txt,erpnext/accounts/utils.py:120,Released and imported into catalog under version 1.15
{0} {1} not allowed to be reposted. Modify {2} to enable reposting.,غير مسموح بإعادة ترحيل {0} {1}. عدّل {2} لتمكين إعادة الترحيل.,غير مسموح بإعادة ترحيل {0} {1}. عدّل {2} لتمكين إعادة الترحيل.,PROPOSED-payload,quorum-confirmed-payload,AI draft; requires independent A1/A2/A3 quorum before release.,content:docs/translation/stage6_w601_accounts_batch05_content_evidence_2026-09-27.txt,erpnext/accounts/doctype/repost_accounting_ledger/repost_accounting_ledger.py:272,Released and imported into catalog under version 1.15
{0} {1}: Account {2} is a Group Account and group accounts cannot be used in transactions,{0} {1}: الحساب {2} هو حساب رئيسي ولا يمكن استخدام الحسابات الرئيسية في المعاملات,{0} {1}: الحساب {2} هو حساب رئيسي ولا يمكن استخدام الحسابات الرئيسية في المعاملات,PROPOSED-payload,quorum-confirmed-payload,AI draft; requires independent A1/A2/A3 quorum before release.,content:docs/translation/stage6_w601_accounts_batch05_content_evidence_2026-09-27.txt,erpnext/accounts/doctype/gl_entry/gl_entry.py:241; erpnext/accounts/doctype/payment_ledger_entry/payment_ledger_entry.py:73,Released and imported into catalog under version 1.15
{0} {1}: Cost Center is required for 'Profit and Loss' account {2}.,{0} {1}: مركز التكلفة مطلوب لحساب 'الأرباح والخسائر' {2}.,{0} {1}: مركز التكلفة مطلوب لحساب 'الأرباح والخسائر' {2}.,PROPOSED-payload,quorum-confirmed-payload,AI draft; requires independent A1/A2/A3 quorum before release.,content:docs/translation/stage6_w601_accounts_batch05_content_evidence_2026-09-27.txt,erpnext/accounts/doctype/gl_entry/gl_entry.py:178,Released and imported into catalog under version 1.15
{0} {1}: Cost Center {2} is a group cost center and group cost centers cannot be used in transactions,{0} {1}: مركز التكلفة {2} هو مركز تكلفة رئيسي ولا يمكن استخدام مراكز التكلفة الرئيسية في المعاملات,{0} {1}: مركز التكلفة {2} هو مركز تكلفة رئيسي ولا يمكن استخدام مراكز التكلفة الرئيسية في المعاملات,PROPOSED-payload,quorum-confirmed-payload,AI draft; requires independent A1/A2/A3 quorum before release.,content:docs/translation/stage6_w601_accounts_batch05_content_evidence_2026-09-27.txt,erpnext/accounts/doctype/gl_entry/gl_entry.py:273,Released and imported into catalog under version 1.15
{0}% of total invoice value will be given as discount.,سيتم منح {0}% من إجمالي قيمة الفاتورة كخصم.,سيتم منح {0}% من إجمالي قيمة الفاتورة كخصم.,PROPOSED-payload,quorum-confirmed-payload,AI draft; requires independent A1/A2/A3 quorum before release.,content:docs/translation/stage6_w601_accounts_batch05_content_evidence_2026-09-27.txt,erpnext/accounts/doctype/payment_term/payment_term.js:15,Released and imported into catalog under version 1.15
{} is a child company.,{} هي شركة تابعة.,{} هي شركة تابعة.,PROPOSED-payload,quorum-confirmed-payload,AI draft; requires independent A1/A2/A3 quorum before release.,content:docs/translation/stage6_w601_accounts_batch05_content_evidence_2026-09-27.txt,erpnext/accounts/doctype/chart_of_accounts_importer/chart_of_accounts_importer.py:66,Released and imported into catalog under version 1.15
{} {} is already linked with another {},{} {} مرتبط بالفعل بـ {} آخر,{} {} مرتبط بالفعل بـ {} آخر,PROPOSED-payload,quorum-confirmed-payload,AI draft; requires independent A1/A2/A3 quorum before release.,content:docs/translation/stage6_w601_accounts_batch05_content_evidence_2026-09-27.txt,erpnext/accounts/doctype/party_link/party_link.py:53; erpnext/accounts/doctype/party_link/party_link.py:63,Released and imported into catalog under version 1.15
{} {} is already linked with {} {},{} {} مرتبط بالفعل بـ {} {},{} {} مرتبط بالفعل بـ {} {},PROPOSED-payload,quorum-confirmed-payload,AI draft; requires independent A1/A2/A3 quorum before release.,content:docs/translation/stage6_w601_accounts_batch05_content_evidence_2026-09-27.txt,erpnext/accounts/doctype/party_link/party_link.py:40,Released and imported into catalog under version 1.15
{} {} is not affecting bank account {},{} {} لا يؤثر على الحساب البنكي {},{} {} لا يؤثر على الحساب البنكي {},PROPOSED-payload,quorum-confirmed-payload,AI draft; requires independent A1/A2/A3 quorum before release.,content:docs/translation/stage6_w601_accounts_batch05_content_evidence_2026-09-27.txt,erpnext/accounts/doctype/bank_transaction/bank_transaction.py:385,Released and imported into catalog under version 1.15
