source_text,proposed_ar,proposed_disposition,disposition_rationale,decision_ref,locations
 Is Subcontracted,من الباطن,preserved-site-override,Preserve the exact live v16.localhost Site Override; do not import or replace.,stage6-W6-6 Manufacturing Batch 01 owner-approved 2026-09-24,erpnext/manufacturing/doctype/job_card/job_card.json:None
 Skip Material Transfer,تخطي نقل المواد,preserved-site-override,Preserve the exact live v16.localhost Site Override; do not import or replace.,stage6-W6-6 Manufacturing Batch 01 owner-approved 2026-09-24,erpnext/manufacturing/doctype/bom_operation/bom_operation.json:None
# In Stock,العدد في المخزون,PROPOSED-payload,AI draft; requires independent A1/A2/A3 quorum before release.,stage6-W6-6 Manufacturing Batch 01 owner-approved 2026-09-24,erpnext/manufacturing/report/work_order_stock_report/work_order_stock_report.py:148
# Req'd Items,عدد الأصناف المطلوبة,PROPOSED-payload,AI draft; requires independent A1/A2/A3 quorum before release.,stage6-W6-6 Manufacturing Batch 01 owner-approved 2026-09-24,erpnext/manufacturing/report/work_order_stock_report/work_order_stock_report.py:141
% Finished Item Quantity,نسبة كمية الصنف النهائي,preserved-site-override,Preserve the exact live v16.localhost Site Override; do not import or replace.,stage6-W6-6 Manufacturing Batch 01 owner-approved 2026-09-24,erpnext/manufacturing/doctype/bom/bom.js:962
% Process Loss,نسبة خسارة العملية,preserved-site-override,Preserve the exact live v16.localhost Site Override; do not import or replace.,stage6-W6-6 Manufacturing Batch 01 owner-approved 2026-09-24,erpnext/manufacturing/doctype/bom/bom.json:None; erpnext/stock/doctype/stock_entry/stock_entry.json:None; erpnext/subcontracting/doctype/subcontracting_inward_order/subcontracting_inward_order.json:None
0-30 Days,0-30 يومًا,PROPOSED-payload,AI draft; requires independent A1/A2/A3 quorum before release.,stage6-W6-6 Manufacturing Batch 01 owner-approved 2026-09-24,erpnext/manufacturing/report/work_order_summary/work_order_summary.py:110
30-60 Days,30-60 يومًا,PROPOSED-payload,AI draft; requires independent A1/A2/A3 quorum before release.,stage6-W6-6 Manufacturing Batch 01 owner-approved 2026-09-24,erpnext/manufacturing/report/work_order_summary/work_order_summary.py:110
60-90 Days,60-90 يومًا,PROPOSED-payload,AI draft; requires independent A1/A2/A3 quorum before release.,stage6-W6-6 Manufacturing Batch 01 owner-approved 2026-09-24,erpnext/manufacturing/report/work_order_summary/work_order_summary.py:110
A Holiday List can be added to exclude counting these days for the Workstation.,يمكن إضافة قائمة عطلات لاستبعاد حساب هذه الأيام لمحطة العمل.,PROPOSED-payload,AI draft; requires independent A1/A2/A3 quorum before release.,stage6-W6-6 Manufacturing Batch 01 owner-approved 2026-09-24,erpnext/manufacturing/doctype/workstation/workstation.js:73
Active Status,حالة نشطة,preserved-site-override,Preserve the exact live v16.localhost Site Override; do not import or replace.,stage6-W6-6 Manufacturing Batch 01 owner-approved 2026-09-24,erpnext/manufacturing/doctype/workstation/workstation.json:None
Actual Demand,الطلب الفعلي,preserved-site-override,Preserve the exact live v16.localhost Site Override; do not import or replace.,stage6-W6-6 Manufacturing Batch 01 owner-approved 2026-09-24,erpnext/manufacturing/doctype/master_production_schedule/master_production_schedule.json:None
Actual End Date cannot be before Actual Start Date,لا يمكن أن يكون تاريخ الانتهاء الفعلي قبل تاريخ البدء الفعلي,PROPOSED-payload,AI draft; requires independent A1/A2/A3 quorum before release.,stage6-W6-6 Manufacturing Batch 01 owner-approved 2026-09-24,erpnext/manufacturing/doctype/work_order/work_order.py:222
Actual Qty {0} / Waiting Qty {1},الكمية الفعلية {0} / كمية الانتظار {1},PROPOSED-payload,AI draft; requires independent A1/A2/A3 quorum before release.,stage6-W6-6 Manufacturing Batch 01 owner-approved 2026-09-24,erpnext/manufacturing/doctype/plant_floor/stock_summary_template.html:37; erpnext/stock/dashboard/item_dashboard_list.html:28
Actual Qty: Quantity available in the warehouse.,الكمية الفعلية: الكمية المتوفرة في المستودع.,PROPOSED-payload,AI draft; requires independent A1/A2/A3 quorum before release.,stage6-W6-6 Manufacturing Batch 01 owner-approved 2026-09-24,erpnext/manufacturing/doctype/production_plan/production_plan.js:179
Actual Time,الوقت الفعلي,preserved-site-override,Preserve the exact live v16.localhost Site Override; do not import or replace.,stage6-W6-6 Manufacturing Batch 01 owner-approved 2026-09-24,erpnext/manufacturing/doctype/job_card/job_card.json:None
Ad-hoc Qty,كمية خاصة,PROPOSED-payload,AI draft; requires independent A1/A2/A3 quorum before release.,stage6-W6-6 Manufacturing Batch 01 owner-approved 2026-09-24,erpnext/manufacturing/report/material_requirements_planning_report/material_requirements_planning_report.py:1005
Add Corrective Operation Cost in Finished Good Valuation,إضافة تكلفة العملية التصحيحية في تقييم المنتج التام الصنع,PROPOSED-payload,AI draft; requires independent A1/A2/A3 quorum before release.,stage6-W6-6 Manufacturing Batch 01 owner-approved 2026-09-24,erpnext/manufacturing/doctype/manufacturing_settings/manufacturing_settings.json:None
Add Raw Materials,إضافة المواد الخام,preserved-site-override,Preserve the exact live v16.localhost Site Override; do not import or replace.,stage6-W6-6 Manufacturing Batch 01 owner-approved 2026-09-24,erpnext/manufacturing/doctype/bom/bom.js:990; erpnext/manufacturing/doctype/bom_operation/bom_operation.json:None
Add Safety Stock,إضافة مخزون أمان,preserved-site-override,Preserve the exact live v16.localhost Site Override; do not import or replace.,stage6-W6-6 Manufacturing Batch 01 owner-approved 2026-09-24,erpnext/manufacturing/report/material_requirements_planning_report/material_requirements_planning_report.js:82
Add Stock,إضافة مخزون,preserved-site-override,Preserve the exact live v16.localhost Site Override; do not import or replace.,stage6-W6-6 Manufacturing Batch 01 owner-approved 2026-09-24,erpnext/manufacturing/doctype/plant_floor/plant_floor.js:200
Additional Material Transfer,نقل مواد إضافية,preserved-site-override,Preserve the exact live v16.localhost Site Override; do not import or replace.,stage6-W6-6 Manufacturing Batch 01 owner-approved 2026-09-24,erpnext/manufacturing/doctype/work_order/work_order.js:787
Additional Transferred Qty,الكمية الإضافية المنقولة,preserved-site-override,Preserve the exact live v16.localhost Site Override; do not import or replace.,stage6-W6-6 Manufacturing Batch 01 owner-approved 2026-09-24,erpnext/manufacturing/doctype/work_order/work_order.json:None
Adjust Qty,تعديل الكمية,preserved-site-override,Preserve the exact live v16.localhost Site Override; do not import or replace.,stage6-W6-6 Manufacturing Batch 01 owner-approved 2026-09-24,erpnext/manufacturing/doctype/sales_forecast_item/sales_forecast_item.json:None
All items are already requested,تم طلب جميع الأصناف بالفعل,PROPOSED-payload,AI draft; requires independent A1/A2/A3 quorum before release.,stage6-W6-6 Manufacturing Batch 01 owner-approved 2026-09-24,erpnext/manufacturing/doctype/production_plan/production_plan.py:946
Allow Continuous Material Consumption,السماح بالاستهلاك المستمر للمواد,preserved-site-override,Preserve the exact live v16.localhost Site Override; do not import or replace.,stage6-W6-6 Manufacturing Batch 01 owner-approved 2026-09-24,erpnext/manufacturing/doctype/manufacturing_settings/manufacturing_settings.json:None
Allow Editing of Items and Quantities in Work Order,السماح بتعديل الأصناف والكميات في أمر العمل,PROPOSED-payload,AI draft; requires independent A1/A2/A3 quorum before release.,stage6-W6-6 Manufacturing Batch 01 owner-approved 2026-09-24,erpnext/manufacturing/doctype/manufacturing_settings/manufacturing_settings.json:None
Allow Excess Material Transfer,السماح بنقل مواد زائدة,preserved-site-override,Preserve the exact live v16.localhost Site Override; do not import or replace.,stage6-W6-6 Manufacturing Batch 01 owner-approved 2026-09-24,erpnext/manufacturing/doctype/manufacturing_settings/manufacturing_settings.json:None
Allow material consumptions without immediately manufacturing finished goods against a Work Order,السماح باستهلاك المواد دون تصنيع المنتجات تامة الصنع فورًا مقابل أمر العمل,PROPOSED-payload,AI draft; requires independent A1/A2/A3 quorum before release.,stage6-W6-6 Manufacturing Batch 01 owner-approved 2026-09-24,erpnext/manufacturing/doctype/manufacturing_settings/manufacturing_settings.json:None
Allow transferring raw materials even after the Required Quantity is fulfilled,السماح بنقل المواد الخام حتى بعد استيفاء الكمية المطلوبة,PROPOSED-payload,AI draft; requires independent A1/A2/A3 quorum before release.,stage6-W6-6 Manufacturing Batch 01 owner-approved 2026-09-24,erpnext/manufacturing/doctype/manufacturing_settings/manufacturing_settings.json:None
"As there are sufficient Sub Assembly Items, Work Order is not required for Warehouse {0}.",نظرًا لوجود عدد كافٍ من عناصر التجميع الفرعي، فإن أمر العمل غير مطلوب للمستودع {0}.,PROPOSED-payload,AI draft; requires independent A1/A2/A3 quorum before release.,stage6-W6-6 Manufacturing Batch 01 owner-approved 2026-09-24,erpnext/manufacturing/doctype/production_plan/production_plan.py:1066
Assembly Items,أصناف التجميع,preserved-site-override,Preserve the exact live v16.localhost Site Override; do not import or replace.,stage6-W6-6 Manufacturing Batch 01 owner-approved 2026-09-24,erpnext/manufacturing/doctype/production_plan/production_plan.json:None
Assign Job to Employee,إسناد العمل إلى موظف,preserved-site-override,Preserve the exact live v16.localhost Site Override; do not import or replace.,stage6-W6-6 Manufacturing Batch 01 owner-approved 2026-09-24,erpnext/manufacturing/doctype/job_card/job_card.js:232
At row {0}: Parent Row No cannot be set for item {1},في الصف {0}: لا يمكن تحديد رقم الصف الأصل للصنف {1},PROPOSED-payload,AI draft; requires independent A1/A2/A3 quorum before release.,stage6-W6-6 Manufacturing Batch 01 owner-approved 2026-09-24,erpnext/manufacturing/doctype/bom_creator/bom_creator.py:95
At row {0}: set Parent Row No for item {1},في الصف {0}: حدد رقم الصف الأصل للصنف {1},PROPOSED-payload,AI draft; requires independent A1/A2/A3 quorum before release.,stage6-W6-6 Manufacturing Batch 01 owner-approved 2026-09-24,erpnext/manufacturing/doctype/bom_creator/bom_creator.py:89
BIN Qty,كمية الحاوية,preserved-site-override,Preserve the exact live v16.localhost Site Override; do not import or replace.,stage6-W6-6 Manufacturing Batch 01 owner-approved 2026-09-24,erpnext/manufacturing/doctype/material_request_plan_item/material_request_plan_item.json:None
BOM 1,قائمة المواد 1,preserved-site-override,Preserve the exact live v16.localhost Site Override; do not import or replace.,stage6-W6-6 Manufacturing Batch 01 owner-approved 2026-09-24,erpnext/manufacturing/page/bom_comparison_tool/bom_comparison_tool.js:21
BOM 2,قائمة المواد 2,preserved-site-override,Preserve the exact live v16.localhost Site Override; do not import or replace.,stage6-W6-6 Manufacturing Batch 01 owner-approved 2026-09-24,erpnext/manufacturing/page/bom_comparison_tool/bom_comparison_tool.js:38
BOM Created,تم إنشاء قائمة المواد,preserved-site-override,Preserve the exact live v16.localhost Site Override; do not import or replace.,stage6-W6-6 Manufacturing Batch 01 owner-approved 2026-09-24,erpnext/manufacturing/doctype/bom_creator_item/bom_creator_item.json:None
BOM Creator,منشئ قائمة المواد,preserved-site-override,Preserve the exact live v16.localhost Site Override; do not import or replace.,stage6-W6-6 Manufacturing Batch 01 owner-approved 2026-09-24,erpnext/manufacturing/doctype/bom/bom.json:None; erpnext/manufacturing/doctype/bom_creator/bom_creator.json:None; erpnext/manufacturing/workspace/manufacturing/manufacturing.json:None
BOM Creator Item,عنصر منشئ قائمة المواد,preserved-site-override,Preserve the exact live v16.localhost Site Override; do not import or replace.,stage6-W6-6 Manufacturing Batch 01 owner-approved 2026-09-24,erpnext/manufacturing/doctype/bom/bom.json:None; erpnext/manufacturing/doctype/bom_creator_item/bom_creator_item.json:None
BOM Explorer,مستكشف قائمة المواد,preserved-site-override,Preserve the exact live v16.localhost Site Override; do not import or replace.,stage6-W6-6 Manufacturing Batch 01 owner-approved 2026-09-24,erpnext/manufacturing/report/bom_explorer/bom_explorer.json:None
BOM Level,مستوى قائمة المواد,preserved-site-override,Preserve the exact live v16.localhost Site Override; do not import or replace.,stage6-W6-6 Manufacturing Batch 01 owner-approved 2026-09-24,erpnext/manufacturing/report/bom_explorer/bom_explorer.py:71; erpnext/manufacturing/report/production_plan_summary/production_plan_summary.py:174
BOM No (For Semi-Finished Goods),رقم قائمة المواد (للبضائع شبه المصنعة),PROPOSED-payload,AI draft; requires independent A1/A2/A3 quorum before release.,stage6-W6-6 Manufacturing Batch 01 owner-approved 2026-09-24,erpnext/manufacturing/doctype/work_order_operation/work_order_operation.json:None
BOM Tree,شجرة قائمة المواد,preserved-site-override,Preserve the exact live v16.localhost Site Override; do not import or replace.,stage6-W6-6 Manufacturing Batch 01 owner-approved 2026-09-24,erpnext/manufacturing/doctype/bom_creator/bom_creator.json:None
BOM UOM,وحدة قياس قائمة المواد,preserved-site-override,Preserve the exact live v16.localhost Site Override; do not import or replace.,stage6-W6-6 Manufacturing Batch 01 owner-approved 2026-09-24,erpnext/manufacturing/report/bom_stock_report/bom_stock_report.py:27
BOM Update Batch,دفعة تحديث قائمة المواد,preserved-site-override,Preserve the exact live v16.localhost Site Override; do not import or replace.,stage6-W6-6 Manufacturing Batch 01 owner-approved 2026-09-24,erpnext/manufacturing/doctype/bom_update_batch/bom_update_batch.json:None
BOM Update Initiated,بدأ تحديث قائمة المواد,preserved-site-override,Preserve the exact live v16.localhost Site Override; do not import or replace.,stage6-W6-6 Manufacturing Batch 01 owner-approved 2026-09-24,erpnext/manufacturing/doctype/bom_update_tool/bom_update_tool.js:84
BOM Update Log,سجل تحديث قائمة المواد,preserved-site-override,Preserve the exact live v16.localhost Site Override; do not import or replace.,stage6-W6-6 Manufacturing Batch 01 owner-approved 2026-09-24,erpnext/manufacturing/doctype/bom_update_log/bom_update_log.json:None
BOM Update Tool Log with job status maintained,سجل أداة تحديث قائمة المواد مع الحفاظ على حالة المهمة,PROPOSED-payload,AI draft; requires independent A1/A2/A3 quorum before release.,stage6-W6-6 Manufacturing Batch 01 owner-approved 2026-09-24,erpnext/manufacturing/doctype/bom_update_log/bom_update_log.json:None
BOM Updation already in progress. Please wait until {0} is complete.,تحديث قائمة المواد قيد التنفيذ بالفعل. يرجى الانتظار حتى يكتمل {0}.,PROPOSED-payload,AI draft; requires independent A1/A2/A3 quorum before release.,stage6-W6-6 Manufacturing Batch 01 owner-approved 2026-09-24,erpnext/manufacturing/doctype/bom_update_log/bom_update_log.py:99
BOM Updation is queued and may take a few minutes. Check {0} for progress.,تم وضع تحديث قائمة المواد في قائمة الانتظار وقد يستغرق بضع دقائق. تحقق من {0} لمتابعة التقدم.,PROPOSED-payload,AI draft; requires independent A1/A2/A3 quorum before release.,stage6-W6-6 Manufacturing Batch 01 owner-approved 2026-09-24,erpnext/manufacturing/doctype/bom_update_tool/bom_update_tool.js:81
BOM and Production,قائمة المواد والإنتاج,preserved-site-override,Preserve the exact live v16.localhost Site Override; do not import or replace.,stage6-W6-6 Manufacturing Batch 01 owner-approved 2026-09-24,erpnext/manufacturing/doctype/manufacturing_settings/manufacturing_settings.json:None
BOM recursion: {1} cannot be parent or child of {0},تداخل دائري في قائمة المواد: لا يمكن أن يكون {1} أصلاً أو فرعاً لـ {0},PROPOSED-payload,AI draft; requires independent A1/A2/A3 quorum before release.,stage6-W6-6 Manufacturing Batch 01 owner-approved 2026-09-24,erpnext/manufacturing/doctype/bom/bom.py:700
BOM {0} not found for the item {1},قائمة المواد {0} غير موجودة للصنف {1},PROPOSED-payload,AI draft; requires independent A1/A2/A3 quorum before release.,stage6-W6-6 Manufacturing Batch 01 owner-approved 2026-09-24,erpnext/manufacturing/doctype/bom/bom.py:788
BOMs Updated,تم تحديث قوائم المواد,PROPOSED-payload,AI draft; requires independent A1/A2/A3 quorum before release.,stage6-W6-6 Manufacturing Batch 01 owner-approved 2026-09-24,erpnext/manufacturing/doctype/bom_update_batch/bom_update_batch.json:None
BOMs created successfully,تم إنشاء قوائم المواد بنجاح,PROPOSED-payload,AI draft; requires independent A1/A2/A3 quorum before release.,stage6-W6-6 Manufacturing Batch 01 owner-approved 2026-09-24,erpnext/manufacturing/doctype/bom_creator/bom_creator.py:274
BOMs creation failed,فشل إنشاء قوائم المواد,PROPOSED-payload,AI draft; requires independent A1/A2/A3 quorum before release.,stage6-W6-6 Manufacturing Batch 01 owner-approved 2026-09-24,erpnext/manufacturing/doctype/bom_creator/bom_creator.py:284
"BOMs creation has been enqueued, kindly check the status after some time",تم وضع إنشاء قوائم المواد في قائمة الانتظار، يرجى التحقق من الحالة بعد فترة,PROPOSED-payload,AI draft; requires independent A1/A2/A3 quorum before release.,stage6-W6-6 Manufacturing Batch 01 owner-approved 2026-09-24,erpnext/manufacturing/doctype/bom_creator/bom_creator.py:224
Backflush Materials From WIP Warehouse,سحب المواد تلقائيا من مستودع تحت التشغيل,preserved-site-override,Preserve the exact live v16.localhost Site Override; do not import or replace.,stage6-W6-6 Manufacturing Batch 01 owner-approved 2026-09-24,erpnext/manufacturing/doctype/bom_operation/bom_operation.json:None; erpnext/manufacturing/doctype/job_card/job_card.json:None; erpnext/manufacturing/doctype/work_order/work_order.js:368; erpnext/manufacturing/doctype/work_order_operation/work_order_operation.json:None
Base Amount,المبلغ الأساسي,preserved-site-override,Preserve the exact live v16.localhost Site Override; do not import or replace.,stage6-W6-6 Manufacturing Batch 01 owner-approved 2026-09-24,erpnext/manufacturing/doctype/bom_creator_item/bom_creator_item.json:None
Base Cost Per Unit,التكلفة الأساسية لكل وحدة,preserved-site-override,Preserve the exact live v16.localhost Site Override; do not import or replace.,stage6-W6-6 Manufacturing Batch 01 owner-approved 2026-09-24,erpnext/manufacturing/doctype/bom_operation/bom_operation.json:None
Base Rate,السعر الأساسي,preserved-site-override,Preserve the exact live v16.localhost Site Override; do not import or replace.,stage6-W6-6 Manufacturing Batch 01 owner-approved 2026-09-24,erpnext/manufacturing/doctype/bom_creator_item/bom_creator_item.json:None
Batch No.,رقم الدفعة,preserved-site-override,Preserve the exact live v16.localhost Site Override; do not import or replace.,stage6-W6-6 Manufacturing Batch 01 owner-approved 2026-09-24,erpnext/manufacturing/doctype/bom_update_batch/bom_update_batch.json:None
Batch not created for item {} since it does not have a batch series.,لم يتم إنشاء تشغيلة للصنف {} لأنه لا يحتوي على سلسلة تشغيلات.,PROPOSED-payload,AI draft; requires independent A1/A2/A3 quorum before release.,stage6-W6-6 Manufacturing Batch 01 owner-approved 2026-09-24,erpnext/manufacturing/doctype/work_order/work_order.py:880
Bucket Size,حجم الفئة,PROPOSED-payload,AI draft; requires independent A1/A2/A3 quorum before release.,stage6-W6-6 Manufacturing Batch 01 owner-approved 2026-09-24,erpnext/manufacturing/report/material_requirements_planning_report/material_requirements_planning_report.js:101
Build All?,إنشاء الكل؟,preserved-site-override,Preserve the exact live v16.localhost Site Override; do not import or replace.,stage6-W6-6 Manufacturing Batch 01 owner-approved 2026-09-24,erpnext/manufacturing/report/work_order_stock_report/work_order_stock_report.py:162
Buildable Qty,الكمية القابلة للتصنيع,preserved-site-override,Preserve the exact live v16.localhost Site Override; do not import or replace.,stage6-W6-6 Manufacturing Batch 01 owner-approved 2026-09-24,erpnext/manufacturing/report/work_order_stock_report/work_order_stock_report.py:155
Can not close Work Order. Since {0} Job Cards are in Work In Progress state.,لا يمكن إغلاق أمر العمل. نظرًا لأن بطاقات العمل {0} في حالة قيد التنفيذ.,PROPOSED-payload,AI draft; requires independent A1/A2/A3 quorum before release.,stage6-W6-6 Manufacturing Batch 01 owner-approved 2026-09-24,erpnext/manufacturing/doctype/work_order/work_order.py:2454
Cannot disassemble more than produced quantity.,لا يمكن تفكيك كمية أكبر من الكمية المنتجة.,PROPOSED-payload,AI draft; requires independent A1/A2/A3 quorum before release.,stage6-W6-6 Manufacturing Batch 01 owner-approved 2026-09-24,erpnext/manufacturing/doctype/work_order/work_order.py:677
Cannot produce more item for {0},لا يمكن إنتاج المزيد من الصنف لـ {0},PROPOSED-payload,AI draft; requires independent A1/A2/A3 quorum before release.,stage6-W6-6 Manufacturing Batch 01 owner-approved 2026-09-24,erpnext/manufacturing/doctype/work_order/work_order.py:1420
Cannot produce more than {0} items for {1},لا يمكن إنتاج أكثر من {0} عناصر لـ {1},PROPOSED-payload,AI draft; requires independent A1/A2/A3 quorum before release.,stage6-W6-6 Manufacturing Batch 01 owner-approved 2026-09-24,erpnext/manufacturing/doctype/work_order/work_order.py:1424
Changes in {0},التغييرات في {0},preserved-site-override,Preserve the exact live v16.localhost Site Override; do not import or replace.,stage6-W6-6 Manufacturing Batch 01 owner-approved 2026-09-24,erpnext/manufacturing/page/bom_comparison_tool/bom_comparison_tool.js:155
Click on Get Sales Orders to fetch sales orders based on the above filters.,انقر فوق جلب أوامر البيع لجلب أوامر البيع بناءً على عوامل التصفية أعلاه.,PROPOSED-payload,AI draft; requires independent A1/A2/A3 quorum before release.,stage6-W6-6 Manufacturing Batch 01 owner-approved 2026-09-24,erpnext/manufacturing/doctype/production_plan/production_plan.js:714
Closed Work Order can not be stopped or Re-opened,لا يمكن إيقاف أمر عمل مغلق أو إعادة فتحه,preserved-site-override,Preserve the exact live v16.localhost Site Override; do not import or replace.,stage6-W6-6 Manufacturing Batch 01 owner-approved 2026-09-24,erpnext/manufacturing/doctype/work_order/work_order.py:2377
Complete Job,إكمال العمل,preserved-site-override,Preserve the exact live v16.localhost Site Override; do not import or replace.,stage6-W6-6 Manufacturing Batch 01 owner-approved 2026-09-24,erpnext/manufacturing/doctype/job_card/job_card.js:269; erpnext/manufacturing/doctype/workstation/workstation.js:151
Completed Time,الوقت المكتمل,preserved-site-override,Preserve the exact live v16.localhost Site Override; do not import or replace.,stage6-W6-6 Manufacturing Batch 01 owner-approved 2026-09-24,erpnext/manufacturing/doctype/job_card_operation/job_card_operation.json:None
Component Expense Account,حساب مصروف المكون,preserved-site-override,Preserve the exact live v16.localhost Site Override; do not import or replace.,stage6-W6-6 Manufacturing Batch 01 owner-approved 2026-09-24,erpnext/manufacturing/doctype/workstation_operating_component/workstation_operating_component.json:None
Component Name,اسم المكون,preserved-site-override,Preserve the exact live v16.localhost Site Override; do not import or replace.,stage6-W6-6 Manufacturing Batch 01 owner-approved 2026-09-24,erpnext/manufacturing/doctype/workstation_operating_component/workstation_operating_component.json:None
Consider Minimum Order Qty,احتساب الحد الأدنى لكمية الطلب,preserved-site-override,Preserve the exact live v16.localhost Site Override; do not import or replace.,stage6-W6-6 Manufacturing Batch 01 owner-approved 2026-09-24,erpnext/manufacturing/doctype/production_plan/production_plan.json:None
Consider Process Loss,احتساب خسارة العملية,preserved-site-override,Preserve the exact live v16.localhost Site Override; do not import or replace.,stage6-W6-6 Manufacturing Batch 01 owner-approved 2026-09-24,erpnext/manufacturing/doctype/work_order/work_order.js:993
Consider Projected Qty in Calculation,احتساب الكمية المتوقعة في الحساب,preserved-site-override,Preserve the exact live v16.localhost Site Override; do not import or replace.,stage6-W6-6 Manufacturing Batch 01 owner-approved 2026-09-24,erpnext/manufacturing/doctype/production_plan/production_plan.json:None
Consider Projected Qty in Calculation (RM),احتساب الكمية المتوقعة في الحساب (مواد خام),preserved-site-override,Preserve the exact live v16.localhost Site Override; do not import or replace.,stage6-W6-6 Manufacturing Batch 01 owner-approved 2026-09-24,erpnext/manufacturing/doctype/production_plan/production_plan.json:None
Consolidate Sales Order Items,تجميع أصناف أمر البيع,preserved-site-override,Preserve the exact live v16.localhost Site Override; do not import or replace.,stage6-W6-6 Manufacturing Batch 01 owner-approved 2026-09-24,erpnext/manufacturing/doctype/production_plan/production_plan.json:None
Consolidate Sub Assembly Items,تجميع أصناف التجميع الفرعي,preserved-site-override,Preserve the exact live v16.localhost Site Override; do not import or replace.,stage6-W6-6 Manufacturing Batch 01 owner-approved 2026-09-24,erpnext/manufacturing/doctype/production_plan/production_plan.json:None
Consumed Qty cannot be greater than Reserved Qty for item {0},لا يمكن أن تكون الكمية المستهلكة أكبر من الكمية المحجوزة للصنف {0},PROPOSED-payload,AI draft; requires independent A1/A2/A3 quorum before release.,stage6-W6-6 Manufacturing Batch 01 owner-approved 2026-09-24,erpnext/manufacturing/doctype/work_order/work_order.py:1712
Corrective Job Card,بطاقة عمل تصحيحية,preserved-site-override,Preserve the exact live v16.localhost Site Override; do not import or replace.,stage6-W6-6 Manufacturing Batch 01 owner-approved 2026-09-24,erpnext/manufacturing/doctype/job_card/job_card.js:495
Corrective Operation,عملية تصحيحية,preserved-site-override,Preserve the exact live v16.localhost Site Override; do not import or replace.,stage6-W6-6 Manufacturing Batch 01 owner-approved 2026-09-24,erpnext/manufacturing/doctype/job_card/job_card.js:502; erpnext/manufacturing/doctype/job_card/job_card.json:None
Corrective Operation Cost,تكلفة العملية التصحيحية,preserved-site-override,Preserve the exact live v16.localhost Site Override; do not import or replace.,stage6-W6-6 Manufacturing Batch 01 owner-approved 2026-09-24,erpnext/manufacturing/doctype/work_order/work_order.json:None
Cost Configuration,تهيئة التكلفة,preserved-site-override,Preserve the exact live v16.localhost Site Override; do not import or replace.,stage6-W6-6 Manufacturing Batch 01 owner-approved 2026-09-24,erpnext/manufacturing/doctype/bom/bom.json:None
Cost Per Unit,التكلفة لكل وحدة,preserved-site-override,Preserve the exact live v16.localhost Site Override; do not import or replace.,stage6-W6-6 Manufacturing Batch 01 owner-approved 2026-09-24,erpnext/manufacturing/doctype/bom_operation/bom_operation.json:None
Cost of Poor Quality Report,تقرير تكلفة الجودة الرديئة,preserved-site-override,Preserve the exact live v16.localhost Site Override; do not import or replace.,stage6-W6-6 Manufacturing Batch 01 owner-approved 2026-09-24,erpnext/manufacturing/report/cost_of_poor_quality_report/cost_of_poor_quality_report.json:None
Costing,احتساب التكلفة,preserved-site-override,Preserve the exact live v16.localhost Site Override; do not import or replace.,stage6-W6-6 Manufacturing Batch 01 owner-approved 2026-09-24,erpnext/manufacturing/doctype/bom/bom.json:None; erpnext/manufacturing/doctype/bom_creator/bom_creator.json:None; erpnext/manufacturing/doctype/bom_operation/bom_operation.json:None; erpnext/projects/doctype/task/task.json:None
Costing Details,تفاصيل احتساب التكلفة,preserved-site-override,Preserve the exact live v16.localhost Site Override; do not import or replace.,stage6-W6-6 Manufacturing Batch 01 owner-approved 2026-09-24,erpnext/manufacturing/doctype/bom_creator/bom_creator.json:None
Create Job Card based on Batch Size,إنشاء بطاقة عمل حسب حجم الدفعة,preserved-site-override,Preserve the exact live v16.localhost Site Override; do not import or replace.,stage6-W6-6 Manufacturing Batch 01 owner-approved 2026-09-24,erpnext/manufacturing/doctype/operation/operation.json:None
Create MPS,إنشاء خطة الإنتاج الرئيسية,preserved-site-override,Preserve the exact live v16.localhost Site Override; do not import or replace.,stage6-W6-6 Manufacturing Batch 01 owner-approved 2026-09-24,erpnext/manufacturing/doctype/sales_forecast/sales_forecast.js:41
Create Multi-level BOM,إنشاء قائمة مواد متعددة المستويات,preserved-site-override,Preserve the exact live v16.localhost Site Override; do not import or replace.,stage6-W6-6 Manufacturing Batch 01 owner-approved 2026-09-24,erpnext/manufacturing/doctype/bom_creator/bom_creator.js:164
Create Workstation,إنشاء محطة عمل,preserved-site-override,Preserve the exact live v16.localhost Site Override; do not import or replace.,stage6-W6-6 Manufacturing Batch 01 owner-approved 2026-09-24,erpnext/manufacturing/doctype/plant_floor/plant_floor.js:10
Current Level,المستوى الحالي,preserved-site-override,Preserve the exact live v16.localhost Site Override; do not import or replace.,stage6-W6-6 Manufacturing Batch 01 owner-approved 2026-09-24,erpnext/manufacturing/doctype/bom_update_log/bom_update_log.json:None
Delivery From Date,تاريخ التسليم من,PROPOSED-payload,AI draft; requires independent A1/A2/A3 quorum before release.,stage6-W6-6 Manufacturing Batch 01 owner-approved 2026-09-24,erpnext/manufacturing/doctype/master_production_schedule/master_production_schedule.js:119
Delivery To Date,تاريخ التسليم إلى,PROPOSED-payload,AI draft; requires independent A1/A2/A3 quorum before release.,stage6-W6-6 Manufacturing Batch 01 owner-approved 2026-09-24,erpnext/manufacturing/doctype/master_production_schedule/master_production_schedule.js:125
Demand,الطلب,preserved-site-override,Preserve the exact live v16.localhost Site Override; do not import or replace.,stage6-W6-6 Manufacturing Batch 01 owner-approved 2026-09-24,erpnext/manufacturing/doctype/master_production_schedule/master_production_schedule.json:None; erpnext/manufacturing/report/exponential_smoothing_forecasting/exponential_smoothing_forecasting.py:233; erpnext/manufacturing/report/material_requirements_planning_report/material_requirements_planning_report.py:311; erpnext/manufacturing/report/material_requirements_planning_report/material_requirements_planning_report.py:376
Demand Qty,كمية الطلب,preserved-site-override,Preserve the exact live v16.localhost Site Override; do not import or replace.,stage6-W6-6 Manufacturing Batch 01 owner-approved 2026-09-24,erpnext/manufacturing/doctype/sales_forecast_item/sales_forecast_item.json:None; erpnext/manufacturing/report/material_requirements_planning_report/material_requirements_planning_report.py:999
Demand vs Supply,الطلب مقابل العرض,preserved-site-override,Preserve the exact live v16.localhost Site Override; do not import or replace.,stage6-W6-6 Manufacturing Batch 01 owner-approved 2026-09-24,erpnext/manufacturing/report/material_requirements_planning_report/material_requirements_planning_report.py:323; erpnext/manufacturing/report/material_requirements_planning_report/material_requirements_planning_report.py:388
Difference Qty,كمية الفرق,preserved-site-override,Preserve the exact live v16.localhost Site Override; do not import or replace.,stage6-W6-6 Manufacturing Batch 01 owner-approved 2026-09-24,erpnext/manufacturing/report/bom_stock_calculated/bom_stock_calculated.py:100
Disassemble Order,أمر تفكيك,preserved-site-override,Preserve the exact live v16.localhost Site Override; do not import or replace.,stage6-W6-6 Manufacturing Batch 01 owner-approved 2026-09-24,erpnext/manufacturing/doctype/work_order/work_order.js:232
Disassembled Qty,الكمية المفككة,preserved-site-override,Preserve the exact live v16.localhost Site Override; do not import or replace.,stage6-W6-6 Manufacturing Batch 01 owner-approved 2026-09-24,erpnext/manufacturing/doctype/work_order/work_order.json:None
Do Not Explode,عدم التفجير,preserved-site-override,Preserve the exact live v16.localhost Site Override; do not import or replace.,stage6-W6-6 Manufacturing Batch 01 owner-approved 2026-09-24,erpnext/manufacturing/doctype/bom_creator_item/bom_creator_item.json:None; erpnext/manufacturing/doctype/bom_item/bom_item.json:None
Do you want to submit the stock entry?,هل تريد ترحيل قيد المخزون؟,PROPOSED-payload,AI draft; requires independent A1/A2/A3 quorum before release.,stage6-W6-6 Manufacturing Batch 01 owner-approved 2026-09-24,erpnext/manufacturing/doctype/job_card/job_card.js:103
Download Required Materials,تنزيل المواد المطلوبة,preserved-site-override,Preserve the exact live v16.localhost Site Override; do not import or replace.,stage6-W6-6 Manufacturing Batch 01 owner-approved 2026-09-24,erpnext/manufacturing/doctype/production_plan/production_plan.json:None
Duplicate Operating Component {0} found in Operating Components,تم العثور على مكوّن تشغيل مكرر {0} في مكونات التشغيل,PROPOSED-payload,AI draft; requires independent A1/A2/A3 quorum before release.,stage6-W6-6 Manufacturing Batch 01 owner-approved 2026-09-24,erpnext/manufacturing/doctype/workstation/workstation.py:79; erpnext/manufacturing/doctype/workstation_type/workstation_type.py:37
Employee {0} is currently working on another workstation. Please assign another employee.,الموظف {0} يعمل حاليًا في محطة عمل أخرى. يرجى تعيين موظف آخر.,PROPOSED-payload,AI draft; requires independent A1/A2/A3 quorum before release.,stage6-W6-6 Manufacturing Batch 01 owner-approved 2026-09-24,erpnext/manufacturing/doctype/job_card/job_card.py:310
Employees,الموظفون,preserved-site-override,Preserve the exact live v16.localhost Site Override; do not import or replace.,stage6-W6-6 Manufacturing Batch 01 owner-approved 2026-09-24,erpnext/manufacturing/doctype/workstation/workstation.js:351
Enabling this checkbox will force each Job Card Time Log to have From Time and To Time,سيؤدي تفعيل خانة الاختيار هذه إلى إلزام كل سجل وقت لبطاقة العمل بأن يتضمن وقت البدء ووقت الانتهاء,PROPOSED-payload,AI draft; requires independent A1/A2/A3 quorum before release.,stage6-W6-6 Manufacturing Batch 01 owner-approved 2026-09-24,erpnext/manufacturing/doctype/manufacturing_settings/manufacturing_settings.json:None
End Time,وقت الانتهاء,preserved-site-override,Preserve the exact live v16.localhost Site Override; do not import or replace.,stage6-W6-6 Manufacturing Batch 01 owner-approved 2026-09-24,erpnext/manufacturing/doctype/job_card/job_card.js:375; erpnext/manufacturing/doctype/job_card/job_card.js:445; erpnext/manufacturing/doctype/workstation_working_hour/workstation_working_hour.json:None; erpnext/stock/doctype/stock_reposting_settings/stock_reposting_settings.json:None; erpnext/support/doctype/service_day/service_day.json:None; erpnext/telephony/doctype/call_log/call_log.json:None
Enforce Time Logs,فرض سجلات الوقت,preserved-site-override,Preserve the exact live v16.localhost Site Override; do not import or replace.,stage6-W6-6 Manufacturing Batch 01 owner-approved 2026-09-24,erpnext/manufacturing/doctype/manufacturing_settings/manufacturing_settings.json:None
Enter a name for Routing.,أدخل اسمًا لمسار الإنتاج.,PROPOSED-payload,AI draft; requires independent A1/A2/A3 quorum before release.,stage6-W6-6 Manufacturing Batch 01 owner-approved 2026-09-24,erpnext/manufacturing/doctype/routing/routing.js:88
"Enter a name for the Operation, for example, Cutting.",أدخل اسمًا للعملية، على سبيل المثال، القص.,PROPOSED-payload,AI draft; requires independent A1/A2/A3 quorum before release.,stage6-W6-6 Manufacturing Batch 01 owner-approved 2026-09-24,erpnext/manufacturing/doctype/operation/operation.js:20
Enter the quantity of the Item that will be manufactured from this Bill of Materials.,أدخل كمية الصنف التي سيتم تصنيعها من قائمة المواد هذه.,PROPOSED-payload,AI draft; requires independent A1/A2/A3 quorum before release.,stage6-W6-6 Manufacturing Batch 01 owner-approved 2026-09-24,erpnext/manufacturing/doctype/bom/bom.js:935
Enter the quantity to manufacture. Raw material Items will be fetched only when this is set.,أدخل الكمية المراد تصنيعها. سيتم جلب أصناف المواد الخام فقط عند تعيين هذا.,PROPOSED-payload,AI draft; requires independent A1/A2/A3 quorum before release.,stage6-W6-6 Manufacturing Batch 01 owner-approved 2026-09-24,erpnext/manufacturing/doctype/work_order/work_order.js:1133
Excess Materials Consumed,مواد زائدة مستهلكة,preserved-site-override,Preserve the exact live v16.localhost Site Override; do not import or replace.,stage6-W6-6 Manufacturing Batch 01 owner-approved 2026-09-24,erpnext/manufacturing/report/work_order_consumed_materials/work_order_consumed_materials.js:55
Excess Transfer,نقل زائد,preserved-site-override,Preserve the exact live v16.localhost Site Override; do not import or replace.,stage6-W6-6 Manufacturing Batch 01 owner-approved 2026-09-24,erpnext/manufacturing/doctype/job_card/job_card.py:1012
Expected Time Required (In Mins),الوقت المتوقع المطلوب (بالدقائق),preserved-site-override,Preserve the exact live v16.localhost Site Override; do not import or replace.,stage6-W6-6 Manufacturing Batch 01 owner-approved 2026-09-24,erpnext/manufacturing/doctype/job_card/job_card.json:None
Extra Consumed Qty,كمية مستهلكة إضافية,preserved-site-override,Preserve the exact live v16.localhost Site Override; do not import or replace.,stage6-W6-6 Manufacturing Batch 01 owner-approved 2026-09-24,erpnext/manufacturing/report/work_order_consumed_materials/work_order_consumed_materials.py:148
Extra Job Card Quantity,كمية بطاقة عمل إضافية,preserved-site-override,Preserve the exact live v16.localhost Site Override; do not import or replace.,stage6-W6-6 Manufacturing Batch 01 owner-approved 2026-09-24,erpnext/manufacturing/doctype/job_card/job_card.py:227
Extra Material Transfer,نقل مواد إضافي,preserved-site-override,Preserve the exact live v16.localhost Site Override; do not import or replace.,stage6-W6-6 Manufacturing Batch 01 owner-approved 2026-09-24,erpnext/manufacturing/doctype/manufacturing_settings/manufacturing_settings.json:None
FG / Semi FG Item,صنف نهائي/نصف نهائي,preserved-site-override,Preserve the exact live v16.localhost Site Override; do not import or replace.,stage6-W6-6 Manufacturing Batch 01 owner-approved 2026-09-24,erpnext/manufacturing/doctype/bom_operation/bom_operation.json:None
Fetching Material Requests...,جار جلب طلبات المواد...,preserved-site-override,Preserve the exact live v16.localhost Site Override; do not import or replace.,stage6-W6-6 Manufacturing Batch 01 owner-approved 2026-09-24,erpnext/manufacturing/doctype/master_production_schedule/master_production_schedule.js:198
Fetching Sales Orders...,جار جلب أوامر البيع...,preserved-site-override,Preserve the exact live v16.localhost Site Override; do not import or replace.,stage6-W6-6 Manufacturing Batch 01 owner-approved 2026-09-24,erpnext/manufacturing/doctype/master_production_schedule/master_production_schedule.js:145
Fetching...,جار الجلب...,preserved-site-override,Preserve the exact live v16.localhost Site Override; do not import or replace.,stage6-W6-6 Manufacturing Batch 01 owner-approved 2026-09-24,erpnext/manufacturing/page/bom_comparison_tool/bom_comparison_tool.js:72
Filters for Material Requests,عوامل تصفية طلبات المواد,preserved-site-override,Preserve the exact live v16.localhost Site Override; do not import or replace.,stage6-W6-6 Manufacturing Batch 01 owner-approved 2026-09-24,erpnext/manufacturing/doctype/master_production_schedule/master_production_schedule.js:158
Filters for Sales Orders,عوامل تصفية أوامر البيع,preserved-site-override,Preserve the exact live v16.localhost Site Override; do not import or replace.,stage6-W6-6 Manufacturing Batch 01 owner-approved 2026-09-24,erpnext/manufacturing/doctype/master_production_schedule/master_production_schedule.js:92
Final BOM,قائمة المواد النهائية,preserved-site-override,Preserve the exact live v16.localhost Site Override; do not import or replace.,stage6-W6-6 Manufacturing Batch 01 owner-approved 2026-09-24,erpnext/manufacturing/doctype/job_card/job_card.json:None
Final Product,المنتج النهائي,preserved-site-override,Preserve the exact live v16.localhost Site Override; do not import or replace.,stage6-W6-6 Manufacturing Batch 01 owner-approved 2026-09-24,erpnext/manufacturing/doctype/bom_creator/bom_creator.json:None; erpnext/manufacturing/doctype/job_card/job_card.json:None
Finished Good Serial / Batch,تسلسل/دفعة المنتج النهائي,preserved-site-override,Preserve the exact live v16.localhost Site Override; do not import or replace.,stage6-W6-6 Manufacturing Batch 01 owner-approved 2026-09-24,erpnext/manufacturing/doctype/work_order/work_order.json:None
Finished Goods Based Operating Cost,تكلفة تشغيل حسب المنتجات النهائية,preserved-site-override,Preserve the exact live v16.localhost Site Override; do not import or replace.,stage6-W6-6 Manufacturing Batch 01 owner-approved 2026-09-24,erpnext/manufacturing/doctype/bom/bom.json:None
Finished Goods Item,صنف المنتجات النهائية,preserved-site-override,Preserve the exact live v16.localhost Site Override; do not import or replace.,stage6-W6-6 Manufacturing Batch 01 owner-approved 2026-09-24,erpnext/manufacturing/doctype/bom_creator_item/bom_creator_item.json:None
Finished Goods Reference,مرجع المنتجات النهائية,preserved-site-override,Preserve the exact live v16.localhost Site Override; do not import or replace.,stage6-W6-6 Manufacturing Batch 01 owner-approved 2026-09-24,erpnext/manufacturing/doctype/bom_creator_item/bom_creator_item.json:None
Finished Goods Value,قيمة المنتجات النهائية,preserved-site-override,Preserve the exact live v16.localhost Site Override; do not import or replace.,stage6-W6-6 Manufacturing Batch 01 owner-approved 2026-09-24,erpnext/manufacturing/report/process_loss_report/process_loss_report.py:106
Finished Goods based Operating Cost,التكلفة التشغيلية بناءً على البضائع تامة الصنع,PROPOSED-payload,AI draft; requires independent A1/A2/A3 quorum before release.,stage6-W6-6 Manufacturing Batch 01 owner-approved 2026-09-24,erpnext/manufacturing/doctype/bom/bom.json:None
Fixed Asset item {0} cannot be used in BOMs.,لا يمكن استخدام صنف الأصل الثابت {0} في قوائم المواد.,PROPOSED-payload,AI draft; requires independent A1/A2/A3 quorum before release.,stage6-W6-6 Manufacturing Batch 01 owner-approved 2026-09-24,erpnext/manufacturing/doctype/bom/bom.py:691
Fixed Time,وقت ثابت,preserved-site-override,Preserve the exact live v16.localhost Site Override; do not import or replace.,stage6-W6-6 Manufacturing Batch 01 owner-approved 2026-09-24,erpnext/manufacturing/doctype/bom_operation/bom_operation.json:None
Floor,الطابق,preserved-site-override,Preserve the exact live v16.localhost Site Override; do not import or replace.,stage6-W6-6 Manufacturing Batch 01 owner-approved 2026-09-24,erpnext/manufacturing/doctype/plant_floor/plant_floor.json:None
Floor Name,اسم الطابق,preserved-site-override,Preserve the exact live v16.localhost Site Override; do not import or replace.,stage6-W6-6 Manufacturing Batch 01 owner-approved 2026-09-24,erpnext/manufacturing/doctype/plant_floor/plant_floor.json:None
For Item,للصنف,preserved-site-override,Preserve the exact live v16.localhost Site Override; do not import or replace.,stage6-W6-6 Manufacturing Batch 01 owner-approved 2026-09-24,erpnext/manufacturing/doctype/plant_floor/plant_floor.js:187; erpnext/manufacturing/doctype/plant_floor/plant_floor.js:211
For Job Card,لبطاقة العمل,PROPOSED-payload,AI draft; requires independent A1/A2/A3 quorum before release.,stage6-W6-6 Manufacturing Batch 01 owner-approved 2026-09-24,erpnext/manufacturing/doctype/job_card/job_card.json:None
For Operation,للعملية,PROPOSED-payload,AI draft; requires independent A1/A2/A3 quorum before release.,stage6-W6-6 Manufacturing Batch 01 owner-approved 2026-09-24,erpnext/manufacturing/doctype/job_card/job_card.js:515; erpnext/manufacturing/doctype/job_card/job_card.json:None
For Raw Materials,للمواد الخام,PROPOSED-payload,AI draft; requires independent A1/A2/A3 quorum before release.,stage6-W6-6 Manufacturing Batch 01 owner-approved 2026-09-24,erpnext/manufacturing/doctype/production_plan/production_plan.json:None
For operation {0}: Quantity ({1}) can not be greater than pending quantity({2}),للعملية {0}: لا يمكن أن تكون الكمية ({1}) أكبر من الكمية المعلقة ({2}),PROPOSED-payload,AI draft; requires independent A1/A2/A3 quorum before release.,stage6-W6-6 Manufacturing Batch 01 owner-approved 2026-09-24,erpnext/manufacturing/doctype/work_order/work_order.py:2524
Forecast Demand,توقع الطلب,preserved-site-override,Preserve the exact live v16.localhost Site Override; do not import or replace.,stage6-W6-6 Manufacturing Batch 01 owner-approved 2026-09-24,erpnext/manufacturing/doctype/master_production_schedule/master_production_schedule.json:None
Forecast Qty,كمية التوقع,preserved-site-override,Preserve the exact live v16.localhost Site Override; do not import or replace.,stage6-W6-6 Manufacturing Batch 01 owner-approved 2026-09-24,erpnext/manufacturing/doctype/sales_forecast_item/sales_forecast_item.json:None
Forecasting,التوقع,preserved-site-override,Preserve the exact live v16.localhost Site Override; do not import or replace.,stage6-W6-6 Manufacturing Batch 01 owner-approved 2026-09-24,erpnext/manufacturing/workspace/manufacturing/manufacturing.json:None
Forecasting Method,طريقة التوقع,preserved-site-override,Preserve the exact live v16.localhost Site Override; do not import or replace.,stage6-W6-6 Manufacturing Batch 01 owner-approved 2026-09-24,erpnext/manufacturing/doctype/sales_forecast/sales_forecast.json:None
From BOM No,من رقم قائمة المواد,preserved-site-override,Preserve the exact live v16.localhost Site Override; do not import or replace.,stage6-W6-6 Manufacturing Batch 01 owner-approved 2026-09-24,erpnext/manufacturing/report/bom_stock_calculated/bom_stock_calculated.py:63; erpnext/manufacturing/report/bom_stock_report/bom_stock_report.py:25
From Corrective Job Card,من بطاقة عمل تصحيحية,PROPOSED-payload,AI draft; requires independent A1/A2/A3 quorum before release.,stage6-W6-6 Manufacturing Batch 01 owner-approved 2026-09-24,erpnext/manufacturing/doctype/work_order/work_order.json:None
From Delivery Date,من تاريخ التسليم,preserved-site-override,Preserve the exact live v16.localhost Site Override; do not import or replace.,stage6-W6-6 Manufacturing Batch 01 owner-approved 2026-09-24,erpnext/manufacturing/doctype/production_plan/production_plan.json:None
Generate Demand,إنشاء الطلب,preserved-site-override,Preserve the exact live v16.localhost Site Override; do not import or replace.,stage6-W6-6 Manufacturing Batch 01 owner-approved 2026-09-24,erpnext/manufacturing/doctype/sales_forecast/sales_forecast.json:None
Generating Master Production Schedule...,جار إنشاء خطة الإنتاج الرئيسية...,preserved-site-override,Preserve the exact live v16.localhost Site Override; do not import or replace.,stage6-W6-6 Manufacturing Batch 01 owner-approved 2026-09-24,erpnext/manufacturing/doctype/master_production_schedule/master_production_schedule.js:56
Get Actual Demand,جلب الطلب الفعلي,preserved-site-override,Preserve the exact live v16.localhost Site Override; do not import or replace.,stage6-W6-6 Manufacturing Batch 01 owner-approved 2026-09-24,erpnext/manufacturing/doctype/master_production_schedule/master_production_schedule.json:None
Get Finished Goods,جلب المنتجات النهائية,preserved-site-override,Preserve the exact live v16.localhost Site Override; do not import or replace.,stage6-W6-6 Manufacturing Batch 01 owner-approved 2026-09-24,erpnext/manufacturing/doctype/production_plan/production_plan.json:None
Get Finished Goods for Manufacture,جلب المنتجات النهائية للتصنيع,preserved-site-override,Preserve the exact live v16.localhost Site Override; do not import or replace.,stage6-W6-6 Manufacturing Batch 01 owner-approved 2026-09-24,erpnext/manufacturing/doctype/production_plan/production_plan.json:None
Get Items for Purchase / Transfer,جلب الأصناف للشراء/النقل,preserved-site-override,Preserve the exact live v16.localhost Site Override; do not import or replace.,stage6-W6-6 Manufacturing Batch 01 owner-approved 2026-09-24,erpnext/manufacturing/doctype/production_plan/production_plan.json:None
Get Items for Purchase Only,جلب الأصناف للشراء فقط,preserved-site-override,Preserve the exact live v16.localhost Site Override; do not import or replace.,stage6-W6-6 Manufacturing Batch 01 owner-approved 2026-09-24,erpnext/manufacturing/doctype/production_plan/production_plan.json:None
Get Material Requests,جلب طلبات المواد,preserved-site-override,Preserve the exact live v16.localhost Site Override; do not import or replace.,stage6-W6-6 Manufacturing Batch 01 owner-approved 2026-09-24,erpnext/manufacturing/doctype/master_production_schedule/master_production_schedule.js:181; erpnext/manufacturing/doctype/master_production_schedule/master_production_schedule.js:183; erpnext/manufacturing/doctype/master_production_schedule/master_production_schedule.json:None
Get Raw Materials Cost from Consumption Entry,جلب تكلفة المواد الخام من قيد الاستهلاك,preserved-site-override,Preserve the exact live v16.localhost Site Override; do not import or replace.,stage6-W6-6 Manufacturing Batch 01 owner-approved 2026-09-24,erpnext/manufacturing/doctype/manufacturing_settings/manufacturing_settings.json:None
Get Stock,جلب المخزون,preserved-site-override,Preserve the exact live v16.localhost Site Override; do not import or replace.,stage6-W6-6 Manufacturing Batch 01 owner-approved 2026-09-24,erpnext/manufacturing/doctype/production_plan/production_plan.js:552
Get Sub Assembly Items,جلب أصناف التجميع الفرعي,preserved-site-override,Preserve the exact live v16.localhost Site Override; do not import or replace.,stage6-W6-6 Manufacturing Batch 01 owner-approved 2026-09-24,erpnext/manufacturing/doctype/production_plan/production_plan.json:None
Holt-Winters,هولت-وينترز,preserved-site-override,Preserve the exact live v16.localhost Site Override; do not import or replace.,stage6-W6-6 Manufacturing Batch 01 owner-approved 2026-09-24,erpnext/manufacturing/doctype/sales_forecast/sales_forecast.json:None
Hour Rate,سعر الساعة,preserved-site-override,Preserve the exact live v16.localhost Site Override; do not import or replace.,stage6-W6-6 Manufacturing Batch 01 owner-approved 2026-09-24,erpnext/manufacturing/doctype/bom_operation/bom_operation.json:None; erpnext/manufacturing/doctype/job_card/job_card.json:None; erpnext/manufacturing/doctype/work_order_operation/work_order_operation.json:None
Idle,خامل,PROPOSED-payload,AI draft; requires independent A1/A2/A3 quorum before release.,stage6-W6-6 Manufacturing Batch 01 owner-approved 2026-09-24,erpnext/manufacturing/doctype/workstation/workstation.json:None
"If an operation is divided into sub operations, they can be added here.",إذا تم تقسيم عملية إلى عمليات فرعية، يمكن إضافتها هنا.,PROPOSED-payload,AI draft; requires independent A1/A2/A3 quorum before release.,stage6-W6-6 Manufacturing Batch 01 owner-approved 2026-09-24,erpnext/manufacturing/doctype/operation/operation.js:32
"If items in stock, proceed with Material Transfer or Purchase.",إذا كانت الأصناف متوفرة في المخزون، تابع بنقل المواد أو الشراء.,PROPOSED-payload,AI draft; requires independent A1/A2/A3 quorum before release.,stage6-W6-6 Manufacturing Batch 01 owner-approved 2026-09-24,erpnext/manufacturing/doctype/production_plan/production_plan.json:None
"If the BOM results in Scrap material, the Scrap Warehouse needs to be selected.",إذا نتج عن قائمة المواد خردة، فيجب تحديد مستودع الخردة.,PROPOSED-payload,AI draft; requires independent A1/A2/A3 quorum before release.,stage6-W6-6 Manufacturing Batch 01 owner-approved 2026-09-24,erpnext/manufacturing/doctype/work_order/work_order.js:1166
"If you still want to proceed, please disable 'Skip Available Sub Assembly Items' checkbox.",إذا كنت لا تزال ترغب في المتابعة، يرجى إلغاء تفعيل خانة الاختيار 'تخطي عناصر التجميع الفرعي المتوفرة'.,PROPOSED-payload,AI draft; requires independent A1/A2/A3 quorum before release.,stage6-W6-6 Manufacturing Batch 01 owner-approved 2026-09-24,erpnext/manufacturing/doctype/production_plan/production_plan.py:1071
"If you still want to proceed, please enable {0}.",إذا كنت لا تزال ترغب في المتابعة، يرجى تفعيل {0}.,PROPOSED-payload,AI draft; requires independent A1/A2/A3 quorum before release.,stage6-W6-6 Manufacturing Batch 01 owner-approved 2026-09-24,erpnext/manufacturing/doctype/production_plan/production_plan.py:1807
In House,داخلي,preserved-site-override,Preserve the exact live v16.localhost Site Override; do not import or replace.,stage6-W6-6 Manufacturing Batch 01 owner-approved 2026-09-24,erpnext/manufacturing/doctype/production_plan_sub_assembly_item/production_plan_sub_assembly_item.json:None
In mins,بالدقائق,PROPOSED-payload,AI draft; requires independent A1/A2/A3 quorum before release.,stage6-W6-6 Manufacturing Batch 01 owner-approved 2026-09-24,erpnext/manufacturing/doctype/job_card_operation/job_card_operation.json:None
Inactive Status,حالة غير نشطة,preserved-site-override,Preserve the exact live v16.localhost Site Override; do not import or replace.,stage6-W6-6 Manufacturing Batch 01 owner-approved 2026-09-24,erpnext/manufacturing/doctype/workstation/workstation.json:None
Include Safety Stock in Required Qty Calculation,تضمين مخزون الأمان في حساب الكمية المطلوبة,preserved-site-override,Preserve the exact live v16.localhost Site Override; do not import or replace.,stage6-W6-6 Manufacturing Batch 01 owner-approved 2026-09-24,erpnext/manufacturing/doctype/production_plan/production_plan.json:None
Instruction,تعليمات,preserved-site-override,Preserve the exact live v16.localhost Site Override; do not import or replace.,stage6-W6-6 Manufacturing Batch 01 owner-approved 2026-09-24,erpnext/manufacturing/doctype/bom_creator_item/bom_creator_item.json:None
Invalid Process Loss Configuration,تهيئة فاقد التصنيع غير صالحة,PROPOSED-payload,AI draft; requires independent A1/A2/A3 quorum before release.,stage6-W6-6 Manufacturing Batch 01 owner-approved 2026-09-24,erpnext/manufacturing/doctype/bom/bom.py:1169
Is Additional Item,صنف إضافي,preserved-site-override,Preserve the exact live v16.localhost Site Override; do not import or replace.,stage6-W6-6 Manufacturing Batch 01 owner-approved 2026-09-24,erpnext/manufacturing/doctype/work_order_item/work_order_item.json:None; erpnext/subcontracting/doctype/subcontracting_inward_order_received_item/subcontracting_inward_order_received_item.json:None
Is Corrective Job Card,بطاقة عمل تصحيحية,preserved-site-override,Preserve the exact live v16.localhost Site Override; do not import or replace.,stage6-W6-6 Manufacturing Batch 01 owner-approved 2026-09-24,erpnext/manufacturing/doctype/job_card/job_card.json:None
Is Corrective Operation,عملية تصحيحية,preserved-site-override,Preserve the exact live v16.localhost Site Override; do not import or replace.,stage6-W6-6 Manufacturing Batch 01 owner-approved 2026-09-24,erpnext/manufacturing/doctype/operation/operation.json:None
Is Expandable,قابل للتوسيع,preserved-site-override,Preserve the exact live v16.localhost Site Override; do not import or replace.,stage6-W6-6 Manufacturing Batch 01 owner-approved 2026-09-24,erpnext/manufacturing/doctype/bom_creator_item/bom_creator_item.json:None
Is Final Finished Good,منتج نهائي أخير,preserved-site-override,Preserve the exact live v16.localhost Site Override; do not import or replace.,stage6-W6-6 Manufacturing Batch 01 owner-approved 2026-09-24,erpnext/manufacturing/doctype/bom_operation/bom_operation.json:None
Is Paused,متوقف مؤقتا,preserved-site-override,Preserve the exact live v16.localhost Site Override; do not import or replace.,stage6-W6-6 Manufacturing Batch 01 owner-approved 2026-09-24,erpnext/manufacturing/doctype/job_card/job_card.json:None
Is Phantom BOM,قائمة مواد وهمية,preserved-site-override,Preserve the exact live v16.localhost Site Override; do not import or replace.,stage6-W6-6 Manufacturing Batch 01 owner-approved 2026-09-24,erpnext/manufacturing/doctype/bom/bom.json:None
Is Phantom Item,صنف وهمي,preserved-site-override,Preserve the exact live v16.localhost Site Override; do not import or replace.,stage6-W6-6 Manufacturing Batch 01 owner-approved 2026-09-24,erpnext/manufacturing/doctype/bom_creator_item/bom_creator_item.json:None; erpnext/manufacturing/doctype/bom_item/bom_item.json:None; erpnext/manufacturing/report/bom_explorer/bom_explorer.py:68
Is Stock Item,صنف مخزني,preserved-site-override,Preserve the exact live v16.localhost Site Override; do not import or replace.,stage6-W6-6 Manufacturing Batch 01 owner-approved 2026-09-24,erpnext/manufacturing/doctype/bom_item/bom_item.json:None; erpnext/selling/doctype/sales_order_item/sales_order_item.json:None
Is Sub Assembly Item,صنف تجميع فرعي,preserved-site-override,Preserve the exact live v16.localhost Site Override; do not import or replace.,stage6-W6-6 Manufacturing Batch 01 owner-approved 2026-09-24,erpnext/manufacturing/doctype/bom_explosion_item/bom_explosion_item.json:None; erpnext/manufacturing/doctype/bom_item/bom_item.json:None
Item Code (Final Product),كود الصنف (المنتج النهائي),preserved-site-override,Preserve the exact live v16.localhost Site Override; do not import or replace.,stage6-W6-6 Manufacturing Batch 01 owner-approved 2026-09-24,erpnext/manufacturing/doctype/bom_creator/bom_creator.js:61
Item Lead Time,مدة توريد الصنف,preserved-site-override,Preserve the exact live v16.localhost Site Override; do not import or replace.,stage6-W6-6 Manufacturing Batch 01 owner-approved 2026-09-24,erpnext/manufacturing/workspace/manufacturing/manufacturing.json:None; erpnext/stock/doctype/item_lead_time/item_lead_time.json:None
Item and Warehouse,الصنف والمستودع,preserved-site-override,Preserve the exact live v16.localhost Site Override; do not import or replace.,stage6-W6-6 Manufacturing Batch 01 owner-approved 2026-09-24,erpnext/manufacturing/doctype/sales_forecast/sales_forecast.json:None; erpnext/stock/doctype/repost_item_valuation/repost_item_valuation.json:None
Item to Manufacture,الصنف المطلوب تصنيعه,preserved-site-override,Preserve the exact live v16.localhost Site Override; do not import or replace.,stage6-W6-6 Manufacturing Batch 01 owner-approved 2026-09-24,erpnext/manufacturing/doctype/job_card/job_card.json:None
Item {0} cannot be added as a sub-assembly of itself,لا يمكن إضافة الصنف {0} كتجميع فرعي لنفسه,PROPOSED-payload,AI draft; requires independent A1/A2/A3 quorum before release.,stage6-W6-6 Manufacturing Batch 01 owner-approved 2026-09-24,erpnext/manufacturing/doctype/bom_creator/bom_creator.py:85
Item {0} cannot be ordered more than {1} against Blanket Order {2}.,لا يمكن طلب الصنف {0} بأكثر من {1} مقابل الأمر الشامل {2}.,PROPOSED-payload,AI draft; requires independent A1/A2/A3 quorum before release.,stage6-W6-6 Manufacturing Batch 01 owner-approved 2026-09-24,erpnext/manufacturing/doctype/blanket_order/blanket_order.py:197
Item {0} is not a subcontracted item,الصنف {0} ليس صنفاً من الباطن,PROPOSED-payload,AI draft; requires independent A1/A2/A3 quorum before release.,stage6-W6-6 Manufacturing Batch 01 owner-approved 2026-09-24,erpnext/manufacturing/doctype/production_plan/production_plan.py:933
Job Capacity,سعة العمل,preserved-site-override,Preserve the exact live v16.localhost Site Override; do not import or replace.,stage6-W6-6 Manufacturing Batch 01 owner-approved 2026-09-24,erpnext/manufacturing/doctype/workstation/workstation.json:None
Job Card Operation,عملية بطاقة العمل,preserved-site-override,Preserve the exact live v16.localhost Site Override; do not import or replace.,stage6-W6-6 Manufacturing Batch 01 owner-approved 2026-09-24,erpnext/manufacturing/doctype/job_card_operation/job_card_operation.json:None
Job Card Scheduled Time,وقت بطاقة العمل المجدول,preserved-site-override,Preserve the exact live v16.localhost Site Override; do not import or replace.,stage6-W6-6 Manufacturing Batch 01 owner-approved 2026-09-24,erpnext/manufacturing/doctype/job_card_scheduled_time/job_card_scheduled_time.json:None
Job Card Scrap Item,صنف هالك بطاقة العمل,preserved-site-override,Preserve the exact live v16.localhost Site Override; do not import or replace.,stage6-W6-6 Manufacturing Batch 01 owner-approved 2026-09-24,erpnext/manufacturing/doctype/job_card_scrap_item/job_card_scrap_item.json:None
Job Card and Capacity Planning,بطاقة العمل وتخطيط السعة,preserved-site-override,Preserve the exact live v16.localhost Site Override; do not import or replace.,stage6-W6-6 Manufacturing Batch 01 owner-approved 2026-09-24,erpnext/manufacturing/doctype/manufacturing_settings/manufacturing_settings.json:None
Job Card {0} has been completed,تم إكمال بطاقة العمل {0},PROPOSED-payload,AI draft; requires independent A1/A2/A3 quorum before release.,stage6-W6-6 Manufacturing Batch 01 owner-approved 2026-09-24,erpnext/manufacturing/doctype/job_card/job_card.py:1335
Job Cards,بطاقات العمل,preserved-site-override,Preserve the exact live v16.localhost Site Override; do not import or replace.,stage6-W6-6 Manufacturing Batch 01 owner-approved 2026-09-24,erpnext/manufacturing/doctype/workstation/workstation.json:None
Kindly cancel the Manufacturing Entries first against the work order {0}.,يرجى إلغاء قيود التصنيع أولاً مقابل أمر العمل {0}.,PROPOSED-payload,AI draft; requires independent A1/A2/A3 quorum before release.,stage6-W6-6 Manufacturing Batch 01 owner-approved 2026-09-24,erpnext/manufacturing/doctype/job_card/job_card.py:879
Learn Manufacturing,تعلم التصنيع,PROPOSED-payload,AI draft; requires independent A1/A2/A3 quorum before release.,stage6-W6-6 Manufacturing Batch 01 owner-approved 2026-09-24,erpnext/manufacturing/workspace/manufacturing/manufacturing.json:None
Level (BOM),المستوى (قائمة المواد),preserved-site-override,Preserve the exact live v16.localhost Site Override; do not import or replace.,stage6-W6-6 Manufacturing Batch 01 owner-approved 2026-09-24,erpnext/manufacturing/doctype/production_plan_sub_assembly_item/production_plan_sub_assembly_item.json:None
MPS Generated,تم إنشاء خطة الإنتاج الرئيسية,preserved-site-override,Preserve the exact live v16.localhost Site Override; do not import or replace.,stage6-W6-6 Manufacturing Batch 01 owner-approved 2026-09-24,erpnext/manufacturing/doctype/sales_forecast/sales_forecast.json:None; erpnext/manufacturing/doctype/sales_forecast/sales_forecast_list.js:9
MRP Log documents are being created in the background.,يتم إنشاء مستندات سجل تخطيط متطلبات المواد في الخلفية.,PROPOSED-payload,AI draft; requires independent A1/A2/A3 quorum before release.,stage6-W6-6 Manufacturing Batch 01 owner-approved 2026-09-24,erpnext/manufacturing/doctype/master_production_schedule/master_production_schedule.py:448
Main Item Code,كود الصنف الرئيسي,preserved-site-override,Preserve the exact live v16.localhost Site Override; do not import or replace.,stage6-W6-6 Manufacturing Batch 01 owner-approved 2026-09-24,erpnext/manufacturing/doctype/material_request_plan_item/material_request_plan_item.json:None
Make Purchase / Work Order,إنشاء أمر شراء/عمل,preserved-site-override,Preserve the exact live v16.localhost Site Override; do not import or replace.,stage6-W6-6 Manufacturing Batch 01 owner-approved 2026-09-24,erpnext/manufacturing/report/material_requirements_planning_report/material_requirements_planning_report.js:130
Make Serial No / Batch from Work Order,إنشاء رقم تسلسلي/دفعة من أمر العمل,preserved-site-override,Preserve the exact live v16.localhost Site Override; do not import or replace.,stage6-W6-6 Manufacturing Batch 01 owner-approved 2026-09-24,erpnext/manufacturing/doctype/manufacturing_settings/manufacturing_settings.json:None
Make Subcontracting PO,إنشاء أمر شراء مقاول باطن,preserved-site-override,Preserve the exact live v16.localhost Site Override; do not import or replace.,stage6-W6-6 Manufacturing Batch 01 owner-approved 2026-09-24,erpnext/manufacturing/doctype/job_card/job_card.js:410
Make Transfer Entry,إنشاء قيد نقل,preserved-site-override,Preserve the exact live v16.localhost Site Override; do not import or replace.,stage6-W6-6 Manufacturing Batch 01 owner-approved 2026-09-24,erpnext/manufacturing/doctype/workstation/workstation.js:427
Manufactured Items Value,قيمة الأصناف المصنعة,preserved-site-override,Preserve the exact live v16.localhost Site Override; do not import or replace.,stage6-W6-6 Manufacturing Batch 01 owner-approved 2026-09-24,erpnext/manufacturing/workspace/manufacturing/manufacturing.json:None
Manufacturing BOM,قائمة مواد التصنيع,preserved-site-override,Preserve the exact live v16.localhost Site Override; do not import or replace.,stage6-W6-6 Manufacturing Batch 01 owner-approved 2026-09-24,erpnext/manufacturing/doctype/job_card/job_card.json:None
Manufacturing Type,نوع التصنيع,preserved-site-override,Preserve the exact live v16.localhost Site Override; do not import or replace.,stage6-W6-6 Manufacturing Batch 01 owner-approved 2026-09-24,erpnext/manufacturing/doctype/production_plan_sub_assembly_item/production_plan_sub_assembly_item.json:None
Master Production Schedule,خطة الإنتاج الرئيسية,preserved-site-override,Preserve the exact live v16.localhost Site Override; do not import or replace.,stage6-W6-6 Manufacturing Batch 01 owner-approved 2026-09-24,erpnext/manufacturing/doctype/master_production_schedule/master_production_schedule.json:None; erpnext/manufacturing/workspace/manufacturing/manufacturing.json:None
Master Production Schedule Item,عنصر خطة الإنتاج الرئيسية,preserved-site-override,Preserve the exact live v16.localhost Site Override; do not import or replace.,stage6-W6-6 Manufacturing Batch 01 owner-approved 2026-09-24,erpnext/manufacturing/doctype/master_production_schedule_item/master_production_schedule_item.json:None
Material Requirements Planning,تخطيط متطلبات المواد,preserved-site-override,Preserve the exact live v16.localhost Site Override; do not import or replace.,stage6-W6-6 Manufacturing Batch 01 owner-approved 2026-09-24,erpnext/manufacturing/workspace/manufacturing/manufacturing.json:None
Material Requirements Planning Report,تقرير تخطيط متطلبات المواد,preserved-site-override,Preserve the exact live v16.localhost Site Override; do not import or replace.,stage6-W6-6 Manufacturing Batch 01 owner-approved 2026-09-24,erpnext/manufacturing/report/material_requirements_planning_report/material_requirements_planning_report.json:None
Materials needs to be transferred to the work in progress warehouse for the job card {0},يجب نقل المواد إلى مستودع الأعمال قيد التنفيذ لبطاقة العمل {0},PROPOSED-payload,AI draft; requires independent A1/A2/A3 quorum before release.,stage6-W6-6 Manufacturing Batch 01 owner-approved 2026-09-24,erpnext/manufacturing/doctype/job_card/job_card.py:733
Max Producible Qty,أقصى كمية قابلة للإنتاج,preserved-site-override,Preserve the exact live v16.localhost Site Override; do not import or replace.,stage6-W6-6 Manufacturing Batch 01 owner-approved 2026-09-24,erpnext/manufacturing/doctype/work_order/work_order.json:None
Missing value,قيمة مفقودة,PROPOSED-payload,AI draft; requires independent A1/A2/A3 quorum before release.,stage6-W6-6 Manufacturing Batch 01 owner-approved 2026-09-24,erpnext/manufacturing/doctype/bom/bom.py:1128; erpnext/manufacturing/doctype/work_order/work_order.py:1446
Move Stock,نقل المخزون,preserved-site-override,Preserve the exact live v16.localhost Site Override; do not import or replace.,stage6-W6-6 Manufacturing Batch 01 owner-approved 2026-09-24,erpnext/manufacturing/doctype/plant_floor/plant_floor.js:239
Multi-level BOM Creator,منشئ قائمة مواد متعددة المستويات,preserved-site-override,Preserve the exact live v16.localhost Site Override; do not import or replace.,stage6-W6-6 Manufacturing Batch 01 owner-approved 2026-09-24,erpnext/manufacturing/doctype/bom_creator/bom_creator.js:42
New Version,إصدار جديد,preserved-site-override,Preserve the exact live v16.localhost Site Override; do not import or replace.,stage6-W6-6 Manufacturing Batch 01 owner-approved 2026-09-24,erpnext/manufacturing/doctype/bom/bom.js:178
No Purchase Orders were created,لم يتم إنشاء أوامر شراء,PROPOSED-payload,AI draft; requires independent A1/A2/A3 quorum before release.,stage6-W6-6 Manufacturing Batch 01 owner-approved 2026-09-24,erpnext/manufacturing/doctype/production_plan/production_plan.py:771
No Work Orders were created,لم يتم إنشاء أوامر عمل,PROPOSED-payload,AI draft; requires independent A1/A2/A3 quorum before release.,stage6-W6-6 Manufacturing Batch 01 owner-approved 2026-09-24,erpnext/manufacturing/doctype/production_plan/production_plan.py:768; erpnext/subcontracting/doctype/subcontracting_inward_order/subcontracting_inward_order.py:249
No items are available in sales orders {0} for production,لا توجد أصناف متوفرة في أوامر البيع {0} للإنتاج,PROPOSED-payload,AI draft; requires independent A1/A2/A3 quorum before release.,stage6-W6-6 Manufacturing Batch 01 owner-approved 2026-09-24,erpnext/manufacturing/doctype/production_plan/production_plan.py:157
No items are available in the sales order {0} for production,لا توجد أصناف متوفرة في أمر البيع {0} للإنتاج,PROPOSED-payload,AI draft; requires independent A1/A2/A3 quorum before release.,stage6-W6-6 Manufacturing Batch 01 owner-approved 2026-09-24,erpnext/manufacturing/doctype/production_plan/production_plan.py:154; erpnext/manufacturing/doctype/production_plan/production_plan.py:166
No open Material Requests found for the given criteria.,لم يتم العثور على طلبات مواد مفتوحة للمعايير المحددة.,PROPOSED-payload,AI draft; requires independent A1/A2/A3 quorum before release.,stage6-W6-6 Manufacturing Batch 01 owner-approved 2026-09-24,erpnext/manufacturing/doctype/master_production_schedule/master_production_schedule.py:323
No sales data found for the selected items.,لم يتم العثور على بيانات مبيعات للأصناف المحددة.,PROPOSED-payload,AI draft; requires independent A1/A2/A3 quorum before release.,stage6-W6-6 Manufacturing Batch 01 owner-approved 2026-09-24,erpnext/manufacturing/doctype/sales_forecast/sales_forecast.py:117
Not permitted to make Purchase Orders,غير مسموح بإنشاء أوامر شراء,PROPOSED-payload,AI draft; requires independent A1/A2/A3 quorum before release.,stage6-W6-6 Manufacturing Batch 01 owner-approved 2026-09-24,erpnext/manufacturing/report/material_requirements_planning_report/material_requirements_planning_report.py:1283
Number of Weeks / Months,عدد الأسابيع/الأشهر,preserved-site-override,Preserve the exact live v16.localhost Site Override; do not import or replace.,stage6-W6-6 Manufacturing Batch 01 owner-approved 2026-09-24,erpnext/manufacturing/doctype/sales_forecast/sales_forecast.json:None
On Hand,متاح,preserved-site-override,Preserve the exact live v16.localhost Site Override; do not import or replace.,stage6-W6-6 Manufacturing Batch 01 owner-approved 2026-09-24,erpnext/manufacturing/report/material_requirements_planning_report/material_requirements_planning_report.py:1020
Once the Work Order is Closed. It can't be resumed.,بمجرد إغلاق أمر العمل، لا يمكن استئنافه.,PROPOSED-payload,AI draft; requires independent A1/A2/A3 quorum before release.,stage6-W6-6 Manufacturing Batch 01 owner-approved 2026-09-24,erpnext/manufacturing/doctype/work_order/work_order.js:717
Open BOM {0},فتح قائمة المواد {0},PROPOSED-payload,AI draft; requires independent A1/A2/A3 quorum before release.,stage6-W6-6 Manufacturing Batch 01 owner-approved 2026-09-24,erpnext/manufacturing/doctype/bom/bom_item_preview.html:24
Open Item {0},فتح الصنف {0},PROPOSED-payload,AI draft; requires independent A1/A2/A3 quorum before release.,stage6-W6-6 Manufacturing Batch 01 owner-approved 2026-09-24,erpnext/manufacturing/doctype/bom/bom_item_preview.html:28; erpnext/manufacturing/doctype/work_order/work_order_preview.html:28
Open Orders,الأوامر المفتوحة,preserved-site-override,Preserve the exact live v16.localhost Site Override; do not import or replace.,stage6-W6-6 Manufacturing Batch 01 owner-approved 2026-09-24,erpnext/manufacturing/doctype/master_production_schedule/master_production_schedule.json:None
Open Work Order {0},فتح أمر العمل {0},PROPOSED-payload,AI draft; requires independent A1/A2/A3 quorum before release.,stage6-W6-6 Manufacturing Batch 01 owner-approved 2026-09-24,erpnext/manufacturing/doctype/work_order/work_order_preview.html:24
Operating Component,مكوّن التشغيل,PROPOSED-payload,AI draft; requires independent A1/A2/A3 quorum before release.,stage6-W6-6 Manufacturing Batch 01 owner-approved 2026-09-24,erpnext/manufacturing/doctype/workstation_cost/workstation_cost.json:None
Operating Components Cost,تكلفة مكونات التشغيل,preserved-site-override,Preserve the exact live v16.localhost Site Override; do not import or replace.,stage6-W6-6 Manufacturing Batch 01 owner-approved 2026-09-24,erpnext/manufacturing/doctype/workstation/workstation.json:None; erpnext/manufacturing/doctype/workstation_type/workstation_type.json:None
Operating Cost Per BOM Quantity,تكلفة التشغيل لكل كمية قائمة مواد,preserved-site-override,Preserve the exact live v16.localhost Site Override; do not import or replace.,stage6-W6-6 Manufacturing Batch 01 owner-approved 2026-09-24,erpnext/manufacturing/doctype/bom/bom.json:None
Operating Costs (Per Hour),تكاليف التشغيل (لكل ساعة),preserved-site-override,Preserve the exact live v16.localhost Site Override; do not import or replace.,stage6-W6-6 Manufacturing Batch 01 owner-approved 2026-09-24,erpnext/manufacturing/doctype/workstation/workstation.json:None; erpnext/manufacturing/doctype/workstation_type/workstation_type.json:None
Operation & Materials,العملية والمواد,preserved-site-override,Preserve the exact live v16.localhost Site Override; do not import or replace.,stage6-W6-6 Manufacturing Batch 01 owner-approved 2026-09-24,erpnext/manufacturing/doctype/job_card/job_card.json:None
Operation Row ID,معرف صف العملية,preserved-site-override,Preserve the exact live v16.localhost Site Override; do not import or replace.,stage6-W6-6 Manufacturing Batch 01 owner-approved 2026-09-24,erpnext/manufacturing/doctype/job_card/job_card.json:None
Operation Row Id,معرف صف العملية,preserved-site-override,Preserve the exact live v16.localhost Site Override; do not import or replace.,stage6-W6-6 Manufacturing Batch 01 owner-approved 2026-09-24,erpnext/manufacturing/doctype/work_order_item/work_order_item.json:None
Operation time does not depend on quantity to produce,وقت العملية لا يعتمد على الكمية المراد إنتاجها,PROPOSED-payload,AI draft; requires independent A1/A2/A3 quorum before release.,stage6-W6-6 Manufacturing Batch 01 owner-approved 2026-09-24,erpnext/manufacturing/doctype/bom_operation/bom_operation.json:None
