source_text,classification,location,suppression_rationale,ai_r_ref,length,app,suggested_ar
2 years ago,translation-candidate,in-ledger (no vendor PO location match),,AI-R: confirm prior-approved exclusion at W6-0b AI-R pass (stage6-w60b AI-R record),11,frappe,
3 minutes ago,translation-candidate,in-ledger (no vendor PO location match),,AI-R: confirm prior-approved exclusion at W6-0b AI-R pass (stage6-w60b AI-R record),13,frappe,
5 days ago,translation-candidate,in-ledger (no vendor PO location match),,AI-R: confirm prior-approved exclusion at W6-0b AI-R pass (stage6-w60b AI-R record),10,frappe,
API Endpoint Args should be valid JSON,translation-candidate,in-ledger (no vendor PO location match),,AI-R: confirm prior-approved exclusion at W6-0b AI-R pass (stage6-w60b AI-R record),38,frappe,
API Key cannot be regenerated,translation-candidate,in-ledger (no vendor PO location match),,AI-R: confirm prior-approved exclusion at W6-0b AI-R pass (stage6-w60b AI-R record),29,frappe,
About {0} minute remaining,translation-candidate,in-ledger (no vendor PO location match),,AI-R: confirm prior-approved exclusion at W6-0b AI-R pass (stage6-w60b AI-R record),26,frappe,
About {0} minutes remaining,translation-candidate,in-ledger (no vendor PO location match),,AI-R: confirm prior-approved exclusion at W6-0b AI-R pass (stage6-w60b AI-R record),27,frappe,
About {0} seconds remaining,translation-candidate,in-ledger (no vendor PO location match),,AI-R: confirm prior-approved exclusion at W6-0b AI-R pass (stage6-w60b AI-R record),27,frappe,
Added,translation-candidate,in-ledger (no vendor PO location match),,AI-R: confirm prior-approved exclusion at W6-0b AI-R pass (stage6-w60b AI-R record),5,frappe,
Added default log doctypes: {},translation-candidate,in-ledger (no vendor PO location match),,AI-R: confirm prior-approved exclusion at W6-0b AI-R pass (stage6-w60b AI-R record),30,frappe,
Adds a custom client script to a DocType,translation-candidate,in-ledger (no vendor PO location match),,AI-R: confirm prior-approved exclusion at W6-0b AI-R pass (stage6-w60b AI-R record),40,frappe,
Adds a custom field to a DocType,translation-candidate,in-ledger (no vendor PO location match),,AI-R: confirm prior-approved exclusion at W6-0b AI-R pass (stage6-w60b AI-R record),32,frappe,
Administrator can't follow,translation-candidate,in-ledger (no vendor PO location match),,AI-R: confirm prior-approved exclusion at W6-0b AI-R pass (stage6-w60b AI-R record),26,frappe,
Alias must be a string,translation-candidate,in-ledger (no vendor PO location match),,AI-R: confirm prior-approved exclusion at W6-0b AI-R pass (stage6-w60b AI-R record),22,frappe,
Align,translation-candidate,in-ledger (no vendor PO location match),,AI-R: confirm prior-approved exclusion at W6-0b AI-R pass (stage6-w60b AI-R record),5,frappe,
Allow Consecutive Login Attempts,translation-candidate,in-ledger (no vendor PO location match),,AI-R: confirm prior-approved exclusion at W6-0b AI-R pass (stage6-w60b AI-R record),32,frappe,
Allow incomplete forms,translation-candidate,in-ledger (no vendor PO location match),,AI-R: confirm prior-approved exclusion at W6-0b AI-R pass (stage6-w60b AI-R record),22,frappe,
Allow multiple responses,translation-candidate,in-ledger (no vendor PO location match),,AI-R: confirm prior-approved exclusion at W6-0b AI-R pass (stage6-w60b AI-R record),24,frappe,
Allowed File Extensions,translation-candidate,in-ledger (no vendor PO location match),,AI-R: confirm prior-approved exclusion at W6-0b AI-R pass (stage6-w60b AI-R record),23,frappe,
Allowed Public Client Origins,translation-candidate,in-ledger (no vendor PO location match),,AI-R: confirm prior-approved exclusion at W6-0b AI-R pass (stage6-w60b AI-R record),29,frappe,
Allowed embedding domains,translation-candidate,in-ledger (no vendor PO location match),,AI-R: confirm prior-approved exclusion at W6-0b AI-R pass (stage6-w60b AI-R record),25,frappe,
Always use this name as sender name,translation-candidate,in-ledger (no vendor PO location match),,AI-R: confirm prior-approved exclusion at W6-0b AI-R pass (stage6-w60b AI-R record),35,frappe,
Amended Document Naming Settings,translation-candidate,in-ledger (no vendor PO location match),,AI-R: confirm prior-approved exclusion at W6-0b AI-R pass (stage6-w60b AI-R record),32,frappe,
Amendment Naming Override,translation-candidate,in-ledger (no vendor PO location match),,AI-R: confirm prior-approved exclusion at W6-0b AI-R pass (stage6-w60b AI-R record),25,frappe,
Amendment Not Allowed,translation-candidate,in-ledger (no vendor PO location match),,AI-R: confirm prior-approved exclusion at W6-0b AI-R pass (stage6-w60b AI-R record),21,frappe,
Amendment naming rules updated.,translation-candidate,in-ledger (no vendor PO location match),,AI-R: confirm prior-approved exclusion at W6-0b AI-R pass (stage6-w60b AI-R record),31,frappe,
Announcements,translation-candidate,in-ledger (no vendor PO location match),,AI-R: confirm prior-approved exclusion at W6-0b AI-R pass (stage6-w60b AI-R record),13,frappe,
Annual,translation-candidate,in-ledger (no vendor PO location match),,AI-R: confirm prior-approved exclusion at W6-0b AI-R pass (stage6-w60b AI-R record),6,frappe,
App Name (Client Name),translation-candidate,in-ledger (no vendor PO location match),,AI-R: confirm prior-approved exclusion at W6-0b AI-R pass (stage6-w60b AI-R record),22,frappe,
App not found for module: {0},translation-candidate,in-ledger (no vendor PO location match),,AI-R: confirm prior-approved exclusion at W6-0b AI-R pass (stage6-w60b AI-R record),29,frappe,
Application is not installed,translation-candidate,in-ledger (no vendor PO location match),,AI-R: confirm prior-approved exclusion at W6-0b AI-R pass (stage6-w60b AI-R record),28,frappe,
Apply User Permission On,translation-candidate,in-ledger (no vendor PO location match),,AI-R: confirm prior-approved exclusion at W6-0b AI-R pass (stage6-w60b AI-R record),24,frappe,
Apply document permissions,translation-candidate,in-ledger (no vendor PO location match),,AI-R: confirm prior-approved exclusion at W6-0b AI-R pass (stage6-w60b AI-R record),26,frappe,
Assignee,translation-candidate,in-ledger (no vendor PO location match),,AI-R: confirm prior-approved exclusion at W6-0b AI-R pass (stage6-w60b AI-R record),8,frappe,
Assignment,translation-candidate,in-ledger (no vendor PO location match),,AI-R: confirm prior-approved exclusion at W6-0b AI-R pass (stage6-w60b AI-R record),10,frappe,
Assignment of {0} removed by {1},translation-candidate,in-ledger (no vendor PO location match),,AI-R: confirm prior-approved exclusion at W6-0b AI-R pass (stage6-w60b AI-R record),32,frappe,
Asynchronous,translation-candidate,in-ledger (no vendor PO location match),,AI-R: confirm prior-approved exclusion at W6-0b AI-R pass (stage6-w60b AI-R record),12,frappe,
Auth URL data should be valid JSON,translation-candidate,in-ledger (no vendor PO location match),,AI-R: confirm prior-approved exclusion at W6-0b AI-R pass (stage6-w60b AI-R record),34,frappe,
Authenticate as Service Principal,translation-candidate,in-ledger (no vendor PO location match),,AI-R: confirm prior-approved exclusion at W6-0b AI-R pass (stage6-w60b AI-R record),33,frappe,
Authorization,translation-candidate,in-ledger (no vendor PO location match),,AI-R: confirm prior-approved exclusion at W6-0b AI-R pass (stage6-w60b AI-R record),13,frappe,
Auto follow documents that you Like,translation-candidate,in-ledger (no vendor PO location match),,AI-R: confirm prior-approved exclusion at W6-0b AI-R pass (stage6-w60b AI-R record),35,frappe,
Auto follow documents that you create,translation-candidate,in-ledger (no vendor PO location match),,AI-R: confirm prior-approved exclusion at W6-0b AI-R pass (stage6-w60b AI-R record),37,frappe,
Awesomebar,translation-candidate,in-ledger (no vendor PO location match),,AI-R: confirm prior-approved exclusion at W6-0b AI-R pass (stage6-w60b AI-R record),10,frappe,
Background Job Activity,translation-candidate,in-ledger (no vendor PO location match),,AI-R: confirm prior-approved exclusion at W6-0b AI-R pass (stage6-w60b AI-R record),23,frappe,
Background Jobs Check,translation-candidate,in-ledger (no vendor PO location match),,AI-R: confirm prior-approved exclusion at W6-0b AI-R pass (stage6-w60b AI-R record),21,frappe,
Background Jobs Queue,translation-candidate,in-ledger (no vendor PO location match),,AI-R: confirm prior-approved exclusion at W6-0b AI-R pass (stage6-w60b AI-R record),21,frappe,
Backup Encryption Key,translation-candidate,in-ledger (no vendor PO location match),,AI-R: confirm prior-approved exclusion at W6-0b AI-R pass (stage6-w60b AI-R record),21,frappe,
Beginner,translation-candidate,in-ledger (no vendor PO location match),,AI-R: confirm prior-approved exclusion at W6-0b AI-R pass (stage6-w60b AI-R record),8,frappe,
Brand,translation-candidate,in-ledger (no vendor PO location match),,AI-R: confirm prior-approved exclusion at W6-0b AI-R pass (stage6-w60b AI-R record),5,frappe,
Bulk Operation Failed,translation-candidate,in-ledger (no vendor PO location match),,AI-R: confirm prior-approved exclusion at W6-0b AI-R pass (stage6-w60b AI-R record),21,frappe,
Bulk Operation Successful,translation-candidate,in-ledger (no vendor PO location match),,AI-R: confirm prior-approved exclusion at W6-0b AI-R pass (stage6-w60b AI-R record),25,frappe,
Bulk {0} is enqueued in background.,translation-candidate,in-ledger (no vendor PO location match),,AI-R: confirm prior-approved exclusion at W6-0b AI-R pass (stage6-w60b AI-R record),35,frappe,
"By \""Naming Series\"" field",translation-candidate,in-ledger (no vendor PO location match),,AI-R: confirm prior-approved exclusion at W6-0b AI-R pass (stage6-w60b AI-R record),26,frappe,
Cache,translation-candidate,in-ledger (no vendor PO location match),,AI-R: confirm prior-approved exclusion at W6-0b AI-R pass (stage6-w60b AI-R record),5,frappe,
Campaign Description (Optional),translation-candidate,in-ledger (no vendor PO location match),,AI-R: confirm prior-approved exclusion at W6-0b AI-R pass (stage6-w60b AI-R record),31,frappe,
Cannot access file path {0},translation-candidate,in-ledger (no vendor PO location match),,AI-R: confirm prior-approved exclusion at W6-0b AI-R pass (stage6-w60b AI-R record),27,frappe,
Cannot edit Standard Dashboards,translation-candidate,in-ledger (no vendor PO location match),,AI-R: confirm prior-approved exclusion at W6-0b AI-R pass (stage6-w60b AI-R record),31,frappe,
Cannot edit Standard charts,translation-candidate,in-ledger (no vendor PO location match),,AI-R: confirm prior-approved exclusion at W6-0b AI-R pass (stage6-w60b AI-R record),27,frappe,
Cannot find file {} on disk,translation-candidate,in-ledger (no vendor PO location match),,AI-R: confirm prior-approved exclusion at W6-0b AI-R pass (stage6-w60b AI-R record),27,frappe,
Cannot get file contents of a Folder,translation-candidate,in-ledger (no vendor PO location match),,AI-R: confirm prior-approved exclusion at W6-0b AI-R pass (stage6-w60b AI-R record),36,frappe,
Cannot use sub-query here.,translation-candidate,in-ledger (no vendor PO location match),,AI-R: confirm prior-approved exclusion at W6-0b AI-R pass (stage6-w60b AI-R record),26,frappe,
Cannot use {0} in order/group by,translation-candidate,in-ledger (no vendor PO location match),,AI-R: confirm prior-approved exclusion at W6-0b AI-R pass (stage6-w60b AI-R record),32,frappe,
Child DocTypes are not allowed,translation-candidate,in-ledger (no vendor PO location match),,AI-R: confirm prior-approved exclusion at W6-0b AI-R pass (stage6-w60b AI-R record),30,frappe,
City,translation-candidate,in-ledger (no vendor PO location match),,AI-R: confirm prior-approved exclusion at W6-0b AI-R pass (stage6-w60b AI-R record),4,frappe,المدينة
Clear Logs After (days),translation-candidate,in-ledger (no vendor PO location match),,AI-R: confirm prior-approved exclusion at W6-0b AI-R pass (stage6-w60b AI-R record),23,frappe,
Click to Set Dynamic Filters,translation-candidate,in-ledger (no vendor PO location match),,AI-R: confirm prior-approved exclusion at W6-0b AI-R pass (stage6-w60b AI-R record),28,frappe,
Code challenge method,translation-candidate,in-ledger (no vendor PO location match),,AI-R: confirm prior-approved exclusion at W6-0b AI-R pass (stage6-w60b AI-R record),21,frappe,
Collapsible Depends On (JS),translation-candidate,in-ledger (no vendor PO location match),,AI-R: confirm prior-approved exclusion at W6-0b AI-R pass (stage6-w60b AI-R record),27,frappe,
Committed,translation-candidate,in-ledger (no vendor PO location match),,AI-R: confirm prior-approved exclusion at W6-0b AI-R pass (stage6-w60b AI-R record),9,frappe,
Common words are easy to guess.,translation-candidate,in-ledger (no vendor PO location match),,AI-R: confirm prior-approved exclusion at W6-0b AI-R pass (stage6-w60b AI-R record),31,frappe,
Communication secret not set,translation-candidate,in-ledger (no vendor PO location match),,AI-R: confirm prior-approved exclusion at W6-0b AI-R pass (stage6-w60b AI-R record),28,frappe,
Compressed,translation-candidate,in-ledger (no vendor PO location match),,AI-R: confirm prior-approved exclusion at W6-0b AI-R pass (stage6-w60b AI-R record),10,frappe,
Condition,translation-candidate,in-ledger (no vendor PO location match),,AI-R: confirm prior-approved exclusion at W6-0b AI-R pass (stage6-w60b AI-R record),9,frappe,
Condition description,translation-candidate,in-ledger (no vendor PO location match),,AI-R: confirm prior-approved exclusion at W6-0b AI-R pass (stage6-w60b AI-R record),21,frappe,
Conditions,translation-candidate,in-ledger (no vendor PO location match),,AI-R: confirm prior-approved exclusion at W6-0b AI-R pass (stage6-w60b AI-R record),10,frappe,
Configuration,translation-candidate,in-ledger (no vendor PO location match),,AI-R: confirm prior-approved exclusion at W6-0b AI-R pass (stage6-w60b AI-R record),13,frappe,
Console Logs can not be deleted,translation-candidate,in-ledger (no vendor PO location match),,AI-R: confirm prior-approved exclusion at W6-0b AI-R pass (stage6-w60b AI-R record),31,frappe,
Constraints,translation-candidate,in-ledger (no vendor PO location match),,AI-R: confirm prior-approved exclusion at W6-0b AI-R pass (stage6-w60b AI-R record),11,frappe,
Contacts,translation-candidate,in-ledger (no vendor PO location match),,AI-R: confirm prior-approved exclusion at W6-0b AI-R pass (stage6-w60b AI-R record),8,frappe,
Contains {0} security fix,translation-candidate,in-ledger (no vendor PO location match),,AI-R: confirm prior-approved exclusion at W6-0b AI-R pass (stage6-w60b AI-R record),25,frappe,
Contains {0} security fixes,translation-candidate,in-ledger (no vendor PO location match),,AI-R: confirm prior-approved exclusion at W6-0b AI-R pass (stage6-w60b AI-R record),27,frappe,
Content data shoud be a list,translation-candidate,in-ledger (no vendor PO location match),,AI-R: confirm prior-approved exclusion at W6-0b AI-R pass (stage6-w60b AI-R record),28,frappe,
Could not parse field: {0},translation-candidate,in-ledger (no vendor PO location match),,AI-R: confirm prior-approved exclusion at W6-0b AI-R pass (stage6-w60b AI-R record),26,frappe,
Country Code Required,translation-candidate,in-ledger (no vendor PO location match),,AI-R: confirm prior-approved exclusion at W6-0b AI-R pass (stage6-w60b AI-R record),21,frappe,
Custom Document Types Limit Exceeded,translation-candidate,in-ledger (no vendor PO location match),,AI-R: confirm prior-approved exclusion at W6-0b AI-R pass (stage6-w60b AI-R record),36,frappe,
Customize Child Table,translation-candidate,in-ledger (no vendor PO location match),,AI-R: confirm prior-approved exclusion at W6-0b AI-R pass (stage6-w60b AI-R record),21,frappe,
Database,translation-candidate,in-ledger (no vendor PO location match),,AI-R: confirm prior-approved exclusion at W6-0b AI-R pass (stage6-w60b AI-R record),8,frappe,
Database Storage Usage By Tables,translation-candidate,in-ledger (no vendor PO location match),,AI-R: confirm prior-approved exclusion at W6-0b AI-R pass (stage6-w60b AI-R record),32,frappe,
Database Table Row Size Limit,translation-candidate,in-ledger (no vendor PO location match),,AI-R: confirm prior-approved exclusion at W6-0b AI-R pass (stage6-w60b AI-R record),29,frappe,
Default Amendment Naming,translation-candidate,in-ledger (no vendor PO location match),,AI-R: confirm prior-approved exclusion at W6-0b AI-R pass (stage6-w60b AI-R record),24,frappe,
Default Email Template,translation-candidate,in-ledger (no vendor PO location match),,AI-R: confirm prior-approved exclusion at W6-0b AI-R pass (stage6-w60b AI-R record),22,frappe,
Default Template For Field,translation-candidate,in-ledger (no vendor PO location match),,AI-R: confirm prior-approved exclusion at W6-0b AI-R pass (stage6-w60b AI-R record),26,frappe,
Delayed,translation-candidate,in-ledger (no vendor PO location match),,AI-R: confirm prior-approved exclusion at W6-0b AI-R pass (stage6-w60b AI-R record),7,frappe,
Deleted all documents successfully,translation-candidate,in-ledger (no vendor PO location match),,AI-R: confirm prior-approved exclusion at W6-0b AI-R pass (stage6-w60b AI-R record),34,frappe,
Disable Automatic Recency Filters,translation-candidate,in-ledger (no vendor PO location match),,AI-R: confirm prior-approved exclusion at W6-0b AI-R pass (stage6-w60b AI-R record),33,frappe,
Disable Comment Count,translation-candidate,in-ledger (no vendor PO location match),,AI-R: confirm prior-approved exclusion at W6-0b AI-R pass (stage6-w60b AI-R record),21,frappe,
Disable Document Sharing,translation-candidate,in-ledger (no vendor PO location match),,AI-R: confirm prior-approved exclusion at W6-0b AI-R pass (stage6-w60b AI-R record),24,frappe,
Disable Product Suggestion,translation-candidate,in-ledger (no vendor PO location match),,AI-R: confirm prior-approved exclusion at W6-0b AI-R pass (stage6-w60b AI-R record),26,frappe,
Disable Username/Password Login,translation-candidate,in-ledger (no vendor PO location match),,AI-R: confirm prior-approved exclusion at W6-0b AI-R pass (stage6-w60b AI-R record),31,frappe,
Discarded,translation-candidate,in-ledger (no vendor PO location match),,AI-R: confirm prior-approved exclusion at W6-0b AI-R pass (stage6-w60b AI-R record),9,frappe,
Do you still want to proceed?,translation-candidate,in-ledger (no vendor PO location match),,AI-R: confirm prior-approved exclusion at W6-0b AI-R pass (stage6-w60b AI-R record),29,frappe,
DocShare,translation-candidate,in-ledger (no vendor PO location match),,AI-R: confirm prior-approved exclusion at W6-0b AI-R pass (stage6-w60b AI-R record),8,frappe,
DocType must be a string,translation-candidate,in-ledger (no vendor PO location match),,AI-R: confirm prior-approved exclusion at W6-0b AI-R pass (stage6-w60b AI-R record),24,frappe,
DocType not supported by Log Settings.,translation-candidate,in-ledger (no vendor PO location match),,AI-R: confirm prior-approved exclusion at W6-0b AI-R pass (stage6-w60b AI-R record),38,frappe,
DocType {0} does not exist.,translation-candidate,in-ledger (no vendor PO location match),,AI-R: confirm prior-approved exclusion at W6-0b AI-R pass (stage6-w60b AI-R record),27,frappe,
Document Name must be a string,translation-candidate,in-ledger (no vendor PO location match),,AI-R: confirm prior-approved exclusion at W6-0b AI-R pass (stage6-w60b AI-R record),30,frappe,
Document Naming Settings,translation-candidate,in-ledger (no vendor PO location match),,AI-R: confirm prior-approved exclusion at W6-0b AI-R pass (stage6-w60b AI-R record),24,frappe,
Document Types (Select Permissions Only),translation-candidate,in-ledger (no vendor PO location match),,AI-R: confirm prior-approved exclusion at W6-0b AI-R pass (stage6-w60b AI-R record),40,frappe,
Document Types and Permissions,translation-candidate,in-ledger (no vendor PO location match),,AI-R: confirm prior-approved exclusion at W6-0b AI-R pass (stage6-w60b AI-R record),30,frappe,
Document not Relinked,translation-candidate,in-ledger (no vendor PO location match),,AI-R: confirm prior-approved exclusion at W6-0b AI-R pass (stage6-w60b AI-R record),21,frappe,
Document {0} {1} does not exist,translation-candidate,in-ledger (no vendor PO location match),,AI-R: confirm prior-approved exclusion at W6-0b AI-R pass (stage6-w60b AI-R record),31,frappe,
Dr,translation-candidate,in-ledger (no vendor PO location match),,AI-R: confirm prior-approved exclusion at W6-0b AI-R pass (stage6-w60b AI-R record),2,frappe,
Dynamic,translation-candidate,in-ledger (no vendor PO location match),,AI-R: confirm prior-approved exclusion at W6-0b AI-R pass (stage6-w60b AI-R record),7,frappe,
Either key or IP flag is required.,translation-candidate,in-ledger (no vendor PO location match),,AI-R: confirm prior-approved exclusion at W6-0b AI-R pass (stage6-w60b AI-R record),34,frappe,
Email Account Disabled.,translation-candidate,in-ledger (no vendor PO location match),,AI-R: confirm prior-approved exclusion at W6-0b AI-R pass (stage6-w60b AI-R record),23,frappe,
Email Account {0} Disabled,translation-candidate,in-ledger (no vendor PO location match),,AI-R: confirm prior-approved exclusion at W6-0b AI-R pass (stage6-w60b AI-R record),26,frappe,
Email Threads on Assigned Document,translation-candidate,in-ledger (no vendor PO location match),,AI-R: confirm prior-approved exclusion at W6-0b AI-R pass (stage6-w60b AI-R record),34,frappe,
Email is mandatory to create User Email,translation-candidate,in-ledger (no vendor PO location match),,AI-R: confirm prior-approved exclusion at W6-0b AI-R pass (stage6-w60b AI-R record),39,frappe,
Emails,translation-candidate,in-ledger (no vendor PO location match),,AI-R: confirm prior-approved exclusion at W6-0b AI-R pass (stage6-w60b AI-R record),6,frappe,
Empty alias is not allowed,translation-candidate,in-ledger (no vendor PO location match),,AI-R: confirm prior-approved exclusion at W6-0b AI-R pass (stage6-w60b AI-R record),26,frappe,
Empty string arguments are not allowed,translation-candidate,in-ledger (no vendor PO location match),,AI-R: confirm prior-approved exclusion at W6-0b AI-R pass (stage6-w60b AI-R record),38,frappe,
Enable Action Confirmation,translation-candidate,in-ledger (no vendor PO location match),,AI-R: confirm prior-approved exclusion at W6-0b AI-R pass (stage6-w60b AI-R record),26,frappe,
Enable Address Autocompletion,translation-candidate,in-ledger (no vendor PO location match),,AI-R: confirm prior-approved exclusion at W6-0b AI-R pass (stage6-w60b AI-R record),29,frappe,
Enable Dynamic Client Registration,translation-candidate,in-ledger (no vendor PO location match),,AI-R: confirm prior-approved exclusion at W6-0b AI-R pass (stage6-w60b AI-R record),34,frappe,
Enable Google indexing,translation-candidate,in-ledger (no vendor PO location match),,AI-R: confirm prior-approved exclusion at W6-0b AI-R pass (stage6-w60b AI-R record),22,frappe,
Enable in-app website tracking,translation-candidate,in-ledger (no vendor PO location match),,AI-R: confirm prior-approved exclusion at W6-0b AI-R pass (stage6-w60b AI-R record),30,frappe,
Enables Calendar and Gantt views.,translation-candidate,in-ledger (no vendor PO location match),,AI-R: confirm prior-approved exclusion at W6-0b AI-R pass (stage6-w60b AI-R record),33,frappe,
Encryption key is in invalid format!,translation-candidate,in-ledger (no vendor PO location match),,AI-R: confirm prior-approved exclusion at W6-0b AI-R pass (stage6-w60b AI-R record),36,frappe,
End Date cannot be today.,translation-candidate,in-ledger (no vendor PO location match),,AI-R: confirm prior-approved exclusion at W6-0b AI-R pass (stage6-w60b AI-R record),25,frappe,
Endpoints,translation-candidate,in-ledger (no vendor PO location match),,AI-R: confirm prior-approved exclusion at W6-0b AI-R pass (stage6-w60b AI-R record),9,frappe,
Enqueued creation of indexes,translation-candidate,in-ledger (no vendor PO location match),,AI-R: confirm prior-approved exclusion at W6-0b AI-R pass (stage6-w60b AI-R record),28,frappe,
Error connecting via IMAP/POP3: {e},translation-candidate,in-ledger (no vendor PO location match),,AI-R: confirm prior-approved exclusion at W6-0b AI-R pass (stage6-w60b AI-R record),35,frappe,
Error connecting via SMTP: {e},translation-candidate,in-ledger (no vendor PO location match),,AI-R: confirm prior-approved exclusion at W6-0b AI-R pass (stage6-w60b AI-R record),30,frappe,
Error in Header/Footer Script,translation-candidate,in-ledger (no vendor PO location match),,AI-R: confirm prior-approved exclusion at W6-0b AI-R pass (stage6-w60b AI-R record),29,frappe,
Error in print format on line {0}: {1},translation-candidate,in-ledger (no vendor PO location match),,AI-R: confirm prior-approved exclusion at W6-0b AI-R pass (stage6-w60b AI-R record),38,frappe,
Error in {0}.get_list: {1},translation-candidate,in-ledger (no vendor PO location match),,AI-R: confirm prior-approved exclusion at W6-0b AI-R pass (stage6-w60b AI-R record),26,frappe,
Error parsing nested filters: {0}. {1},translation-candidate,in-ledger (no vendor PO location match),,AI-R: confirm prior-approved exclusion at W6-0b AI-R pass (stage6-w60b AI-R record),38,frappe,
Error: Data missing in table {0},translation-candidate,in-ledger (no vendor PO location match),,AI-R: confirm prior-approved exclusion at W6-0b AI-R pass (stage6-w60b AI-R record),32,frappe,
Errors,translation-candidate,in-ledger (no vendor PO location match),,AI-R: confirm prior-approved exclusion at W6-0b AI-R pass (stage6-w60b AI-R record),6,frappe,
Executing...,translation-candidate,in-ledger (no vendor PO location match),,AI-R: confirm prior-approved exclusion at W6-0b AI-R pass (stage6-w60b AI-R record),12,frappe,
Expired,translation-candidate,in-ledger (no vendor PO location match),,AI-R: confirm prior-approved exclusion at W6-0b AI-R pass (stage6-w60b AI-R record),7,frappe,
Fail,translation-candidate,in-ledger (no vendor PO location match),,AI-R: confirm prior-approved exclusion at W6-0b AI-R pass (stage6-w60b AI-R record),4,frappe,
Failed Logins (Last 30 days),translation-candidate,in-ledger (no vendor PO location match),,AI-R: confirm prior-approved exclusion at W6-0b AI-R pass (stage6-w60b AI-R record),28,frappe,
Failed to compute request body: {},translation-candidate,in-ledger (no vendor PO location match),,AI-R: confirm prior-approved exclusion at W6-0b AI-R pass (stage6-w60b AI-R record),34,frappe,
Failed to decrypt key {0},translation-candidate,in-ledger (no vendor PO location match),,AI-R: confirm prior-approved exclusion at W6-0b AI-R pass (stage6-w60b AI-R record),25,frappe,
Failed to enable scheduler: {0},translation-candidate,in-ledger (no vendor PO location match),,AI-R: confirm prior-approved exclusion at W6-0b AI-R pass (stage6-w60b AI-R record),31,frappe,
Failed to evaluate conditions: {},translation-candidate,in-ledger (no vendor PO location match),,AI-R: confirm prior-approved exclusion at W6-0b AI-R pass (stage6-w60b AI-R record),33,frappe,
Failed to generate names from the series,translation-candidate,in-ledger (no vendor PO location match),,AI-R: confirm prior-approved exclusion at W6-0b AI-R pass (stage6-w60b AI-R record),40,frappe,
Failed to get method {0} with {1},translation-candidate,in-ledger (no vendor PO location match),,AI-R: confirm prior-approved exclusion at W6-0b AI-R pass (stage6-w60b AI-R record),33,frappe,
Failed to get site info,translation-candidate,in-ledger (no vendor PO location match),,AI-R: confirm prior-approved exclusion at W6-0b AI-R pass (stage6-w60b AI-R record),23,frappe,
Failed to optimize image: {0},translation-candidate,in-ledger (no vendor PO location match),,AI-R: confirm prior-approved exclusion at W6-0b AI-R pass (stage6-w60b AI-R record),29,frappe,
Failed to render message: {},translation-candidate,in-ledger (no vendor PO location match),,AI-R: confirm prior-approved exclusion at W6-0b AI-R pass (stage6-w60b AI-R record),28,frappe,
Failed to render subject: {},translation-candidate,in-ledger (no vendor PO location match),,AI-R: confirm prior-approved exclusion at W6-0b AI-R pass (stage6-w60b AI-R record),28,frappe,
Failed to request login to Frappe Cloud,translation-candidate,in-ledger (no vendor PO location match),,AI-R: confirm prior-approved exclusion at W6-0b AI-R pass (stage6-w60b AI-R record),39,frappe,
Failed to send email with subject:,translation-candidate,in-ledger (no vendor PO location match),,AI-R: confirm prior-approved exclusion at W6-0b AI-R pass (stage6-w60b AI-R record),34,frappe,
Failed to update global settings,translation-candidate,in-ledger (no vendor PO location match),,AI-R: confirm prior-approved exclusion at W6-0b AI-R pass (stage6-w60b AI-R record),32,frappe,
Failed while calling API {0},translation-candidate,in-ledger (no vendor PO location match),,AI-R: confirm prior-approved exclusion at W6-0b AI-R pass (stage6-w60b AI-R record),28,frappe,
Failing Scheduled Jobs (last 7 days),translation-candidate,in-ledger (no vendor PO location match),,AI-R: confirm prior-approved exclusion at W6-0b AI-R pass (stage6-w60b AI-R record),36,frappe,
Failure,translation-candidate,in-ledger (no vendor PO location match),,AI-R: confirm prior-approved exclusion at W6-0b AI-R pass (stage6-w60b AI-R record),7,frappe,
Female,translation-candidate,in-ledger (no vendor PO location match),,AI-R: confirm prior-approved exclusion at W6-0b AI-R pass (stage6-w60b AI-R record),6,frappe,
Fetching fields from {0}...,translation-candidate,in-ledger (no vendor PO location match),,AI-R: confirm prior-approved exclusion at W6-0b AI-R pass (stage6-w60b AI-R record),27,frappe,
Field not permitted in query,translation-candidate,in-ledger (no vendor PO location match),,AI-R: confirm prior-approved exclusion at W6-0b AI-R pass (stage6-w60b AI-R record),28,frappe,
Field {0} does not exist on {1},translation-candidate,in-ledger (no vendor PO location match),,AI-R: confirm prior-approved exclusion at W6-0b AI-R pass (stage6-w60b AI-R record),31,frappe,
File type of {0} is not allowed,translation-candidate,in-ledger (no vendor PO location match),,AI-R: confirm prior-approved exclusion at W6-0b AI-R pass (stage6-w60b AI-R record),31,frappe,
First Day of the Week,translation-candidate,in-ledger (no vendor PO location match),,AI-R: confirm prior-approved exclusion at W6-0b AI-R pass (stage6-w60b AI-R record),21,frappe,
Following document {0},translation-candidate,in-ledger (no vendor PO location match),,AI-R: confirm prior-approved exclusion at W6-0b AI-R pass (stage6-w60b AI-R record),22,frappe,
Footer HTML set from attachment {0},translation-candidate,in-ledger (no vendor PO location match),,AI-R: confirm prior-approved exclusion at W6-0b AI-R pass (stage6-w60b AI-R record),35,frappe,
"Footer \""Powered By\""",translation-candidate,in-ledger (no vendor PO location match),,AI-R: confirm prior-approved exclusion at W6-0b AI-R pass (stage6-w60b AI-R record),21,frappe,
Force Web Capture Mode for Uploads,translation-candidate,in-ledger (no vendor PO location match),,AI-R: confirm prior-approved exclusion at W6-0b AI-R pass (stage6-w60b AI-R record),34,frappe,
Forward Query Parameters,translation-candidate,in-ledger (no vendor PO location match),,AI-R: confirm prior-approved exclusion at W6-0b AI-R pass (stage6-w60b AI-R record),24,frappe,
Frappe Mail OAuth Error,translation-candidate,in-ledger (no vendor PO location match),,AI-R: confirm prior-approved exclusion at W6-0b AI-R pass (stage6-w60b AI-R record),23,frappe,
Frappe page builder using components,translation-candidate,in-ledger (no vendor PO location match),,AI-R: confirm prior-approved exclusion at W6-0b AI-R pass (stage6-w60b AI-R record),36,frappe,
Function {0} is not whitelisted.,translation-candidate,in-ledger (no vendor PO location match),,AI-R: confirm prior-approved exclusion at W6-0b AI-R pass (stage6-w60b AI-R record),32,frappe,
GNU Affero General Public License,translation-candidate,in-ledger (no vendor PO location match),,AI-R: confirm prior-approved exclusion at W6-0b AI-R pass (stage6-w60b AI-R record),33,frappe,
GNU General Public License,translation-candidate,in-ledger (no vendor PO location match),,AI-R: confirm prior-approved exclusion at W6-0b AI-R pass (stage6-w60b AI-R record),26,frappe,
Genderqueer,translation-candidate,in-ledger (no vendor PO location match),,AI-R: confirm prior-approved exclusion at W6-0b AI-R pass (stage6-w60b AI-R record),11,frappe,
Geoapify,translation-candidate,in-ledger (no vendor PO location match),,AI-R: confirm prior-approved exclusion at W6-0b AI-R pass (stage6-w60b AI-R record),8,frappe,
Get Backup Encryption Key,translation-candidate,in-ledger (no vendor PO location match),,AI-R: confirm prior-approved exclusion at W6-0b AI-R pass (stage6-w60b AI-R record),25,frappe,
Get OpenID Configuration,translation-candidate,in-ledger (no vendor PO location match),,AI-R: confirm prior-approved exclusion at W6-0b AI-R pass (stage6-w60b AI-R record),24,frappe,
Github flavoured markdown syntax,translation-candidate,in-ledger (no vendor PO location match),,AI-R: confirm prior-approved exclusion at W6-0b AI-R pass (stage6-w60b AI-R record),32,frappe,
Go to this URL after completing the form,translation-candidate,in-ledger (no vendor PO location match),,AI-R: confirm prior-approved exclusion at W6-0b AI-R pass (stage6-w60b AI-R record),40,frappe,
Google Analytics anonymise IP,translation-candidate,in-ledger (no vendor PO location match),,AI-R: confirm prior-approved exclusion at W6-0b AI-R pass (stage6-w60b AI-R record),29,frappe,
Google Drive Picker Enabled,translation-candidate,in-ledger (no vendor PO location match),,AI-R: confirm prior-approved exclusion at W6-0b AI-R pass (stage6-w60b AI-R record),27,frappe,
Gray,translation-candidate,in-ledger (no vendor PO location match),,AI-R: confirm prior-approved exclusion at W6-0b AI-R pass (stage6-w60b AI-R record),4,frappe,
HERE,translation-candidate,in-ledger (no vendor PO location match),,AI-R: confirm prior-approved exclusion at W6-0b AI-R pass (stage6-w60b AI-R record),4,frappe,
HTML with jinja support,translation-candidate,in-ledger (no vendor PO location match),,AI-R: confirm prior-approved exclusion at W6-0b AI-R pass (stage6-w60b AI-R record),23,frappe,
Headers must be a dictionary,translation-candidate,in-ledger (no vendor PO location match),,AI-R: confirm prior-approved exclusion at W6-0b AI-R pass (stage6-w60b AI-R record),28,frappe,
Helpful,translation-candidate,in-ledger (no vendor PO location match),,AI-R: confirm prior-approved exclusion at W6-0b AI-R pass (stage6-w60b AI-R record),7,frappe,
Hidden columns include: {0},translation-candidate,in-ledger (no vendor PO location match),,AI-R: confirm prior-approved exclusion at W6-0b AI-R pass (stage6-w60b AI-R record),27,frappe,
Hide Empty Read-Only Fields,translation-candidate,in-ledger (no vendor PO location match),,AI-R: confirm prior-approved exclusion at W6-0b AI-R pass (stage6-w60b AI-R record),27,frappe,
Highlight,translation-candidate,in-ledger (no vendor PO location match),,AI-R: confirm prior-approved exclusion at W6-0b AI-R pass (stage6-w60b AI-R record),9,frappe,
Image link '{0}' is not valid,translation-candidate,in-ledger (no vendor PO location match),,AI-R: confirm prior-approved exclusion at W6-0b AI-R pass (stage6-w60b AI-R record),29,frappe,
Image: Corrupted Data Stream,translation-candidate,in-ledger (no vendor PO location match),,AI-R: confirm prior-approved exclusion at W6-0b AI-R pass (stage6-w60b AI-R record),28,frappe,
Impersonate,translation-candidate,in-ledger (no vendor PO location match),,AI-R: confirm prior-approved exclusion at W6-0b AI-R pass (stage6-w60b AI-R record),11,frappe,
Importing {0} is not allowed.,translation-candidate,in-ledger (no vendor PO location match),,AI-R: confirm prior-approved exclusion at W6-0b AI-R pass (stage6-w60b AI-R record),29,frappe,
"Importing {0} of {1}, {2}",translation-candidate,in-ledger (no vendor PO location match),,AI-R: confirm prior-approved exclusion at W6-0b AI-R pass (stage6-w60b AI-R record),25,frappe,
Incoming,translation-candidate,in-ledger (no vendor PO location match),,AI-R: confirm prior-approved exclusion at W6-0b AI-R pass (stage6-w60b AI-R record),8,frappe,
Incoming (POP/IMAP) Settings,translation-candidate,in-ledger (no vendor PO location match),,AI-R: confirm prior-approved exclusion at W6-0b AI-R pass (stage6-w60b AI-R record),28,frappe,
Incoming Emails (Last 7 days),translation-candidate,in-ledger (no vendor PO location match),,AI-R: confirm prior-approved exclusion at W6-0b AI-R pass (stage6-w60b AI-R record),29,frappe,
Incorrect value in row {0}:,translation-candidate,in-ledger (no vendor PO location match),,AI-R: confirm prior-approved exclusion at W6-0b AI-R pass (stage6-w60b AI-R record),27,frappe,
Indexing authorization code,translation-candidate,in-ledger (no vendor PO location match),,AI-R: confirm prior-approved exclusion at W6-0b AI-R pass (stage6-w60b AI-R record),27,frappe,
InnoDB,translation-candidate,in-ledger (no vendor PO location match),,AI-R: confirm prior-approved exclusion at W6-0b AI-R pass (stage6-w60b AI-R record),6,frappe,
Insufficient Permission Level for {0},translation-candidate,in-ledger (no vendor PO location match),,AI-R: confirm prior-approved exclusion at W6-0b AI-R pass (stage6-w60b AI-R record),37,frappe,
Insufficient attachment limit,translation-candidate,in-ledger (no vendor PO location match),,AI-R: confirm prior-approved exclusion at W6-0b AI-R pass (stage6-w60b AI-R record),29,frappe,
Intermediate,translation-candidate,in-ledger (no vendor PO location match),,AI-R: confirm prior-approved exclusion at W6-0b AI-R pass (stage6-w60b AI-R record),12,frappe,
Internal record of document shares,translation-candidate,in-ledger (no vendor PO location match),,AI-R: confirm prior-approved exclusion at W6-0b AI-R pass (stage6-w60b AI-R record),34,frappe,
Introduction,translation-candidate,in-ledger (no vendor PO location match),,AI-R: confirm prior-approved exclusion at W6-0b AI-R pass (stage6-w60b AI-R record),12,frappe,
Invalid,translation-candidate,in-ledger (no vendor PO location match),,AI-R: confirm prior-approved exclusion at W6-0b AI-R pass (stage6-w60b AI-R record),7,frappe,
Invalid Code. Please try again.,translation-candidate,in-ledger (no vendor PO location match),,AI-R: confirm prior-approved exclusion at W6-0b AI-R pass (stage6-w60b AI-R record),31,frappe,
Invalid Condition: {},translation-candidate,in-ledger (no vendor PO location match),,AI-R: confirm prior-approved exclusion at W6-0b AI-R pass (stage6-w60b AI-R record),21,frappe,
Invalid Naming Series: {},translation-candidate,in-ledger (no vendor PO location match),,AI-R: confirm prior-approved exclusion at W6-0b AI-R pass (stage6-w60b AI-R record),25,frappe,
Invalid Table Fieldname,translation-candidate,in-ledger (no vendor PO location match),,AI-R: confirm prior-approved exclusion at W6-0b AI-R pass (stage6-w60b AI-R record),23,frappe,
Invalid Webhook Secret,translation-candidate,in-ledger (no vendor PO location match),,AI-R: confirm prior-approved exclusion at W6-0b AI-R pass (stage6-w60b AI-R record),22,frappe,
Invalid aggregate function,translation-candidate,in-ledger (no vendor PO location match),,AI-R: confirm prior-approved exclusion at W6-0b AI-R pass (stage6-w60b AI-R record),26,frappe,
Invalid characters in table name: {0},translation-candidate,in-ledger (no vendor PO location match),,AI-R: confirm prior-approved exclusion at W6-0b AI-R pass (stage6-w60b AI-R record),37,frappe,
Invalid field type: {0},translation-candidate,in-ledger (no vendor PO location match),,AI-R: confirm prior-approved exclusion at W6-0b AI-R pass (stage6-w60b AI-R record),23,frappe,
Invalid redirect regex in row #{}: {},translation-candidate,in-ledger (no vendor PO location match),,AI-R: confirm prior-approved exclusion at W6-0b AI-R pass (stage6-w60b AI-R record),37,frappe,
Invalid request arguments,translation-candidate,in-ledger (no vendor PO location match),,AI-R: confirm prior-approved exclusion at W6-0b AI-R pass (stage6-w60b AI-R record),25,frappe,
Invalid value specified for UUID: {},translation-candidate,in-ledger (no vendor PO location match),,AI-R: confirm prior-approved exclusion at W6-0b AI-R pass (stage6-w60b AI-R record),36,frappe,
Invalid wkhtmltopdf version,translation-candidate,in-ledger (no vendor PO location match),,AI-R: confirm prior-approved exclusion at W6-0b AI-R pass (stage6-w60b AI-R record),27,frappe,
Invalid {0} dictionary format,translation-candidate,in-ledger (no vendor PO location match),,AI-R: confirm prior-approved exclusion at W6-0b AI-R pass (stage6-w60b AI-R record),29,frappe,
Invitation already accepted,translation-candidate,in-ledger (no vendor PO location match),,AI-R: confirm prior-approved exclusion at W6-0b AI-R pass (stage6-w60b AI-R record),27,frappe,
Invitation already exists,translation-candidate,in-ledger (no vendor PO location match),,AI-R: confirm prior-approved exclusion at W6-0b AI-R pass (stage6-w60b AI-R record),25,frappe,
Invitation cannot be cancelled,translation-candidate,in-ledger (no vendor PO location match),,AI-R: confirm prior-approved exclusion at W6-0b AI-R pass (stage6-w60b AI-R record),30,frappe,
Invitation is cancelled,translation-candidate,in-ledger (no vendor PO location match),,AI-R: confirm prior-approved exclusion at W6-0b AI-R pass (stage6-w60b AI-R record),23,frappe,
Invitation is expired,translation-candidate,in-ledger (no vendor PO location match),,AI-R: confirm prior-approved exclusion at W6-0b AI-R pass (stage6-w60b AI-R record),21,frappe,
Invitation to join {0} cancelled,translation-candidate,in-ledger (no vendor PO location match),,AI-R: confirm prior-approved exclusion at W6-0b AI-R pass (stage6-w60b AI-R record),32,frappe,
Invitation to join {0} expired,translation-candidate,in-ledger (no vendor PO location match),,AI-R: confirm prior-approved exclusion at W6-0b AI-R pass (stage6-w60b AI-R record),30,frappe,
Is Calendar and Gantt,translation-candidate,in-ledger (no vendor PO location match),,AI-R: confirm prior-approved exclusion at W6-0b AI-R pass (stage6-w60b AI-R record),21,frappe,
Job Stopped Successfully,translation-candidate,in-ledger (no vendor PO location match),,AI-R: confirm prior-approved exclusion at W6-0b AI-R pass (stage6-w60b AI-R record),24,frappe,
Job stopped successfully,translation-candidate,in-ledger (no vendor PO location match),,AI-R: confirm prior-approved exclusion at W6-0b AI-R pass (stage6-w60b AI-R record),24,frappe,
Join video conference with {0},translation-candidate,in-ledger (no vendor PO location match),,AI-R: confirm prior-approved exclusion at W6-0b AI-R pass (stage6-w60b AI-R record),30,frappe,
Keep track of all update feeds,translation-candidate,in-ledger (no vendor PO location match),,AI-R: confirm prior-approved exclusion at W6-0b AI-R pass (stage6-w60b AI-R record),30,frappe,
Keeps track of all communications,translation-candidate,in-ledger (no vendor PO location match),,AI-R: confirm prior-approved exclusion at W6-0b AI-R pass (stage6-w60b AI-R record),33,frappe,
Keycloak,translation-candidate,in-ledger (no vendor PO location match),,AI-R: confirm prior-approved exclusion at W6-0b AI-R pass (stage6-w60b AI-R record),8,frappe,
Last Reset Password Key Generated On,translation-candidate,in-ledger (no vendor PO location match),,AI-R: confirm prior-approved exclusion at W6-0b AI-R pass (stage6-w60b AI-R record),36,frappe,
Length,translation-candidate,in-ledger (no vendor PO location match),,AI-R: confirm prior-approved exclusion at W6-0b AI-R pass (stage6-w60b AI-R record),6,frappe,
Let's set up your account,translation-candidate,in-ledger (no vendor PO location match),,AI-R: confirm prior-approved exclusion at W6-0b AI-R pass (stage6-w60b AI-R record),25,frappe,
Likes,translation-candidate,in-ledger (no vendor PO location match),,AI-R: confirm prior-approved exclusion at W6-0b AI-R pass (stage6-w60b AI-R record),5,frappe,
Limit must be a non-negative integer,translation-candidate,in-ledger (no vendor PO location match),,AI-R: confirm prior-approved exclusion at W6-0b AI-R pass (stage6-w60b AI-R record),36,frappe,
Location,translation-candidate,in-ledger (no vendor PO location match),,AI-R: confirm prior-approved exclusion at W6-0b AI-R pass (stage6-w60b AI-R record),8,frappe,
Login with email link,translation-candidate,in-ledger (no vendor PO location match),,AI-R: confirm prior-approved exclusion at W6-0b AI-R pass (stage6-w60b AI-R record),21,frappe,
Madam,translation-candidate,in-ledger (no vendor PO location match),,AI-R: confirm prior-approved exclusion at W6-0b AI-R pass (stage6-w60b AI-R record),5,frappe,
Major,translation-candidate,in-ledger (no vendor PO location match),,AI-R: confirm prior-approved exclusion at W6-0b AI-R pass (stage6-w60b AI-R record),5,frappe,
Make Attachment Public (by default),translation-candidate,in-ledger (no vendor PO location match),,AI-R: confirm prior-approved exclusion at W6-0b AI-R pass (stage6-w60b AI-R record),35,frappe,
Make Attachments Public by Default,translation-candidate,in-ledger (no vendor PO location match),,AI-R: confirm prior-approved exclusion at W6-0b AI-R pass (stage6-w60b AI-R record),34,frappe,
Male,translation-candidate,in-ledger (no vendor PO location match),,AI-R: confirm prior-approved exclusion at W6-0b AI-R pass (stage6-w60b AI-R record),4,frappe,
Mandatory Depends On (JS),translation-candidate,in-ledger (no vendor PO location match),,AI-R: confirm prior-approved exclusion at W6-0b AI-R pass (stage6-w60b AI-R record),25,frappe,
Master,translation-candidate,in-ledger (no vendor PO location match),,AI-R: confirm prior-approved exclusion at W6-0b AI-R pass (stage6-w60b AI-R record),6,frappe,
Max auto email report per user,translation-candidate,in-ledger (no vendor PO location match),,AI-R: confirm prior-approved exclusion at W6-0b AI-R pass (stage6-w60b AI-R record),30,frappe,
Max signups allowed per hour,translation-candidate,in-ledger (no vendor PO location match),,AI-R: confirm prior-approved exclusion at W6-0b AI-R pass (stage6-w60b AI-R record),28,frappe,
Meeting,translation-candidate,in-ledger (no vendor PO location match),,AI-R: confirm prior-approved exclusion at W6-0b AI-R pass (stage6-w60b AI-R record),7,frappe,
Members,translation-candidate,in-ledger (no vendor PO location match),,AI-R: confirm prior-approved exclusion at W6-0b AI-R pass (stage6-w60b AI-R record),7,frappe,
Metadata,translation-candidate,in-ledger (no vendor PO location match),,AI-R: confirm prior-approved exclusion at W6-0b AI-R pass (stage6-w60b AI-R record),8,frappe,
Middle Name (Optional),translation-candidate,in-ledger (no vendor PO location match),,AI-R: confirm prior-approved exclusion at W6-0b AI-R pass (stage6-w60b AI-R record),22,frappe,
Minor,translation-candidate,in-ledger (no vendor PO location match),,AI-R: confirm prior-approved exclusion at W6-0b AI-R pass (stage6-w60b AI-R record),5,frappe,
Misconfigured,translation-candidate,in-ledger (no vendor PO location match),,AI-R: confirm prior-approved exclusion at W6-0b AI-R pass (stage6-w60b AI-R record),13,frappe,
Miss,translation-candidate,in-ledger (no vendor PO location match),,AI-R: confirm prior-approved exclusion at W6-0b AI-R pass (stage6-w60b AI-R record),4,frappe,
Missing Filters Required,translation-candidate,in-ledger (no vendor PO location match),,AI-R: confirm prior-approved exclusion at W6-0b AI-R pass (stage6-w60b AI-R record),24,frappe,
Mobile,translation-candidate,in-ledger (no vendor PO location match),,AI-R: confirm prior-approved exclusion at W6-0b AI-R pass (stage6-w60b AI-R record),6,frappe,
Module onboarding progress reset,translation-candidate,in-ledger (no vendor PO location match),,AI-R: confirm prior-approved exclusion at W6-0b AI-R pass (stage6-w60b AI-R record),32,frappe,
Most probably your password is too long.,translation-candidate,in-ledger (no vendor PO location match),,AI-R: confirm prior-approved exclusion at W6-0b AI-R pass (stage6-w60b AI-R record),40,frappe,
Mr,translation-candidate,in-ledger (no vendor PO location match),,AI-R: confirm prior-approved exclusion at W6-0b AI-R pass (stage6-w60b AI-R record),2,frappe,
Mrs,translation-candidate,in-ledger (no vendor PO location match),,AI-R: confirm prior-approved exclusion at W6-0b AI-R pass (stage6-w60b AI-R record),3,frappe,
Ms,translation-candidate,in-ledger (no vendor PO location match),,AI-R: confirm prior-approved exclusion at W6-0b AI-R pass (stage6-w60b AI-R record),2,frappe,
Mx,translation-candidate,in-ledger (no vendor PO location match),,AI-R: confirm prior-approved exclusion at W6-0b AI-R pass (stage6-w60b AI-R record),2,frappe,
Network Printer Settings,translation-candidate,in-ledger (no vendor PO location match),,AI-R: confirm prior-approved exclusion at W6-0b AI-R pass (stage6-w60b AI-R record),24,frappe,
No Email field found in {0},translation-candidate,in-ledger (no vendor PO location match),,AI-R: confirm prior-approved exclusion at W6-0b AI-R pass (stage6-w60b AI-R record),27,frappe,
No email addresses to invite,translation-candidate,in-ledger (no vendor PO location match),,AI-R: confirm prior-approved exclusion at W6-0b AI-R pass (stage6-w60b AI-R record),28,frappe,
Nomatim,translation-candidate,in-ledger (no vendor PO location match),,AI-R: confirm prior-approved exclusion at W6-0b AI-R pass (stage6-w60b AI-R record),7,frappe,
