source_text,context,locations,disposition,proposed_translation
Please attach an image file to set HTML for Footer.,,frappe/printing/doctype/letter_head/letter_head.py:82,PROPOSED-payload,يرجى إرفاق ملف صورة لتعيين HTML للتذييل.
Please attach an image file to set HTML for Letter Head.,,frappe/printing/doctype/letter_head/letter_head.py:70,PROPOSED-payload,يرجى إرفاق ملف صورة لتعيين HTML للترويسة.
Please check your email login credentials.,,frappe/email/smtp.py:134,PROPOSED-payload,يرجى التحقق من بيانات اعتماد تسجيل الدخول إلى بريدك الإلكتروني.
Please click on the following link and follow the instructions on the page. {0},,frappe/twofactor.py:286,PROPOSED-payload,يرجى النقر فوق الرابط التالي واتباع التعليمات الموجودة في الصفحة. {0}
Please contact your system manager to install correct version.,,frappe/printing/page/print/print.js:677,PROPOSED-payload,يرجى الاتصال بمدير النظام لتثبيت الإصدار الصحيح.
Please delete the field from {0} or add the required doctype.,,frappe/desk/form/meta.py:193,PROPOSED-payload,يرجى حذف الحقل من {0} أو إضافة نوع المستند المطلوب.
Please enter both your email and message so that we can get back to you. Thanks!,,frappe/templates/includes/contact.js:15,PROPOSED-payload,يرجى إدخال بريدك الإلكتروني ورسالتك حتى نتمكن من الرد عليك. شكرًا!
Please remove the printer mapping in Printer Settings and try again.,,frappe/printing/page/print/print.js:594,PROPOSED-payload,يرجى إزالة تعيين الطابعة في إعدادات الطابعة والمحاولة مرة أخرى.
Please save the form before previewing the message,,frappe/automation/doctype/auto_repeat/auto_repeat.js:89,PROPOSED-payload,يرجى حفظ النموذج قبل معاينة الرسالة
Please select a DocType in options before setting filters,,frappe/public/js/form_builder/components/Field.vue:158,PROPOSED-payload,يرجى تحديد نوع المستند في الخيارات قبل تعيين عوامل التصفية
Please select a country code for field {1}.,,frappe/utils/__init__.py:131,PROPOSED-payload,يرجى تحديد رمز البلد للحقل {1}.
Please select the LDAP Directory being used,,frappe/integrations/doctype/ldap_settings/ldap_settings.json:None,PROPOSED-payload,يرجى تحديد دليل LDAP المستخدم
Please setup default outgoing Email Account from Settings > Email Account,,frappe/core/doctype/user/user.py:462,PROPOSED-payload,يرجى إعداد حساب البريد الإلكتروني الصادر الافتراضي من الإعدادات > حساب البريد الإلكتروني
Please setup default outgoing Email Account from Tools > Email Account,,frappe/email/doctype/email_account/email_account.py:432,PROPOSED-payload,يرجى إعداد حساب البريد الإلكتروني الصادر الافتراضي من أدوات > حساب البريد الإلكتروني
Please specify a valid parent DocType for {0},,frappe/permissions.py:809,PROPOSED-payload,يرجى تحديد نوع مستند رئيسي صالح لـ {0}
Please specify at least 10 minutes due to the trigger cadence of the scheduler,,frappe/email/doctype/notification/notification.py:165,PROPOSED-payload,يرجى تحديد 10 دقائق على الأقل بسبب وتيرة تشغيل المجدول
Please specify the field from which to attach files,,frappe/email/doctype/notification/notification.py:172,PROPOSED-payload,يرجى تحديد الحقل الذي سيتم إرفاق الملفات منه
Please specify which datetime field must be checked,,frappe/email/doctype/notification/notification.py:160,PROPOSED-payload,يرجى تحديد حقل التاريخ والوقت الذي يجب التحقق منه
Please use following links to download file backup.,,frappe/templates/emails/file_backup_notification.html:4,PROPOSED-payload,يرجى استخدام الروابط التالية لتنزيل النسخة الاحتياطية للملف.
Please visit https://frappecloud.com/docs/sites/migrate-an-existing-site#encryption-key for more information.,,frappe/utils/password.py:217,PROPOSED-payload,يرجى زيارة https://frappecloud.com/docs/sites/migrate-an-existing-site#encryption-key لمزيد من المعلومات.
"Post it here, our mentors will help you out.",,frappe/templates/discussions/reply_section.html:40,PROPOSED-payload,انشرها هنا، وسيساعدك موجهونا.
Precision ({0}) for {1} cannot be greater than its length ({2}).,,frappe/core/doctype/doctype/doctype.py:1691,PROPOSED-payload,لا يمكن أن تكون دقة ({0}) لـ {1} أكبر من طولها ({2}).
Prepend the template to the email message,,frappe/public/js/frappe/views/communication.js:425,PROPOSED-payload,إلحاق القالب في بداية رسالة البريد الإلكتروني
Primary key of doctype {0} can not be changed as there are existing values.,,frappe/database/mariadb/schema.py:156; frappe/database/postgres/schema.py:202; frappe/database/sqlite/schema.py:141,PROPOSED-payload,لا يمكن تغيير المفتاح الأساسي لنوع المستند {0} لوجود قيم حالية.
Property Setter overrides a standard DocType or Field property,,frappe/custom/doctype/property_setter/property_setter.json:None,PROPOSED-payload,يقوم معدل الخصائص بتجاوز خاصية قياسية لنوع المستند أو الحقل
Query analysis complete. Check suggested indexes.,,frappe/core/doctype/recorder/recorder.py:188,PROPOSED-payload,اكتمل تحليل الاستعلام. تحقق من الفهارس المقترحة.
Query must be of SELECT or read-only WITH type.,,frappe/utils/safe_exec.py:497,PROPOSED-payload,يجب أن يكون الاستعلام من نوع SELECT أو WITH للقراءة فقط.
Queued for Submission. You can track the progress over {0}.,,frappe/core/doctype/submission_queue/submission_queue.py:186,PROPOSED-payload,تمت الإضافة إلى قائمة انتظار الإرسال. يمكنك متابعة التقدم عبر {0}.
Rebuilding of tree is not supported for {},,frappe/utils/nestedset.py:177,PROPOSED-payload,إعادة بناء الشجرة غير مدعومة لـ {}
Records for following doctypes will be filtered,,frappe/core/doctype/user_permission/user_permission_help.html:2,PROPOSED-payload,سيتم تصفية سجلات أنواع المستندات التالية
Redirect to this URL after successful confirmation.,,frappe/email/doctype/email_group/email_group.json:None,PROPOSED-payload,إعادة التوجيه إلى عنوان URL هذا بعد التأكيد الناجح.
Render labels to the left and values to the right in this section,,frappe/public/js/print_format_builder/PrintFormatSection.vue:17,PROPOSED-payload,عرض التسميات على اليسار والقيم على اليمين في هذا القسم
Represents the states allowed in one document and role assigned to change the state.,,frappe/workflow/doctype/workflow_document_state/workflow_document_state.json:None,PROPOSED-payload,يمثل الحالات المسموح بها في مستند واحد والدور المعين لتغيير الحالة.
"Requires any valid fdn path. i.e. ou=groups,dc=example,dc=com",,frappe/integrations/doctype/ldap_settings/ldap_settings.json:None,PROPOSED-payload,"يتطلب أي مسار fdn صالح، مثل: ou=groups,dc=example,dc=com"
"Requires any valid fdn path. i.e. ou=users,dc=example,dc=com",,frappe/integrations/doctype/ldap_settings/ldap_settings.json:None,PROPOSED-payload,"يتطلب أي مسار fdn صالح، مثل: ou=users,dc=example,dc=com"
Role 'All' will be given to all system + website users.,,frappe/core/doctype/role/role.js:8,PROPOSED-payload,سيتم منح دور 'الكل' لجميع مستخدمي النظام وموقع الويب.
Role 'Desk User' will be given to all system users.,,frappe/core/doctype/role/role.js:13,PROPOSED-payload,سيتم منح دور 'مستخدم المكتب' لجميع مستخدمي النظام.
Role has been set as per the user type {0},,frappe/core/doctype/user/user.py:403,PROPOSED-payload,تم تعيين الدور وفقًا لنوع المستخدم {0}
Roles can be set for users from their User page.,,frappe/core/page/permission_manager/permission_manager_help.html:7,PROPOSED-payload,يمكن تعيين الأدوار للمستخدمين من صفحة المستخدم الخاصة بهم.
"Route: Example ""/app""",,frappe/core/doctype/role/role.json:None,PROPOSED-payload,"المسار: مثال ""/app"""
Row # {0}: Non administrator user can not set the role {1} to the custom doctype,,frappe/core/doctype/doctype/doctype.py:1866; frappe/core/doctype/doctype/doctype.py:1876,PROPOSED-payload,الصف رقم {0}: لا يمكن للمستخدم غير المسؤول تعيين الدور {1} لنوع المستند المخصص
"Rule for this doctype, role, permlevel and if-owner combination already exists.",,frappe/permissions.py:681,PROPOSED-payload,توجد قاعدة بالفعل لمجموعة نوع المستند والدور ومستوى الأذونات وحالة المالك هذه.
SMS was not sent. Please contact Administrator.,,frappe/templates/includes/login/login.js:369,PROPOSED-payload,لم يتم إرسال الرسالة النصية القصيرة. يرجى الاتصال بالمسؤول.
SQL functions are not allowed as strings in SELECT: {0}. Use dict syntax like {{'COUNT': '*'}} instead.,,frappe/database/query.py:1876,PROPOSED-payload,دوال SQL غير مسموح بها كسلاسل نصية في SELECT: {0}. استخدم بناء جملة القاموس مثل {{'COUNT': '*'}} بدلاً من ذلك.
Saving this will export this document as well as the steps linked here as json.,,frappe/desk/doctype/module_onboarding/module_onboarding.js:8,PROPOSED-payload,سيؤدي حفظ هذا إلى تصدير هذا المستند بالإضافة إلى الخطوات المرتبطة به كملف json.
Scheduler can not be re-enabled when maintenance mode is active.,,frappe/utils/scheduler.py:247,PROPOSED-payload,لا يمكن إعادة تمكين المجدول عندما يكون وضع الصيانة نشطًا.
Scheduler is inactive. Cannot import data.,,frappe/core/doctype/data_import/data_import.py:124,PROPOSED-payload,المجدول غير نشط. لا يمكن استيراد البيانات.
Select Document Types to set which User Permissions are used to limit access.,,frappe/core/page/permission_manager/permission_manager_help.html:34,PROPOSED-payload,حدد أنواع المستندات لتعيين أذونات المستخدم المستخدمة لتقييد الوصول.
Select an existing format to edit or start a new format.,,frappe/printing/page/print_format_builder/print_format_builder_start.html:2,PROPOSED-payload,حدد تنسيقًا حاليًا لتعديله أو ابدأ تنسيقًا جديدًا.
Send alert if datetime matches this field's value,,frappe/email/doctype/notification/notification.json:None,PROPOSED-payload,إرسال تنبيه إذا تطابق التاريخ والوقت مع قيمة هذا الحقل
Send email when document transitions to the state.,,frappe/workflow/doctype/workflow_document_state/workflow_document_state.json:None,PROPOSED-payload,إرسال بريد إلكتروني عند انتقال المستند إلى هذه الحالة.
Series counter for {} updated to {} successfully,,frappe/core/doctype/document_naming_settings/document_naming_settings.py:223,PROPOSED-payload,تم تحديث عداد السلسلة لـ {} إلى {} بنجاح
Server Scripts are disabled. Please enable server scripts from bench configuration.,,frappe/utils/safe_exec.py:98,PROPOSED-payload,البرامج النصية للخادم معطلة. يرجى تمكين البرامج النصية للخادم من تكوين bench.
Server Scripts feature is not available on this site.,,frappe/core/doctype/server_script/server_script.js:39,PROPOSED-payload,ميزة البرامج النصية للخادم غير متوفرة في هذا الموقع.
Server failed to process this request because of a concurrent conflicting request. Please try again.,,frappe/public/js/frappe/request.js:254,PROPOSED-payload,فشل الخادم في معالجة هذا الطلب بسبب تعارض مع طلب متزامن. يرجى المحاولة مرة أخرى.
Server was too busy to process this request. Please try again.,,frappe/public/js/frappe/request.js:246,PROPOSED-payload,الخادم مشغول للغاية ولا يمكنه معالجة هذا الطلب. يرجى المحاولة مرة أخرى.
Set Naming Series options on your transactions.,,frappe/core/doctype/document_naming_settings/document_naming_settings.json:None,PROPOSED-payload,تعيين خيارات سلسلة التسمية لمعاملاتك.
Set dynamic filter values in JavaScript for the required fields here.,,frappe/public/js/frappe/utils/dashboard_utils.js:162,PROPOSED-payload,عيّن قيم التصفية الديناميكية في JavaScript للحقول المطلوبة هنا.
"Set non-standard precision for a Float, Currency or Percent field",,frappe/core/doctype/docfield/docfield.json:None,PROPOSED-payload,تعيين دقة غير قياسية لحقل عشري أو عملة أو نسبة مئوية
Show Fieldname (click to copy on clipboard),,frappe/public/js/frappe/form/layout.js:603,PROPOSED-payload,إظهار اسم الحقل (انقر للنسخ إلى الحافظة)
Show Social Login Key as Authorization Server,,frappe/integrations/doctype/oauth_settings/oauth_settings.json:None,PROPOSED-payload,إظهار مفتاح تسجيل الدخول الاجتماعي كخادم تفويض
Show account deletion link in My Account page,,frappe/website/doctype/website_settings/website_settings.json:None,PROPOSED-payload,إظهار رابط حذف الحساب في صفحة حسابي
Size exceeds the maximum allowed file size.,,frappe/public/js/frappe/file_uploader/FileUploader.vue:629,PROPOSED-payload,الحجم يتجاوز الحد الأقصى المسموح به لحجم الملف.
Skipping fixture syncing for doctype {0} from file {1},,frappe/modules/utils.py:179,PROPOSED-payload,تخطي مزامنة التركيبات لنوع المستند {0} من الملف {1}
Some columns might get cut off when printing to PDF. Try to keep number of columns under 10.,,frappe/printing/page/print_format_builder/print_format_builder_column_selector.html:4,PROPOSED-payload,قد يتم اقتطاع بعض الأعمدة عند الطباعة إلى PDF. حاول الحفاظ على عدد الأعمدة أقل من 10.
"Some mailboxes require a different Sent Folder Name e.g. ""INBOX.Sent""",,frappe/email/doctype/email_domain/email_domain.json:None,PROPOSED-payload,"تتطلب بعض صناديق البريد اسمًا مختلفًا لمجلد العناصر المرسلة مثل ""INBOX.Sent"""
"Specify a custom timeout, default timeout is 1500 seconds",,frappe/core/doctype/report/report.json:None,PROPOSED-payload,تحديد مهلة مخصصة، المهلة الافتراضية هي 1500 ثانية
"Standard Web Forms can not be modified, duplicate the Web Form instead.",,frappe/website/doctype/web_form/web_form.js:40,PROPOSED-payload,لا يمكن تعديل نماذج الويب القياسية، قم بتكرار نموذج الويب بدلاً من ذلك.
Standard user type {0} can not be deleted.,,frappe/core/doctype/user_type/user_type.py:61,PROPOSED-payload,لا يمكن حذف نوع المستخدم القياسي {0}.
Status Updated. The email will be picked up in the next scheduled run.,,frappe/email/doctype/email_queue/email_queue.js:37,PROPOSED-payload,تم تحديث الحالة. سيتم التقاط البريد الإلكتروني في التشغيل المجدول التالي.
Store the API secret securely. It won't be displayed again.,,frappe/core/doctype/user/user.js:504,PROPOSED-payload,احفظ سر واجهة برمجة التطبيقات بأمان. لن يتم عرضه مرة أخرى.
Stores the datetime when the last reset password key was generated.,,frappe/core/doctype/user/user.json:None,PROPOSED-payload,يخزن التاريخ والوقت عند إنشاء آخر مفتاح لإعادة تعيين كلمة المرور.
Successfully imported {0} out of {1} records.,,frappe/core/doctype/data_import/data_import.js:150,PROPOSED-payload,تم استيراد {0} من أصل {1} سجلاً بنجاح.
Successfully reset onboarding status for all users.,,frappe/desk/doctype/form_tour/form_tour.py:87,PROPOSED-payload,تمت إعادة تعيين حالة التهيئة لجميع المستخدمين بنجاح.
Successfully updated {0} out of {1} records.,,frappe/core/doctype/data_import/data_import.js:155,PROPOSED-payload,تم تحديث {0} من أصل {1} سجلاً بنجاح.
"Sync token was invalid and has been reset, Retry syncing.",,frappe/integrations/doctype/google_calendar/google_calendar.py:312,PROPOSED-payload,رمز المزامنة غير صالح وتمت إعادة تعيينه، أعد محاولة المزامنة.
System Generated Fields can not be renamed,,frappe/custom/doctype/custom_field/custom_field.py:409,PROPOSED-payload,لا يمكن إعادة تسمية الحقول التي تم إنشاؤها بواسطة النظام
Thank you for spending your valuable time to fill this form,,frappe/website/doctype/web_form/templates/web_form.html:147,PROPOSED-payload,شكرًا لك على قضاء وقتك الثمين لملء هذا النموذج
The Next Scheduled Date cannot be later than the End Date.,,frappe/automation/doctype/auto_repeat/auto_repeat.py:112,PROPOSED-payload,لا يمكن أن يكون التاريخ المجدول التالي بعد تاريخ الانتهاء.
The Push Relay Server URL key (`push_relay_server_url`) is missing in your site config,,frappe/integrations/doctype/push_notification_settings/push_notification_settings.py:29,PROPOSED-payload,مفتاح عنوان URL لخادم ترحيل الإشعارات (`push_relay_server_url`) مفقود في تكوين موقعك
The User record for this request has been auto-deleted due to inactivity by system admins.,,frappe/website/doctype/personal_data_deletion_request/personal_data_deletion_request.py:367,PROPOSED-payload,تم حذف سجل المستخدم لهذا الطلب تلقائيًا بسبب عدم النشاط بواسطة مسؤولي النظام.
The application name will be used in the Login page.,,frappe/core/doctype/system_settings/system_settings.json:None,PROPOSED-payload,سيتم استخدام اسم التطبيق في صفحة تسجيل الدخول.
The contents of this email are strictly confidential. Please do not forward this email to anyone.,,frappe/templates/emails/workflow_action.html:9,PROPOSED-payload,محتويات هذا البريد الإلكتروني سرية للغاية. يرجى عدم إعادة توجيه هذا البريد الإلكتروني لأي شخص.
The count shown is an estimated count. Click here to see the accurate count.,,frappe/public/js/frappe/list/list_view.js:688,PROPOSED-payload,العدد الموضح هو عدد تقديري. انقر هنا لرؤية العدد الدقيق.
"The document type selected is a child table, so the parent document type is required.",,frappe/desk/doctype/dashboard_chart/dashboard_chart.json:None; frappe/desk/doctype/number_card/number_card.json:None,PROPOSED-payload,نوع المستند المحدد هو جدول فرعي، لذا يلزم تحديد نوع المستند الرئيسي.
The field {0} in {1} does not allow ignoring user permissions,,frappe/desk/search.py:284,PROPOSED-payload,الحقل {0} في {1} لا يسمح بتجاهل أذونات المستخدم
The field {0} in {1} links to {2} and not {3},,frappe/desk/search.py:294,PROPOSED-payload,الحقل {0} في {1} يرتبط بـ {2} وليس {3}
The fieldname you've specified in Attached To Field is invalid,,frappe/core/doctype/file/file.py:158,PROPOSED-payload,"اسم الحقل الذي حددته في حقل ""مرفق بـ"" غير صالح"
The following Assignment Days have been repeated: {0},,frappe/automation/doctype/assignment_rule/assignment_rule.py:62,PROPOSED-payload,تم تكرار أيام التعيين التالية: {0}
The following Header Script will add the current date to an element in 'Header HTML' with class 'header-content',,frappe/printing/doctype/letter_head/letter_head.js:30,PROPOSED-payload,سيقوم البرنامج النصي للترويسة التالي بإضافة التاريخ الحالي إلى عنصر في 'Header HTML' بفئة 'header-content'
The following values are invalid: {0}. Values must be one of {1},,frappe/core/doctype/data_import/importer.py:1088,PROPOSED-payload,القيم التالية غير صالحة: {0}. يجب أن تكون القيم واحدة من {1}
The following values do not exist for {0}: {1},,frappe/core/doctype/data_import/importer.py:1045,PROPOSED-payload,القيم التالية غير موجودة لـ {0}: {1}
The limit has not set for the user type {0} in the site config file.,,frappe/core/doctype/user_type/user_type.py:89,PROPOSED-payload,لم يتم تعيين الحد لنوع المستخدم {0} في ملف تكوين الموقع.
The link you trying to login is invalid or expired.,,frappe/www/login.py:194,PROPOSED-payload,الرابط الذي تحاول تسجيل الدخول منه غير صالح أو منتهي الصلاحية.
The next tour will start from where the user left off.,,frappe/desk/doctype/form_tour/form_tour.json:None,PROPOSED-payload,ستبدأ الجولة التالية من حيث توقف المستخدم.
The number of seconds until the request expires,,frappe/integrations/doctype/webhook/webhook.json:None,PROPOSED-payload,عدد الثواني حتى انتهاء صلاحية الطلب
The reset password link has either been used before or is invalid,,frappe/core/doctype/user/user.py:1049,PROPOSED-payload,رابط إعادة تعيين كلمة المرور إما تم استخدامه من قبل أو أنه غير صالح
The system is being updated. Please refresh again after a few moments.,,frappe/utils/response.py:338,PROPOSED-payload,يتم تحديث النظام. يرجى التحديث مرة أخرى بعد لحظات.
The system provides many pre-defined roles. You can add new roles to set finer permissions.,,frappe/core/page/permission_manager/permission_manager_help.html:9,PROPOSED-payload,يوفر النظام العديد من الأدوار المحددة مسبقًا. يمكنك إضافة أدوار جديدة لتعيين أذونات أكثر دقة.
The total number of user document types limit has been crossed.,,frappe/core/doctype/user_type/user_type.py:97,PROPOSED-payload,تم تجاوز الحد الإجمالي لعدد أنواع مستندات المستخدم.
The value you pasted was {0} characters long. Max allowed characters is {1}.,,frappe/public/js/frappe/form/controls/data.js:25,PROPOSED-payload,القيمة التي قمت بلصقها كانت بطول {0} حرفًا. الحد الأقصى للأحرف المسموح بها هو {1}.
"There are no {0} for this {1}, why don't you start one!",,frappe/website/web_template/discussions/discussions.html:3,PROPOSED-payload,لا توجد {0} لـ {1} هذا، لمَ لا تبدأ واحدة!
There are {0} with the same filters already in the queue:,,frappe/public/js/frappe/views/reports/query_report.js:976,PROPOSED-payload,توجد {0} بنفس عوامل التصفية بالفعل في قائمة الانتظار:
There can be only 9 Page Break fields in a Web Form,,frappe/website/doctype/web_form/web_form.js:81; frappe/website/doctype/web_form/web_form.js:334,PROPOSED-payload,يمكن أن يوجد 9 حقول فاصل صفحات فقط في نموذج الويب
"There is no task called ""{}""",,frappe/model/workflow.py:170,PROPOSED-payload,"لا توجد مهمة تسمى ""{}"""
There is nothing new to show you right now.,,frappe/public/js/frappe/ui/notifications/notifications.js:523,PROPOSED-payload,لا يوجد شيء جديد لعرضه لك الآن.
There is {0} with the same filters already in the queue:,,frappe/public/js/frappe/views/reports/query_report.js:973,PROPOSED-payload,يوجد {0} بنفس عوامل التصفية بالفعل في قائمة الانتظار:
There were errors while sending email. Please try again.,,frappe/public/js/frappe/views/communication.js:834,PROPOSED-payload,حدثت أخطاء أثناء إرسال البريد الإلكتروني. يرجى المحاولة مرة أخرى.
These announcements will appear inside a dismissible alert below the Navbar.,,frappe/core/doctype/navbar_settings/navbar_settings.json:None,PROPOSED-payload,ستظهر هذه الإعلانات داخل تنبيه قابل للإغلاق أسفل شريط التنقل.
These settings are required if 'Custom' LDAP Directory is used,,frappe/integrations/doctype/ldap_settings/ldap_settings.json:None,PROPOSED-payload,هذه الإعدادات مطلوبة في حالة استخدام دليل LDAP 'مخصص'
This PDF cannot be uploaded as it contains unsafe content.,,frappe/core/doctype/file/file.py:406,PROPOSED-payload,لا يمكن تحميل ملف PDF هذا لأنه يحتوي على محتوى غير آمن.
This action is irreversible. Do you wish to continue?,,frappe/custom/doctype/customize_form/customize_form.js:220,PROPOSED-payload,هذا الإجراء لا يمكن التراجع عنه. هل ترغب في الاستمرار؟
This doctype has no orphan fields to trim,,frappe/custom/doctype/customize_form/customize_form.js:212,PROPOSED-payload,لا يحتوي نوع المستند هذا على حقول مهملة لقصها
"This doctype has pending migrations, run 'bench migrate' before modifying the doctype to avoid losing changes.",,frappe/core/doctype/doctype/doctype.py:1069,PROPOSED-payload,يحتوي نوع المستند هذا على ترحيلات معلقة، قم بتشغيل 'bench migrate' قبل تعديل نوع المستند لتجنب فقدان التغييرات.
This document can not be deleted right now as it's being modified by another user. Please try again after some time.,,frappe/model/delete_doc.py:155,PROPOSED-payload,لا يمكن حذف هذا المستند الآن لأنه قيد التعديل بواسطة مستخدم آخر. يرجى المحاولة مرة أخرى بعد فترة.
This document has already been queued for submission. You can track the progress over {0}.,,frappe/core/doctype/submission_queue/submission_queue.py:171,PROPOSED-payload,تمت إضافة هذا المستند بالفعل إلى قائمة انتظار الإرسال. يمكنك متابعة التقدم عبر {0}.
This document is currently locked and queued for execution. Please try again after some time.,,frappe/model/document.py:509,PROPOSED-payload,هذا المستند مقفل حاليًا ومدرج في قائمة انتظار التنفيذ. يرجى المحاولة بعد بعض الوقت.
This feature is brand new and still experimental,,frappe/public/js/frappe/form/templates/form_sidebar.html:41,PROPOSED-payload,هذه الميزة جديدة تمامًا ولا تزال تجريبية
This file is attached to a protected document and cannot be deleted.,,frappe/core/doctype/file/file.py:532,PROPOSED-payload,هذا الملف مرفق بمستند محمي ولا يمكن حذفه.
"This file is public and can be accessed by anyone, even without logging in. Mark it private to limit access.",,frappe/public/js/frappe/file_uploader/FilePreview.vue:83,PROPOSED-payload,هذا الملف عام ويمكن لأي شخص الوصول إليه حتى بدون تسجيل الدخول. قم بتعيينه كخاص لتقييد الوصول.
This file is public. It can be accessed without authentication.,,frappe/core/doctype/file/file.js:20,PROPOSED-payload,هذا الملف عام. يمكن الوصول إليه بدون مصادقة.
This form is not editable due to a Workflow.,,frappe/public/js/frappe/form/form.js:2275,PROPOSED-payload,هذا النموذج غير قابل للتعديل بسبب مسار العمل.
This geolocation provider is not supported yet.,,frappe/integrations/doctype/geolocation_settings/geolocation_settings.py:52,PROPOSED-payload,مزود الموقع الجغرافي هذا غير مدعوم بعد.
This is a virtual doctype and data is cleared periodically.,,frappe/core/doctype/rq_job/rq_job.js:9,PROPOSED-payload,هذا نوع مستند افتراضي ويتم مسح البيانات بشكل دوري.
"This report contains {0} rows and is too big to display in browser, you can {1} this report instead.",,frappe/public/js/frappe/views/reports/query_report.js:1052,PROPOSED-payload,يحتوي هذا التقرير على {0} صفاً وهو كبير جدًا بحيث لا يمكن عرضه في المتصفح، يمكنك {1} هذا التقرير بدلاً من ذلك.
"This site is in read only mode, full functionality will be restored soon.",,frappe/templates/includes/navbar/navbar_items.html:95,PROPOSED-payload,هذا الموقع في وضع القراءة فقط، وستتم استعادة الوظائف الكاملة قريبًا.
This site is running in developer mode. Any change made here will be updated in code.,,frappe/core/doctype/doctype/doctype.js:73,PROPOSED-payload,يعمل هذا الموقع في وضع المطور. أي تغيير يتم إجراؤه هنا سيتم تحديثه في الكود البرمجي.
This software is built on top of many open source packages.,,frappe/www/attribution.html:11,PROPOSED-payload,تم بناء هذا البرنامج على العديد من الحزم مفتوحة المصدر.
This value is fetched from {0}'s {1} field,,frappe/public/js/frappe/form/controls/base_input.js:129,PROPOSED-payload,يتم جلب هذه القيمة من حقل {1} الخاص بـ {0}
This value specifies the max number of rows that can be rendered in report view.,,frappe/core/doctype/system_settings/system_settings.json:None,PROPOSED-payload,تحدد هذه القيمة الحد الأقصى لعدد الصفوف التي يمكن عرضها في عرض التقرير.
This will reset this tour and show it to all users. Are you sure?,,frappe/desk/doctype/form_tour/form_tour.js:103,PROPOSED-payload,سيؤدي هذا إلى إعادة تعيين هذه الجولة وعرضها لجميع المستخدمين. هل أنت متأكد؟
"This will terminate the job immediately and might be dangerous, are you sure?",,frappe/core/doctype/data_import/data_import.js:182; frappe/core/doctype/prepared_report/prepared_report.js:68; frappe/core/doctype/rq_job/rq_job.js:15,PROPOSED-payload,سيؤدي هذا إلى إنهاء الوظيفة فورًا وقد يكون خطيرًا، هل أنت متأكد؟
To allow more reports update limit in System Settings.,,frappe/email/doctype/auto_email_report/auto_email_report.py:109,PROPOSED-payload,للسماح بمزيد من التقارير، قم بتحديث الحد في إعدادات النظام.
"To export this step as JSON, link it in a Onboarding document and save the document.",,frappe/desk/doctype/onboarding_step/onboarding_step.js:18,PROPOSED-payload,لتصدير هذه الخطوة كـ JSON، اربطها في مستند تهيئة واحفظ المستند.
"To set the role {0} in the user {1}, kindly set the {2} field as {3} in one of the {4} record.",,frappe/core/doctype/user_type/user_type.py:291,PROPOSED-payload,لتعيين الدور {0} للمستخدم {1}، يرجى تعيين الحقل {2} كـ {3} في أحد سجلات {4}.
Too many changes to database in single action.,,frappe/database/database.py:474,PROPOSED-payload,تغييرات كثيرة جدًا على قاعدة البيانات في إجراء واحد.
Too many queued background jobs ({0}). Please retry after some time.,,frappe/utils/background_jobs.py:737,PROPOSED-payload,وظائف خلفية كثيرة جدًا في قائمة الانتظار ({0}). يرجى إعادة المحاولة بعد بعض الوقت.
Total number of emails to sync in initial sync process,,frappe/email/doctype/email_account/email_account.json:None,PROPOSED-payload,إجمالي عدد رسائل البريد الإلكتروني المطلوب مزامنتها في عملية المزامنة الأولية
Tracking URL generated and copied to clipboard,,frappe/public/js/frappe/utils/utils.js:1936,PROPOSED-payload,تم إنشاء رابط التتبع ونسخه إلى الحافظة
URL of a human-readable page with info that developers might need.,,frappe/integrations/doctype/oauth_settings/oauth_settings.json:None,PROPOSED-payload,عنوان URL لصفحة مقروءة تتضمن معلومات قد يحتاجها المطورون.
URL of a web page providing information about the client.,,frappe/integrations/doctype/oauth_client/oauth_client.json:None,PROPOSED-payload,عنوان URL لصفحة ويب تقدم معلومات حول العميل.
URL of human-readable page with info about the protected resource's terms of service.,,frappe/integrations/doctype/oauth_settings/oauth_settings.json:None,PROPOSED-payload,عنوان URL لصفحة مقروءة تتضمن معلومات حول شروط خدمة المورد المحمي.
URL of human-readable page with info on requirements about how the client can use the data.,,frappe/integrations/doctype/oauth_settings/oauth_settings.json:None,PROPOSED-payload,عنوان URL لصفحة مقروءة تتضمن معلومات حول متطلبات كيفية استخدام العميل للبيانات.
URL that points to a human-readable policy document for the client. Should be shown to end-user before authorizing.,,frappe/integrations/doctype/oauth_client/oauth_client.json:None,PROPOSED-payload,عنوان URL يشير إلى وثيقة سياسة مقروءة للعميل. ينبغي عرضها على المستخدم النهائي قبل التفويض.
URL that references a logo for the client.,,frappe/integrations/doctype/oauth_client/oauth_client.json:None,PROPOSED-payload,عنوان URL يشير إلى شعار العميل.
Unable to send mail because of a missing email account. Please setup default Email Account from Settings > Email Account,,frappe/core/doctype/communication/email.py:180,PROPOSED-payload,تعذر إرسال البريد بسبب عدم وجود حساب بريد إلكتروني. يرجى إعداد حساب بريد إلكتروني افتراضي من الإعدادات > حساب البريد الإلكتروني
Updating Email Queue Statuses. The emails will be picked up in the next scheduled run.,,frappe/email/doctype/email_queue/email_queue_list.js:49,PROPOSED-payload,جارٍ تحديث حالات قائمة انتظار البريد الإلكتروني. سيتم التقاط رسائل البريد الإلكتروني في التشغيل المجدول التالي.
Updating counter may lead to document name conflicts if not done properly,,frappe/core/doctype/document_naming_rule/document_naming_rule.js:17,PROPOSED-payload,قد يؤدي تحديث العداد إلى تعارض في أسماء المستندات إذا لم يتم بشكل صحيح
Use if the default settings don't seem to detect your data correctly,,frappe/core/doctype/data_import/data_import.json:None,PROPOSED-payload,استخدم هذا إذا كانت الإعدادات الافتراضية لا تكتشف بياناتك بشكل صحيح
"Use this, for example, if all sent emails should also be send to an archive.",,frappe/email/doctype/email_account/email_account.json:None,PROPOSED-payload,استخدم هذا، على سبيل المثال، إذا كان يجب أيضًا إرسال جميع رسائل البريد الإلكتروني المرسلة إلى الأرشيف.
User Id Field is mandatory in the user type {0},,frappe/core/doctype/user_type/user_type.py:283,PROPOSED-payload,حقل معرف المستخدم إلزامي في نوع المستخدم {0}
User Permissions are used to limit users to specific records.,,frappe/core/page/permission_manager/permission_manager_help.html:32,PROPOSED-payload,تُستخدم أذونات المستخدم لتقييد المستخدمين بسجلات محددة.
User does not have permission to create the new {0},,frappe/core/doctype/user_type/user_type.py:83,PROPOSED-payload,لا يملك المستخدم الإذن لإنشاء {0} الجديد
User with email address {0} does not exist,,frappe/www/login.py:171,PROPOSED-payload,المستخدم ذو عنوان البريد الإلكتروني {0} غير موجود
User with email: {0} does not exist in the system. Please ask 'System Administrator' to create the user for you.,,frappe/integrations/doctype/ldap_settings/ldap_settings.py:225,PROPOSED-payload,المستخدم ذو البريد الإلكتروني: {0} غير موجود في النظام. يرجى مطالبة 'مسؤول النظام' بإنشاء المستخدم لك.
User {0} does not have the permission to create a Workspace.,,frappe/desk/doctype/workspace/workspace.py:306,PROPOSED-payload,لا يملك المستخدم {0} الإذن لإنشاء مساحة عمل.
User {0} is disabled. Please contact your System Manager.,,frappe/sessions.py:243,PROPOSED-payload,المستخدم {0} معطل. يرجى الاتصال بمدير النظام.
User {0} is not permitted to access this document.,,frappe/desk/form/assign_to.py:104,PROPOSED-payload,لا يُسمح للمستخدم {0} بالوصول إلى هذا المستند.
Uses system's theme to switch between light and dark mode,,frappe/public/js/frappe/ui/theme_switcher.js:70,PROPOSED-payload,يستخدم سمة النظام للتبديل بين الوضع الفاتح والداكن
Verification code email not sent. Please contact Administrator.,,frappe/templates/includes/login/login.js:383,PROPOSED-payload,لم يتم إرسال رسالة رمز التحقق عبر البريد الإلكتروني. يرجى الاتصال بالمسؤول.
Virtual DocType {} requires a static method called {} found {},,frappe/model/virtual_doctype.py:76,PROPOSED-payload,نوع المستند الافتراضي {} يتطلب دالة ثابتة تسمى {} تم العثور على {}
Virtual DocType {} requires overriding an instance method called {} found {},,frappe/model/virtual_doctype.py:89,PROPOSED-payload,نوع المستند الافتراضي {} يتطلب تجاوز دالة مثيل تسمى {} تم العثور على {}
Warning: DATA LOSS IMMINENT! Proceeding will permanently delete following database columns from doctype {0}:,,frappe/custom/doctype/customize_form/customize_form.js:217,PROPOSED-payload,تحذير: فقدان البيانات وشيك! المتابعة ستؤدي إلى حذف أعمدة قاعدة البيانات التالية نهائيًا من نوع المستند {0}:
Warning: Updating counter may lead to document name conflicts if not done properly,,frappe/core/doctype/document_naming_rule/document_naming_rule.json:None,PROPOSED-payload,تحذير: قد يؤدي تحديث العداد إلى تعارض في أسماء المستندات إذا لم يتم بشكل صحيح
Warning: Usage of 'format:' is discouraged.,,frappe/core/doctype/doctype/doctype.py:458,PROPOSED-payload,تحذير: لا ينصح باستخدام 'format:'.
We would like to thank the authors of these packages for their contribution.,,frappe/www/attribution.html:12,PROPOSED-payload,نود أن نشكر مؤلفي هذه الحزم على مساهمتهم.
"Will add ""%"" before and after the query",,frappe/core/doctype/report_filter/report_filter.json:None,PROPOSED-payload,"سيضيف ""%"" قبل الاستعلام وبعده"
Will run scheduled jobs only once a day for inactive sites. Set it to 0 to avoid automatically disabling the scheduler.,,frappe/core/doctype/system_settings/system_settings.json:None,PROPOSED-payload,سيتم تشغيل الوظائف المجدولة مرة واحدة فقط يوميًا للمواقع غير النشطة. عيّنها إلى 0 لتجنب تعطيل المجدول تلقائيًا.
Workflow state represents the current state of a document.,,frappe/workflow/doctype/workflow_state/workflow_state.json:None,PROPOSED-payload,تمثل حالة مسار العمل الحالة الحالية للمستند.
Would you like to publish this comment? This means it will become visible to website/portal users.,,frappe/public/js/frappe/form/footer/form_timeline.js:757,PROPOSED-payload,هل ترغب في نشر هذا التعليق؟ هذا يعني أنه سيصبح مرئيًا لمستخدمي موقع الويب / البوابة.
Would you like to unpublish this comment? This means it will no longer be visible to website/portal users.,,frappe/public/js/frappe/form/footer/form_timeline.js:761,PROPOSED-payload,هل ترغب في إلغاء نشر هذا التعليق؟ هذا يعني أنه لن يعود مرئيًا لمستخدمي موقع الويب / البوابة.
"You are about to open an external link. To confirm, click the link again.",,frappe/public/js/frappe/router.js:642,PROPOSED-payload,أنت على وشك فتح رابط خارجي. للتأكيد، انقر على الرابط مرة أخرى.
You are not allowed to access this resource,,frappe/integrations/frappe_providers/frappecloud_billing.py:28,PROPOSED-payload,غير مسموح لك بالوصول إلى هذا المورد
"You are not allowed to access this {0} record because it is linked to {1} '{2}' in row {3}, field {4}",,frappe/permissions.py:426,PROPOSED-payload,لا يُسمح لك بالوصول إلى سجل {0} هذا لأنه مرتبط بـ {1} '{2}' في الصف {3}، الحقل {4}
You are not permitted to access this page without login.,,frappe/public/js/frappe/web_form/webform_script.js:22,PROPOSED-payload,لا يُسمح لك بالوصول إلى هذه الصفحة دون تسجيل الدخول.
You are not permitted to access this resource. Login to access,,frappe/__init__.py:464,PROPOSED-payload,لا يُسمح لك بالوصول إلى هذا المورد. سجّل الدخول للوصول
"You are only allowed to update order, do not remove or add apps.",,frappe/core/doctype/installed_applications/installed_applications.py:125,PROPOSED-payload,يُسمح لك فقط بتحديث الترتيب، لا تحذف أو تضف تطبيقات.
You can also access wkhtmltopdf variables (valid only in PDF print):,,frappe/printing/doctype/letter_head/letter_head.js:32,PROPOSED-payload,يمكنك أيضًا الوصول إلى متغيرات wkhtmltopdf (صالحة فقط في طباعة PDF):
You can also copy-paste following link in your browser,,frappe/templates/emails/new_user.html:22,PROPOSED-payload,يمكنك أيضًا نسخ الرابط التالي ولصقه في متصفحك
You can ask your team to resend the invitation if you'd still like to join.,,frappe/templates/emails/user_invitation_expired.html:8,PROPOSED-payload,يمكنك أن تطلب من فريقك إعادة إرسال الدعوة إذا كنت لا تزال ترغب في الانضمام.
"You can change Submitted documents by cancelling them and then, amending them.",,frappe/core/page/permission_manager/permission_manager_help.html:17,PROPOSED-payload,يمكنك تغيير المستندات المرسلة عن طريق إلغائها ثم تعديلها.
You can change the retention policy from {0}.,,frappe/public/js/frappe/logtypes.js:21,PROPOSED-payload,يمكنك تغيير سياسة الاحتفاظ من {0}.
You can continue with the onboarding after exploring this page,,frappe/public/js/frappe/widgets/onboarding_widget.js:194,PROPOSED-payload,يمكنك متابعة التهيئة بعد استكشاف هذه الصفحة
You can disable this {0} instead of deleting it.,,frappe/model/delete_doc.py:179,PROPOSED-payload,يمكنك تعطيل {0} هذا بدلاً من حذفه.
You can increase the limit from System Settings.,,frappe/core/doctype/file/file.py:768,PROPOSED-payload,يمكنك زيادة الحد من إعدادات النظام.
You can manually remove the lock if you think it's safe: {},,frappe/utils/synchronization.py:48,PROPOSED-payload,يمكنك إزالة القفل يدويًا إذا كنت تعتقد أنه آمن: {}
You can only insert images in Markdown fields,,frappe/public/js/frappe/form/controls/markdown_editor.js:75,PROPOSED-payload,يمكنك فقط إدراج الصور في حقول Markdown
You can only print upto {0} documents at a time,,frappe/public/js/frappe/list/bulk_operations.js:42,PROPOSED-payload,يمكنك فقط طباعة ما يصل إلى {0} من المستندات في المرة الواحدة
You can only set the 3 custom doctypes in the Document Types table.,,frappe/core/doctype/user_type/user_type.py:104,PROPOSED-payload,يمكنك فقط تعيين أنواع المستندات المخصصة الثلاثة في جدول أنواع المستندات.
"You can only upload JPG, PNG, GIF, PDF, TXT, CSV or Microsoft documents.",,frappe/handler.py:184,PROPOSED-payload,يمكنك فقط تحميل ملفات JPG أو PNG أو GIF أو PDF أو TXT أو CSV أو مستندات Microsoft.
You can set a high value here if multiple users will be logging in from the same network.,,frappe/core/doctype/system_settings/system_settings.json:None,PROPOSED-payload,يمكنك تعيين قيمة عالية هنا إذا كان عدة مستخدمين سيسجلون الدخول من نفس الشبكة.
You can use Customize Form to set levels on fields.,,frappe/core/page/permission_manager/permission_manager_help.html:27,PROPOSED-payload,يمكنك استخدام تخصيص النموذج لتعيين مستويات على الحقول.
You do not have Read or Select Permissions for {},,frappe/client.py:420,PROPOSED-payload,ليس لديك أذونات القراءة أو التحديد لـ {}
You do not have import permission for {0},,frappe/core/doctype/data_import/data_import.py:83,PROPOSED-payload,ليس لديك إذن استيراد لـ {0}
You do not have permission to access field: {0},,frappe/database/query.py:910,PROPOSED-payload,ليس لديك إذن للوصول إلى الحقل: {0}
You do not have permission to access {0}: {1}.,,frappe/desk/query_report.py:969,PROPOSED-payload,ليس لديك إذن للوصول إلى {0}: {1}.
You don't have permission to access the {0} DocType.,,frappe/website/doctype/web_form/web_form.py:840,PROPOSED-payload,ليس لديك إذن للوصول إلى نوع المستند {0}.
You have hit the row size limit on database table: {0},,frappe/custom/doctype/customize_form/customize_form.py:247,PROPOSED-payload,لقد وصلت إلى الحد الأقصى لحجم الصف في جدول قاعدة البيانات: {0}
You have not entered a value. The field will be set to empty.,,frappe/public/js/frappe/list/bulk_operations.js:412,PROPOSED-payload,لم تقم بإدخال قيمة. سيتم تعيين الحقل كفارغ.
You have to enable Two Factor Auth from System Settings.,,frappe/twofactor.py:446,PROPOSED-payload,يجب عليك تمكين المصادقة الثنائية من إعدادات النظام.
You hit the rate limit because of too many requests. Please try after sometime.,,frappe/rate_limiter.py:166,PROPOSED-payload,لقد تجاوزت حد المعدل بسبب كثرة الطلبات. يرجى المحاولة بعد بعض الوقت.
You need the '{0}' permission on {1} {2} to perform this action.,,frappe/model/document.py:391,PROPOSED-payload,تحتاج إلى إذن '{0}' على {1} {2} لتنفيذ هذا الإجراء.
You need to be Workspace Manager to delete a public workspace.,,frappe/desk/doctype/workspace/workspace.py:129; frappe/desk/doctype/workspace_sidebar/workspace_sidebar.py:75,PROPOSED-payload,يجب أن تكون مدير مساحة العمل لحذف مساحة عمل عامة.
You need to be Workspace Manager to edit this document,,frappe/desk/doctype/workspace/workspace.py:78,PROPOSED-payload,يجب أن تكون مدير مساحة العمل لتعديل هذا المستند
You need to be a system user to access this page.,,frappe/www/attribution.py:16,PROPOSED-payload,يجب أن تكون مستخدم نظام للوصول إلى هذه الصفحة.
You need to select indexes you want to add first.,,frappe/core/doctype/recorder/recorder.js:38,PROPOSED-payload,تحتاج إلى تحديد الفهارس التي تريد إضافتها أولاً.
You need write permission on {0} {1} to merge,,frappe/model/rename_doc.py:391,PROPOSED-payload,تحتاج إلى إذن كتابة على {0} {1} للدمج
You need write permission on {0} {1} to rename,,frappe/model/rename_doc.py:386,PROPOSED-payload,تحتاج إلى إذن كتابة على {0} {1} لإعادة التسمية
You need {0} permission to fetch values from {1} {2},,frappe/client.py:452,PROPOSED-payload,تحتاج إلى إذن {0} لجلب القيم من {1} {2}
You seem to have written your name instead of your email. Please enter a valid email address so that we can get back.,,frappe/templates/includes/contact.js:20,PROPOSED-payload,يبدو أنك كتبت اسمك بدلاً من بريدك الإلكتروني. يرجى إدخال عنوان بريد إلكتروني صالح حتى نتمكن من الرد.
Your browser does not support the audio element.,,frappe/core/doctype/file/file.js:78,PROPOSED-payload,متصفحك لا يدعم عنصر الصوت.
Your browser does not support the video element.,,frappe/core/doctype/file/file.js:60,PROPOSED-payload,متصفحك لا يدعم عنصر الفيديو.
Your invitation to join {0} has been cancelled by the site administrator.,,frappe/templates/emails/user_invitation_cancelled.html:5,PROPOSED-payload,تم إلغاء دعوتك للانضمام إلى {0} بواسطة مسؤول الموقع.
Your new password has been set successfully.,,frappe/www/update-password.html:192,PROPOSED-payload,تم تعيين كلمة المرور الجديدة بنجاح.
Your site is undergoing maintenance or being updated.,,frappe/public/js/frappe/ui/toolbar/navbar.html:17,PROPOSED-payload,موقعك يخضع للصيانة أو التحديث.
`as_iterator` only works with `as_list=True` or `as_dict=True`,,frappe/database/database.py:361,PROPOSED-payload,يعمل `as_iterator` فقط مع `as_list=True` أو `as_dict=True`
`job_id` paramater is required for deduplication.,,frappe/utils/background_jobs.py:121,PROPOSED-payload,معلمة `job_id` مطلوبة لإلغاء التكرار.
gzip not found in PATH! This is required to take a backup.,,frappe/utils/backups.py:399,PROPOSED-payload,لم يتم العثور على gzip في PATH! هذا مطلوب لأخذ نسخة احتياطية.
"string value, i.e. {0} or uid={0},ou=users,dc=example,dc=com",,frappe/integrations/doctype/ldap_settings/ldap_settings.json:None,PROPOSED-payload,"قيمة نصية، أي {0} أو uid={0},ou=users,dc=example,dc=com"
wants to access the following details from your account,,frappe/templates/includes/oauth_confirmation.html:5,PROPOSED-payload,يريد الوصول إلى التفاصيل التالية من حسابك
when clicked on element it will focus popover if present.,,frappe/desk/doctype/form_tour_step/form_tour_step.json:None,PROPOSED-payload,عند النقر فوق العنصر، سيتم التركيز على النافذة المنبثقة إذا كانت موجودة.
"{0} ${skip_list ? """" : type}",,frappe/public/js/frappe/ui/toolbar/search_utils.js:217,EXCEPTION-technical,
{0} Not allowed to change {1} after submission from {2} to {3},,frappe/model/base_document.py:1259,PROPOSED-payload,{0} غير مسموح بتغيير {1} بعد الإرسال من {2} إلى {3}
{0} cannot be amended because it is not cancelled. Please cancel the document before creating an amendment.,,frappe/model/document.py:583,PROPOSED-payload,لا يمكن تعديل {0} لأنه لم يتم إلغاؤه. يرجى إلغاء المستند قبل إنشاء تعديل.
{0} cannot be hidden and mandatory without any default value,,frappe/public/js/form_builder/store.js:190,PROPOSED-payload,لا يمكن أن يكون {0} مخفيًا وإلزاميًا دون أي قيمة افتراضية
"{0} contains an invalid Fetch From expression, Fetch From can't be self-referential.",,frappe/core/doctype/doctype/doctype.py:1620,PROPOSED-payload,"يحتوي {0} على تعبير جلب من غير صالح، لا يمكن أن يكون ""جلب من"" مرجعيًا ذاتيًا."
{0} format could not be determined from the values in this column. Defaulting to {1}.,,frappe/core/doctype/data_import/importer.py:1070,PROPOSED-payload,تعذر تحديد تنسيق {0} من القيم الموجودة في هذا العمود. تم الرجوع إلى القيمة الافتراضية {1}.
{0} if you are not redirected within {1} seconds,,frappe/website/doctype/web_form/templates/web_form.html:155,PROPOSED-payload,{0} إذا لم تتم إعادة توجيهك خلال {1} ثوانٍ
{0} is not a valid Calendar. Redirecting to default Calendar.,,frappe/public/js/frappe/views/calendar/calendar.js:82,PROPOSED-payload,{0} ليس تقويمًا صالحًا. جارٍ إعادة التوجيه إلى التقويم الافتراضي.
{0} is not a valid ISO 3166 ALPHA-2 code.,,frappe/geo/doctype/country/country.py:30,PROPOSED-payload,{0} ليس رمز ISO 3166 ALPHA-2 صالحًا.
{0} is not a valid parent DocType for {1},,frappe/permissions.py:824,PROPOSED-payload,{0} ليس نوع مستند رئيسي صالح لـ {1}
{0} just impersonated as you. They gave this reason: {1},,frappe/core/doctype/user/user.py:1458,PROPOSED-payload,{0} قام بانتحال صفتك للتو. وأبدى هذا السبب: {1}
"{0} must begin and end with a letter and can only contain letters, hyphen or underscore.",,frappe/core/doctype/language/language.py:79,PROPOSED-payload,يجب أن يبدأ {0} وينتهي بحرف ولا يمكن أن يحتوي إلا على أحرف أو شرطة أو شرطة سفلية.
{0} records are not automatically deleted.,,frappe/public/js/frappe/logtypes.js:22,PROPOSED-payload,سجلات {0} لا يتم حذفها تلقائيًا.
{0} role does not have permission on any doctype,,frappe/public/js/frappe/roles_editor.js:64,PROPOSED-payload,دور {0} ليس لديه إذن على أي نوع مستند
{0} should be indexed because it's referred in dashboard connections,,frappe/core/doctype/doctype/doctype.py:318,PROPOSED-payload,يجب فهرسة {0} لأنه مشار إليه في اتصالات لوحة التحكم
{0}: Other permission rules may also apply,,frappe/public/js/frappe/form/workflow.js:45,PROPOSED-payload,{0}: قد تنطبق أيضًا قواعد أذونات أخرى
{0}: You can increase the limit for the field if required via {1},,frappe/public/js/frappe/form/controls/data.js:51,PROPOSED-payload,{0}: يمكنك زيادة الحد للحقل إذا لزم الأمر عبر {1}
{0}: fieldname cannot be set to reserved keyword {1},,frappe/core/doctype/doctype/doctype.py:1283,PROPOSED-payload,{0}: لا يمكن تعيين اسم الحقل إلى الكلمة المحجوزة {1}
{} does not support automated log clearing.,,frappe/core/doctype/log_settings/log_settings.py:54,PROPOSED-payload,{} لا يدعم المسح الآلي للسجلات.
{} has been disabled. It can only be enabled if {} is checked.,,frappe/email/doctype/email_account/email_account.py:223; frappe/email/doctype/email_account/email_account.py:231,PROPOSED-payload,تم تعطيل {}. لا يمكن تمكينه إلا إذا تم تحديد {}.
{} not found in PATH! This is required to access the console.,,frappe/commands/utils.py:564,PROPOSED-payload,لم يتم العثور على {} في PATH! هذا مطلوب للوصول إلى وحدة التحكم.
{} not found in PATH! This is required to restore the database.,,frappe/database/db_manager.py:99,PROPOSED-payload,لم يتم العثور على {} في PATH! هذا مطلوب لاستعادة قاعدة البيانات.
{} not found in PATH! This is required to take a backup.,,frappe/utils/backups.py:466,PROPOSED-payload,لم يتم العثور على {} في PATH! هذا مطلوب لأخذ نسخة احتياطية.
