app,msgid,context,locations,comments,ct_app,po_translation,runtime_translation,effective_translation,proposed_translation,domain,priority,a1_status,a1_reviewer,a1_notes,a2_status,a2_reviewer,a2_notes,a3_status,a3_reviewer,a3_notes,qa_flags,cross_app_conflict,release_status,references
erpnext,Total Projected Qty,,,,erpnext,توقعات مجموع الكمية,,توقعات مجموع الكمية,,boq,pending,,,,,,,,,,,,Approved,
erpnext,Update Consumed Material Cost In Project,,,,erpnext,تحديث تكلفة المواد المستهلكة في المشروع,,تحديث تكلفة المواد المستهلكة في المشروع,,boq,pending,,,,,,,,,,,,Approved,
erpnext,Costing Details,,,,erpnext,,تفاصيل احتساب التكلفة,تفاصيل احتساب التكلفة,,boq,missing,,,,,,,,,,,,Pending,
erpnext,Customer {0} does not belong to project {1},,,,erpnext,العميل {0} لا ينتمي الى المشروع {1}\n<br>\nCustomer {0} does not belong to project {1},,العميل {0} لا ينتمي الى المشروع {1}\n<br>\nCustomer {0} does not belong to project {1},,boq,pending,,,,,,,,,,html_imbalance,,Approved,
erpnext,Quantity and Description,,,,erpnext,الكمية والوصف,,الكمية والوصف,,boq,pending,,,,,,,,,,,,Approved,
erpnext,"For an item {0}, quantity must be positive number",,,,erpnext,بالنسبة إلى عنصر {0} ، يجب أن تكون الكمية رقمًا موجبًا,,بالنسبة إلى عنصر {0} ، يجب أن تكون الكمية رقمًا موجبًا,,boq,pending,,,,,,,,,,,,Approved,
erpnext,Quantity  that must be bought or sold per UOM,,,,erpnext,الكمية التي يجب شراؤها أو بيعها لكل UOM,,الكمية التي يجب شراؤها أو بيعها لكل UOM,,boq,pending,,,,,,,,,,,,Approved,
erpnext,as a percentage of finished item quantity,,,,erpnext,,,,,boq,missing,,,,,,,,,,,,Pending,
erpnext,Operating Cost Per BOM Quantity,,,,erpnext,,تكلفة التشغيل لكل كمية قائمة مواد,تكلفة التشغيل لكل كمية قائمة مواد,,boq,missing,,,,,,,,,,,,Pending,
erpnext,Quantity Difference,,,,erpnext,الكمية الفرق,,الكمية الفرق,,boq,pending,,,,,,,,,,,,Approved,
erpnext,Consumed quantity of item {0} exceeds transferred quantity.,,,,erpnext,,,,,boq,missing,,,,,,,,,,placeholder_mismatch,,Pending,
erpnext,Delivered Quantity,,,,erpnext,كمية تسليمها,,كمية تسليمها,,boq,pending,,,,,,,,,,,,Approved,
erpnext,Quantity to Manufacture must be greater than 0.,,,,erpnext,"""الكمية لتصنيع"" يجب أن تكون أكبر من 0.",,"""الكمية لتصنيع"" يجب أن تكون أكبر من 0.",,boq,pending,,,,,,,,,,,,Approved,
erpnext,Costing Rate,,,,erpnext,سعر التكلفة,,سعر التكلفة,,boq,pending,,,,,,,,,,,,Approved,
erpnext,Costing,,,,erpnext,,احتساب التكلفة,احتساب التكلفة,,boq,missing,,,,,,,,,,,,Pending,
erpnext,Scanned Quantity,,,,erpnext,,الكمية الممسوحة,الكمية الممسوحة,,boq,missing,,,,,,,,,,,,Pending,
erpnext,Planned Quantity,,,,erpnext,المخطط الكمية,,المخطط الكمية,,boq,pending,,,,,,,,,,,,Approved,
erpnext,Quantity to Scan,,,,erpnext,,الكمية المطلوب مسحها,الكمية المطلوب مسحها,,boq,missing,,,,,,,,,,,,Pending,
erpnext,Maximum sample quantity that can be retained,,,,erpnext,الحد الأقصى لعدد العينات التي يمكن الاحتفاظ بها,,الحد الأقصى لعدد العينات التي يمكن الاحتفاظ بها,,boq,pending,,,,,,,,,,,,Approved,
erpnext,Costing and Billing,,,,erpnext,التكلفة و الفواتير,,التكلفة و الفواتير,,boq,pending,,,,,,,,,,,,Approved,
erpnext,Zero quantity,,,,erpnext,,كمية صفرية,كمية صفرية,,boq,missing,,,,,,,,,,,,Pending,
erpnext,For quantity {0} should not be greater than allowed quantity {1},,,,erpnext,,,,,boq,missing,,,,,,,,,,placeholder_mismatch,,Pending,
erpnext,"The percentage you are allowed to transfer more against the quantity ordered. For example, if you have ordered 100 units, and your Allowance is 10%, then you are allowed transfer 110 units.",,,,erpnext,,,,,boq,missing,,,,,,,,,,,,Pending,
erpnext,Asset Quantity,,,,erpnext,,كمية الأصل,كمية الأصل,,boq,missing,,,,,,,,,,,,Pending,
erpnext,For operation {0}: Quantity ({1}) can not be greater than pending quantity({2}),,,,erpnext,,,,,boq,missing,,,,,,,,,,placeholder_mismatch,,Pending,
erpnext,Produced Quantity,,,,erpnext,أنتجت الكمية,,أنتجت الكمية,,boq,pending,,,,,,,,,,,,Approved,
erpnext,Cannot produce more Item {0} than Sales Order quantity {1},,,,erpnext,لا يمكن أن تنتج المزيد من البند {0} اكثر من كمية طلب المبيعات {1},,لا يمكن أن تنتج المزيد من البند {0} اكثر من كمية طلب المبيعات {1},,boq,pending,,,,,,,,,,,,Approved,
erpnext,On Item Quantity,,,,erpnext,على كمية البند,,على كمية البند,,boq,pending,,,,,,,,,,,,Approved,
erpnext,Base Total Costing Amount,,,,erpnext,,إجمالي مبلغ التكلفة الأساسي,إجمالي مبلغ التكلفة الأساسي,,boq,missing,,,,,,,,,,,,Pending,
erpnext,Cannot reduce quantity than ordered or purchased quantity,,,,erpnext,,,,,boq,missing,,,,,,,,,,,,Pending,
erpnext,Enter the quantity to manufacture. Raw material Items will be fetched only when this is set.,,,,erpnext,,,,,boq,missing,,,,,,,,,,,,Pending,
erpnext,Projected Quantity Formula,,,,erpnext,,صيغة الكمية المتوقعة,صيغة الكمية المتوقعة,,boq,missing,,,,,,,,,,,,Pending,
erpnext,Project Manager,,,,erpnext,,مدير مشروع,مدير مشروع,,boq,missing,,,,,,,,,,,,Pending,
erpnext,"If the reorder check is set at the Group warehouse level, the available quantity becomes the sum of the projected quantities of all its child warehouses.",,,,erpnext,,,,,boq,missing,,,,,,,,,,,,Pending,
erpnext,Set Project Status,,,,erpnext,,تعيين حالة المشروع,تعيين حالة المشروع,,boq,missing,,,,,,,,,,,,Pending,
erpnext,Completed Projects,,,,erpnext,,المشاريع المكتملة,المشاريع المكتملة,,boq,missing,,,,,,,,,,,,Pending,
erpnext,Allow Quotation with Zero Quantity,,,,erpnext,,,,,boq,missing,,,,,,,,,,,,Pending,
erpnext,"The percentage you are allowed to receive or deliver more against the quantity ordered. For example, if you have ordered 100 units, and your Allowance is 10%, then you are allowed to receive 110 units.",,,,erpnext,,,,,boq,missing,,,,,,,,,,,,Pending,
erpnext,Row #{0}: Stock quantity {1} ({2}) for item {3} cannot exceed {4},,,,erpnext,,,,,boq,missing,,,,,,,,,,placeholder_mismatch,,Pending,
erpnext,Allow Request for Quotation with Zero Quantity,,,,erpnext,,,,,boq,missing,,,,,,,,,,,,Pending,
erpnext,Percentage you are allowed to order beyond the Blanket Order quantity.,,,,erpnext,,,,,boq,missing,,,,,,,,,,,,Pending,
erpnext,Process Loss Quantity,,,,erpnext,,كمية خسارة العملية,كمية خسارة العملية,,boq,missing,,,,,,,,,,,,Pending,
erpnext,At Row #{0}: The picked quantity {1} for the item {2} is greater than available stock {3} for the batch {4} in the warehouse {5}. Please restock the item.,,,,erpnext,,,,,boq,missing,,,,,,,,,,placeholder_mismatch,,Pending,
construction,BOQ Type,,,,construction,نوع جدول الكميات,نوع جدول الكميات,نوع جدول الكميات,,boq,pending,,,,,,,,,,,,Approved,
erpnext,Project Template Task,,,,erpnext,مهمة قالب المشروع,,مهمة قالب المشروع,,boq,pending,,,,,,,,,,,,Approved,
erpnext,Invalid Quantity,,,,erpnext,كمية غير صحيحة,,كمية غير صحيحة,,boq,pending,,,,,,,,,,,,Approved,
erpnext,Completed Quantity,,,,erpnext,الكمية المكتملة,,الكمية المكتملة,,boq,pending,,,,,,,,,,,,Approved,
erpnext,Warehouse {0} can not be deleted as quantity exists for Item {1},,,,erpnext,مستودع {0} لا يمكن حذف كما توجد كمية القطعة ل {1},,مستودع {0} لا يمكن حذف كما توجد كمية القطعة ل {1},,boq,pending,,,,,,,,,,,,Approved,
construction,BOQ ID,,,,construction,رقم جدول الكميات,,رقم جدول الكميات,,boq,pending,,,,,,,,,,,,Approved,
erpnext,Project Type,,,,erpnext,نوع المشروع,,نوع المشروع,,boq,pending,,,,,,,,,,,,Approved,
erpnext,Projects User,,,,erpnext,عضو المشاريع,,عضو المشاريع,,boq,pending,,,,,,,,,,,,Approved,
erpnext,Projects Settings,,,,erpnext,إعدادات المشاريع,,إعدادات المشاريع,,boq,pending,,,,,,,,,,,,Approved,
erpnext,Cannot set quantity less than received quantity,,,,erpnext,لا يمكن تعيين كمية أقل من الكمية المستلمة,,لا يمكن تعيين كمية أقل من الكمية المستلمة,,boq,pending,,,,,,,,,,,,Approved,
erpnext,Project Value,,,,erpnext,قيمة المشروع,,قيمة المشروع,,boq,pending,,,,,,,,,,,,Approved,
erpnext,How often should Project and Company be updated based on Sales Transactions?,,,,erpnext,كم مرة يجب تحديث المشروع والشركة بناءً على معاملات المبيعات؟,,كم مرة يجب تحديث المشروع والشركة بناءً على معاملات المبيعات؟,,boq,pending,,,,,,,,,,,,Approved,
erpnext,Project master.,,,,erpnext,المدير الرئيسي بالمشروع.,,المدير الرئيسي بالمشروع.,,boq,pending,,,,,,,,,,,,Approved,
frappe,Project,,,,frappe,,المشروع,المشروع,,boq,missing,,,,,,,,,,,,Pending,
erpnext,Quantity required for Item {0} in row {1},,,,erpnext,الكمية مطلوبة للبند {0} في الصف {1}\n<br>\nQuantity required for Item {0} in row {1},,الكمية مطلوبة للبند {0} في الصف {1}\n<br>\nQuantity required for Item {0} in row {1},,boq,pending,,,,,,,,,,html_imbalance,,Approved,
erpnext,How often should Project be updated of Total Purchase Cost ?,,,,erpnext,,,,,boq,missing,,,,,,,,,,,,Pending,
erpnext,Row #{0}: Returned quantity cannot be greater than available quantity to return for Item {1},,,,erpnext,,,,,boq,missing,,,,,,,,,,placeholder_mismatch,,Pending,
erpnext,Project Start Date,,,,erpnext,تاريخ بدء المشروع,,تاريخ بدء المشروع,,boq,pending,,,,,,,,,,,,Approved,
erpnext,Allows to keep aside a specific quantity of inventory for a particular order.,,,,erpnext,,,,,boq,missing,,,,,,,,,,,,Pending,
erpnext,Sales Update Frequency in Company and Project,,,,erpnext,,تكرار تحديث المبيعات في الشركة والمشروع,تكرار تحديث المبيعات في الشركة والمشروع,,boq,missing,,,,,,,,,,,,Pending,
erpnext,Extra Job Card Quantity,,,,erpnext,,كمية بطاقة عمل إضافية,كمية بطاقة عمل إضافية,,boq,missing,,,,,,,,,,,,Pending,
erpnext,Row #{0}: Work Order exists against full or partial quantity of Item {1},,,,erpnext,,,,,boq,missing,,,,,,,,,,placeholder_mismatch,,Pending,
erpnext,Finished Good Item Quantity,,,,erpnext,,كمية صنف المنتج النهائي,كمية صنف المنتج النهائي,,boq,missing,,,,,,,,,,,,Pending,
erpnext,Project Progress:,,,,erpnext,,تقدم المشروع:,تقدم المشروع:,,boq,missing,,,,,,,,,,,,Pending,
erpnext,You have been invited to collaborate on the project {0}.,,,,erpnext,,,,,boq,missing,,,,,,,,,,placeholder_mismatch,,Pending,
erpnext,"For an item {0}, quantity must be negative number",,,,erpnext,بالنسبة إلى عنصر {0} ، يجب أن تكون الكمية رقمًا سالبًا,,بالنسبة إلى عنصر {0} ، يجب أن تكون الكمية رقمًا سالبًا,,boq,pending,,,,,,,,,,,,Approved,
erpnext,{0} ({1}) cannot be greater than planned quantity ({2}) in Work Order {3},,,,erpnext,{0} ({1}) لا يمكن أن يكون أكبر من الكمية المخطط لها ({2}) في أمر العمل {3},,{0} ({1}) لا يمكن أن يكون أكبر من الكمية المخطط لها ({2}) في أمر العمل {3},,boq,pending,,,,,,,,,,,,Approved,
erpnext,Set quantity of process loss item:,,,,erpnext,,,,,boq,missing,,,,,,,,,,,,Pending,
erpnext,Reserved Quantity,,,,erpnext,الكمية المحجوزة,,الكمية المحجوزة,,boq,pending,,,,,,,,,,,,Approved,
erpnext,Project User,,,,erpnext,عضو المشروع,,عضو المشروع,,boq,pending,,,,,,,,,,,,Approved,
erpnext,"For the item {0}, the quantity should be {1} according to the BOM {2}.",,,,erpnext,,,,,boq,missing,,,,,,,,,,placeholder_mismatch,,Pending,
erpnext,Max Sample Quantity,,,,erpnext,الحد الأقصى لعدد العينات,,الحد الأقصى لعدد العينات,,boq,pending,,,,,,,,,,,,Approved,
erpnext,Set Operating Cost Based On BOM Quantity,,,,erpnext,,تعيين تكلفة التشغيل بناء على كمية قائمة المواد,تعيين تكلفة التشغيل بناء على كمية قائمة المواد,,boq,missing,,,,,,,,,,,,Pending,
erpnext,Projects,,,,erpnext,مشاريع,المشاريع,المشاريع,,boq,pending,,,,,,,,,,,,Approved,
erpnext,Reserved Qty for Production: Raw materials quantity to make manufacturing items.,,,,erpnext,,,,,boq,missing,,,,,,,,,,,,Pending,
erpnext,Cannot set quantity less than delivered quantity,,,,erpnext,لا يمكن ضبط كمية أقل من الكمية المسلمة,,لا يمكن ضبط كمية أقل من الكمية المسلمة,,boq,pending,,,,,,,,,,,,Approved,
erpnext,Project Summary,,,,erpnext,ملخص المشروع,,ملخص المشروع,,boq,pending,,,,,,,,,,,,Approved,
erpnext,Please enter quantity for item {0},,,,erpnext,,يرجى إدخال الكمية للصنف {0},يرجى إدخال الكمية للصنف {0},,boq,missing,,,,,,,,,,,,Pending,
erpnext,Sample Quantity,,,,erpnext,كمية العينة,,كمية العينة,,boq,pending,,,,,,,,,,,,Approved,
erpnext,Project wise Stock Tracking,,,,erpnext,تتبع المشروع الحكيم,,تتبع المشروع الحكيم,,boq,pending,,,,,,,,,,,,Approved,
erpnext,Set Finished Good Quantity,,,,erpnext,,تعيين كمية المنتج النهائي,تعيين كمية المنتج النهائي,,boq,missing,,,,,,,,,,,,Pending,
erpnext,PSOA Project,,,,erpnext,مشروع PSOA,,مشروع PSOA,,boq,pending,,,,,,,,,,,,Approved,
erpnext,This tool helps you to update or fix the quantity and valuation of stock in the system. It is typically used to synchronise the system values and what actually exists in your warehouses.,,,,erpnext,,,,,boq,missing,,,,,,,,,,,,Pending,
erpnext,Quantity (A - B),,,,erpnext,,الكمية (أ - ب),الكمية (أ - ب),,boq,missing,,,,,,,,,,,,Pending,
erpnext,No available quantity to reserve for item {0} in warehouse {1},,,,erpnext,,,,,boq,missing,,,,,,,,,,placeholder_mismatch,,Pending,
erpnext,Project Id,,,,erpnext,هوية المشروع,,هوية المشروع,,boq,pending,,,,,,,,,,,,Approved,
erpnext,Minimum quantity should be as per Stock UOM,,,,erpnext,يجب أن تكون الكمية الأدنى حسب مخزون UOM,,يجب أن تكون الكمية الأدنى حسب مخزون UOM,,boq,pending,,,,,,,,,,,,Approved,
erpnext,Learn Project Management,,,,erpnext,,,,,boq,missing,,,,,,,,,,,,Pending,
erpnext,% Finished Item Quantity,,,,erpnext,,نسبة كمية الصنف النهائي,نسبة كمية الصنف النهائي,,boq,missing,,,,,,,,,,,,Pending,
erpnext,Quantity of item obtained after manufacturing / repacking from given quantities of raw materials,,,,erpnext,الكمية من البنود التي تم الحصول عليها بعد التصنيع / إعادة التعبئة من الكميات المعطاء من المواد الخام,,الكمية من البنود التي تم الحصول عليها بعد التصنيع / إعادة التعبئة من الكميات المعطاء من المواد الخام,,boq,pending,,,,,,,,,,,,Approved,
erpnext,"Reserved Qty: Quantity ordered for sale, but not delivered.",,,,erpnext,,,,,boq,missing,,,,,,,,,,,,Pending,
frappe,"The project number obtained from Google Cloud Console under <a href=""https://console.cloud.google.com/iam-admin/settings"">
""IAM &amp; Admin"" &gt; ""Settings""
</a>",,,,frappe,,,,,boq,missing,,,,,,,,,,html_imbalance,,Pending,
erpnext,Cannot disassemble more than produced quantity.,,,,erpnext,,,,,boq,missing,,,,,,,,,,,,Pending,
erpnext,Costing and Billing fields has been updated,,,,erpnext,,,,,boq,missing,,,,,,,,,,,,Pending,
erpnext,Quantity cannot be greater than {0} for Item {1},,,,erpnext,,,,,boq,missing,,,,,,,,,,placeholder_mismatch,,Pending,
erpnext,Stock UOM Quantity,,,,erpnext,,كمية وحدة قياس المخزون,كمية وحدة قياس المخزون,,boq,missing,,,,,,,,,,,,Pending,
erpnext,Allow Sales Order with Zero Quantity,,,,erpnext,,,,,boq,missing,,,,,,,,,,,,Pending,
erpnext,Project activity / task.,,,,erpnext,نشاط او مهمة لمشروع .,,نشاط او مهمة لمشروع .,,boq,pending,,,,,,,,,,,,Approved,
erpnext,Row #{0}: You cannot use the inventory dimension '{1}' in Stock Reconciliation to modify the quantity or valuation rate. Stock reconciliation with inventory dimensions is intended solely for performing opening entries.,,,,erpnext,,,,,boq,missing,,,,,,,,,,placeholder_mismatch,,Pending,
erpnext,Row #{0}: Cannot cancel this Manufacturing Stock Entry as quantity of Scrap Item {1} produced cannot be less than quantity delivered.,,,,erpnext,,,,,boq,missing,,,,,,,,,,placeholder_mismatch,,Pending,
erpnext,Projected qty,,,,erpnext,الكمية المتوقعة,,الكمية المتوقعة,,boq,pending,,,,,,,,,,,,Approved,
erpnext,Please enter at least one delivery date and quantity,,,,erpnext,,,,,boq,missing,,,,,,,,,,,,Pending,
erpnext,Row #{0}: Quantity cannot be a non-positive number. Please increase the quantity or remove the Item {1},,,,erpnext,,,,,boq,missing,,,,,,,,,,placeholder_mismatch,,Pending,
erpnext,Quantity & Stock,,,,erpnext,الكمية والمخزون,,الكمية والمخزون,,boq,pending,,,,,,,,,,,,Approved,
erpnext,Define Project type.,,,,erpnext,تعريف نوع المشروع.,,تعريف نوع المشروع.,,boq,pending,,,,,,,,,,,,Approved,
erpnext,Sample quantity {0} cannot be more than received quantity {1},,,,erpnext,كمية العينة {0} لا يمكن أن تكون أكثر من الكمية المستلمة {1},,كمية العينة {0} لا يمكن أن تكون أكثر من الكمية المستلمة {1},,boq,pending,,,,,,,,,,,,Approved,
erpnext,Duplicate project has been created,,,,erpnext,تم إنشاء مشروع مكرر,,تم إنشاء مشروع مكرر,,boq,pending,,,,,,,,,,,,Approved,
erpnext,Costing Amount,,,,erpnext,أجمالي الكلفة,,أجمالي الكلفة,,boq,pending,,,,,,,,,,,,Approved,
erpnext,You cannot delete Project Type 'External',,,,erpnext,لا يمكنك حذف مشروع من نوع 'خارجي',,لا يمكنك حذف مشروع من نوع 'خارجي',,boq,pending,,,,,,,,,,,,Approved,
erpnext,Projected On Hand,,,,erpnext,,المتوفر المتوقع,المتوفر المتوقع,,boq,missing,,,,,,,,,,,,Pending,
frappe,"<p>Set context before rendering a template. Example:</p><p>
</p><div><pre><code>
context.project = frappe.get_doc(""Project"", frappe.form_dict.name)
</code></pre></div>",,,,frappe,,,,,boq,missing,,,,,,,,,,html_imbalance,,Pending,
erpnext,Select Quantity,,,,erpnext,إختيار الكمية,,إختيار الكمية,,boq,pending,,,,,,,,,,,,Approved,
erpnext,Transferred Quantity,,,,erpnext,الكمية المنقولة,,الكمية المنقولة,,boq,pending,,,,,,,,,,,,Approved,
erpnext,Consider Projected Qty in Calculation,,,,erpnext,,احتساب الكمية المتوقعة في الحساب,احتساب الكمية المتوقعة في الحساب,,boq,missing,,,,,,,,,,,,Pending,
erpnext,"For projected and forecast quantities, the system will consider all child warehouses under the selected parent warehouse.",,,,erpnext,,,,,boq,missing,,,,,,,,,,,,Pending,
erpnext,Row #{0}: Quantity to reserve for the Item {1} should be greater than 0.,,,,erpnext,,,,,boq,missing,,,,,,,,,,placeholder_mismatch,,Pending,
erpnext,Project Collaboration Invitation,,,,erpnext,دعوة للمشاركة في المشاريع,,دعوة للمشاركة في المشاريع,,boq,pending,,,,,,,,,,,,Approved,
erpnext,The percentage you are allowed to pick more items in the pick list than the ordered quantity.,,,,erpnext,,,,,boq,missing,,,,,,,,,,,,Pending,
construction,BOQ Header,,,,construction,رأس جدول الكميات,رأس جدول الكميات,رأس جدول الكميات,,boq,pending,,,,,,,,,,,,Approved,
erpnext,Rejected Quantity,,,,erpnext,الكمية المرفوضة,,الكمية المرفوضة,,boq,pending,,,,,,,,,,,,Approved,
erpnext,Disables auto-fetching of existing quantity,,,,erpnext,,,,,boq,missing,,,,,,,,,,,,Pending,
erpnext,At least one item should be entered with negative quantity in return document,,,,erpnext,,,,,boq,missing,,,,,,,,,,,,Pending,
erpnext,Total Quantity,,,,erpnext,الكمية الإجمالية,,الكمية الإجمالية,,boq,pending,,,,,,,,,,,,Approved,
erpnext,Message will be sent to the users to get their status on the Project,,,,erpnext,سيتم إرسال رسالة إلى المستخدمين للحصول على حالتهم في المشروع,,سيتم إرسال رسالة إلى المستخدمين للحصول على حالتهم في المشروع,,boq,pending,,,,,,,,,,,,Approved,
erpnext,"The Batch {0} has negative batch quantity {1}. To fix this, go to the batch and click on Recalculate Batch Qty. If the issue still persists, create an inward entry.",,,,erpnext,,,,,boq,missing,,,,,,,,,,placeholder_mismatch,,Pending,
erpnext,"For the {0}, the quantity is required to make the return entry",,,,erpnext,,,,,boq,missing,,,,,,,,,,placeholder_mismatch,,Pending,
erpnext,Print UOM after Quantity,,,,erpnext,اطبع UOM بعد الكمية,,اطبع UOM بعد الكمية,,boq,pending,,,,,,,,,,,,Approved,
construction,BOQ Item Stage,,,,construction,مراحل تنفيذ البنود,مراحل تنفيذ البنود,مراحل تنفيذ البنود,,boq,pending,,,,,,,,,,,,Approved,
erpnext,"Since there is a process loss of {0} units for the finished good {1}, you should reduce the quantity by {0} units for the finished good {1} in the Items Table.",,,,erpnext,,,,,boq,missing,,,,,,,,,,placeholder_mismatch,,Pending,
erpnext,Received Quantity,,,,erpnext,الكمية المستلمة,,الكمية المستلمة,,boq,pending,,,,,,,,,,,,Approved,
erpnext,Allow Purchase Order with Zero Quantity,,,,erpnext,,,,,boq,missing,,,,,,,,,,,,Pending,
erpnext,{item_name}'s Sample Size ({sample_size}) cannot be greater than the Accepted Quantity ({accepted_quantity}),,,,erpnext,,,,,boq,missing,,,,,,,,,,placeholder_mismatch,,Pending,
erpnext,Project-wise data is not available for Quotation,,,,erpnext,البيانات الخاصة بالمشروع غير متوفرة للعرض المسعر,,البيانات الخاصة بالمشروع غير متوفرة للعرض المسعر,,boq,pending,,,,,,,,,,,,Approved,
frappe,Set Quantity,,,,frappe,,,,,boq,missing,,,,,,,,,,,,Pending,
erpnext,Finished Good Quantity ,,,,erpnext,,,,,boq,missing,,,,,,,,,,whitespace,,Pending,
erpnext,Allow transferring raw materials even after the Required Quantity is fulfilled,,,,erpnext,,,,,boq,missing,,,,,,,,,,,,Pending,
construction,WBS Code,,,,construction,كود البند,كود هيكل تقسيم العمل,كود هيكل تقسيم العمل,,boq,pending,,,,,,,,,,,,Approved,
construction,BOQ Item,,,,construction,بند جدول الكميات,بند جدول الكميات,بند جدول الكميات,,boq,pending,,,,,,,,,,,,Approved,
erpnext,Allow Supplier Quotation with Zero Quantity,,,,erpnext,,,,,boq,missing,,,,,,,,,,,,Pending,
erpnext,Batch Quantity,,,,erpnext,كمية الدفعة,,كمية الدفعة,,boq,pending,,,,,,,,,,,,Approved,
erpnext,Quantity to Manufacture can not be zero for the operation {0},,,,erpnext,لا يمكن أن تكون الكمية للتصنيع صفراً للتشغيل {0},,لا يمكن أن تكون الكمية للتصنيع صفراً للتشغيل {0},,boq,pending,,,,,,,,,,,,Approved,
erpnext,Project Name,,,,erpnext,اسم المشروع,اسم المشروع,اسم المشروع,,boq,pending,,,,,,,,,,,,Approved,
erpnext,Projects Manager,,,,erpnext,مدير المشاريع,,مدير المشاريع,,boq,pending,,,,,,,,,,,,Approved,
erpnext,Ignore Existing Projected Quantity,,,,erpnext,تجاهل الكمية الموجودة المتوقعة,,تجاهل الكمية الموجودة المتوقعة,,boq,pending,,,,,,,,,,,,Approved,
erpnext,Row {0}: Task {1} does not belong to Project {2},,,,erpnext,,,,,boq,missing,,,,,,,,,,placeholder_mismatch,,Pending,
erpnext,Row {0}: Quantity cannot be negative.,,,,erpnext,,,,,boq,missing,,,,,,,,,,placeholder_mismatch,,Pending,
erpnext,Consider Projected Qty in Calculation (RM),,,,erpnext,,احتساب الكمية المتوقعة في الحساب (مواد خام),احتساب الكمية المتوقعة في الحساب (مواد خام),,boq,missing,,,,,,,,,,,,Pending,
erpnext,Make project from a template.,,,,erpnext,جعل المشروع من قالب.,,جعل المشروع من قالب.,,boq,pending,,,,,,,,,,,,Approved,
erpnext,"Requested Qty: Quantity requested for purchase, but not ordered.",,,,erpnext,,,,,boq,missing,,,,,,,,,,,,Pending,
erpnext,Pricing Rules are further filtered based on quantity.,,,,erpnext,,,,,boq,missing,,,,,,,,,,,,Pending,
erpnext,Row #{0}: Returned quantity cannot be greater than available quantity for Item {1},,,,erpnext,,,,,boq,missing,,,,,,,,,,placeholder_mismatch,,Pending,
erpnext,Quantity and Warehouse,,,,erpnext,الكمية والنماذج,,الكمية والنماذج,,boq,pending,,,,,,,,,,,,Approved,
erpnext,Row {0}: Quantity not available for {4} in warehouse {1} at posting time of the entry ({2} {3}),,,,erpnext,الصف {0}: الكمية غير متوفرة {4} في المستودع {1} في وقت نشر الإدخال ({2} {3}),,الصف {0}: الكمية غير متوفرة {4} في المستودع {1} في وقت نشر الإدخال ({2} {3}),,boq,pending,,,,,,,,,,,,Approved,
erpnext,At Row #{0}: The picked quantity {1} for the item {2} is greater than available stock {3} in the warehouse {4}.,,,,erpnext,,,,,boq,missing,,,,,,,,,,placeholder_mismatch,,Pending,
erpnext,Update frequency of Project,,,,erpnext,,تكرار تحديث المشروع,تكرار تحديث المشروع,,boq,missing,,,,,,,,,,,,Pending,
erpnext,{0} Coupon used are {1}. Allowed quantity is exhausted,,,,erpnext,{0} القسيمة المستخدمة هي {1}. الكمية المسموح بها مستنفدة,,{0} القسيمة المستخدمة هي {1}. الكمية المسموح بها مستنفدة,,boq,pending,,,,,,,,,,,,Approved,
erpnext,Give free item for every N quantity,,,,erpnext,,منح صنف مجاني لكل كمية N,منح صنف مجاني لكل كمية N,,boq,missing,,,,,,,,,,,,Pending,
erpnext,"Material Request not created, as quantity for Raw Materials already available.",,,,erpnext,لم يتم إنشاء طلب المواد ، ككمية للمواد الخام المتاحة بالفعل.,,لم يتم إنشاء طلب المواد ، ككمية للمواد الخام المتاحة بالفعل.,,boq,pending,,,,,,,,,,,,Approved,
erpnext,Percentage you are allowed to sell beyond the Blanket Order quantity.,,,,erpnext,,,,,boq,missing,,,,,,,,,,,,Pending,
erpnext,Please enter a valid quantity,,,,erpnext,,يرجى إدخال كمية صالحة,يرجى إدخال كمية صالحة,,boq,missing,,,,,,,,,,,,Pending,
erpnext,Use a name that is different from previous project name,,,,erpnext,استخدم اسمًا مختلفًا عن اسم المشروع السابق,,استخدم اسمًا مختلفًا عن اسم المشروع السابق,,boq,pending,,,,,,,,,,,,Approved,
erpnext,"Row {1}: Quantity ({0}) cannot be a fraction. To allow this, disable '{2}' in UOM {3}.",,,,erpnext,الصف {1}: لا يمكن أن تكون الكمية ({0}) كسرًا. للسماح بذلك ، قم بتعطيل &#39;{2}&#39; في UOM {3}.,,الصف {1}: لا يمكن أن تكون الكمية ({0}) كسرًا. للسماح بذلك ، قم بتعطيل &#39;{2}&#39; في UOM {3}.,,boq,pending,,,,,,,,,,,,Approved,
frappe,"If checked, negative numeric values of Currency, Quantity or Count would be shown as positive",,,,frappe,,,,,boq,missing,,,,,,,,,,,,Pending,
erpnext,Default Costing Rate,,,,erpnext,سعر التكلفة الافتراضي,,سعر التكلفة الافتراضي,,boq,pending,,,,,,,,,,,,Approved,
erpnext,Manufacturing Quantity is mandatory,,,,erpnext,كمية التصنيع إلزامية\n<br>\nManufacturing Quantity is mandatory,,كمية التصنيع إلزامية\n<br>\nManufacturing Quantity is mandatory,,boq,pending,,,,,,,,,,html_imbalance,,Approved,
erpnext,"Planned Qty: Quantity, for which, Work Order has been raised, but is pending to be manufactured.",,,,erpnext,,,,,boq,missing,,,,,,,,,,,,Pending,
erpnext,Please specify either Quantity or Valuation Rate or both,,,,erpnext,يرجى تحديد الكمية أو التقييم إما قيم أو كليهما,,يرجى تحديد الكمية أو التقييم إما قيم أو كليهما,,boq,pending,,,,,,,,,,,,Approved,
erpnext,Row {0}: Item {1}'s quantity cannot be higher than the available quantity.,,,,erpnext,,,,,boq,missing,,,,,,,,,,placeholder_mismatch,,Pending,
erpnext,Accepted Quantity,,,,erpnext,كمية مقبولة,,كمية مقبولة,,boq,pending,,,,,,,,,,,,Approved,
erpnext,Removed items with no change in quantity or value.,,,,erpnext,العناصر إزالتها مع أي تغيير في كمية أو قيمة.,,العناصر إزالتها مع أي تغيير في كمية أو قيمة.,,boq,pending,,,,,,,,,,,,Approved,
erpnext,None of the items have any change in quantity or value.,,,,erpnext,لا يوجد أي من البنود لديها أي تغيير في كمية أو قيمة.\n<br>\nNone of the items have any change in quantity or value.,,لا يوجد أي من البنود لديها أي تغيير في كمية أو قيمة.\n<br>\nNone of the items have any change in quantity or value.,,boq,pending,,,,,,,,,,html_imbalance,,Approved,
erpnext,Quantity to Produce,,,,erpnext,كمية لإنتاج,,كمية لإنتاج,,boq,pending,,,,,,,,,,,,Approved,
erpnext,Ordered Quantity,,,,erpnext,الكمية التي تم طلبها,,الكمية التي تم طلبها,,boq,pending,,,,,,,,,,,,Approved,
frappe,Map route parameters into form variables. Example <code>/project/&lt;name&gt;</code>,,,,frappe,تعيين معلمات الطريق في متغيرات النموذج. مثال <code>/project/&lt;name&gt;</code>,,تعيين معلمات الطريق في متغيرات النموذج. مثال <code>/project/&lt;name&gt;</code>,,boq,pending,,,,,,,,,,,,Approved,
frappe,A list of resources which the Client App will have access to after the user allows it.<br> e.g. project,,,,frappe,قائمة الموارد التي سيكون لها التطبيق العميل الوصول إلى بعد قيام المستخدم يسمح بذلك. <br> على سبيل المثال مشروع,,قائمة الموارد التي سيكون لها التطبيق العميل الوصول إلى بعد قيام المستخدم يسمح بذلك. <br> على سبيل المثال مشروع,,boq,pending,,,,,,,,,,,,Approved,
erpnext,The total Issue / Transfer quantity {0} in Material Request {1}  cannot be greater than allowed requested quantity {2} for Item {3},,,,erpnext,,,,,boq,missing,,,,,,,,,,placeholder_mismatch,,Pending,
erpnext,"Row {0} picked quantity is less than the required quantity, additional {1} {2} required.",,,,erpnext,,,,,boq,missing,,,,,,,,,,placeholder_mismatch,,Pending,
erpnext,Quantity to Produce should be greater than zero.,,,,erpnext,,,,,boq,missing,,,,,,,,,,,,Pending,
erpnext,Total quantity in delivery schedule cannot be greater than the item quantity,,,,erpnext,,,,,boq,missing,,,,,,,,,,,,Pending,
erpnext,Total Costing Amount,,,,erpnext,المبلغ الكلي التكاليف,,المبلغ الكلي التكاليف,,boq,pending,,,,,,,,,,,,Approved,
erpnext,Stock quantity not enough for Item Code: {0} under warehouse {1}. Available quantity {2} {3}.,,,,erpnext,,,,,boq,missing,,,,,,,,,,placeholder_mismatch,,Pending,
erpnext,For Quantity (Manufactured Qty) is mandatory,,,,erpnext,للكمية (الكمية المصنعة) إلزامية\n<br>\nFor Quantity (Manufactured Qty) is mandatory,,للكمية (الكمية المصنعة) إلزامية\n<br>\nFor Quantity (Manufactured Qty) is mandatory,,boq,pending,,,,,,,,,,html_imbalance,,Approved,
erpnext,Set Project and all Tasks to status {0}?,,,,erpnext,عيّن Project وجميع المهام إلى الحالة {0}؟,,عيّن Project وجميع المهام إلى الحالة {0}؟,,boq,pending,,,,,,,,,,,,Approved,
erpnext,Incorrect Component Quantity,,,,erpnext,,,,,boq,missing,,,,,,,,,,,,Pending,
erpnext,Actual Qty: Quantity available in the warehouse.,,,,erpnext,,,,,boq,missing,,,,,,,,,,,,Pending,
construction,Quantity,,,,construction,الكمية,الكمية,الكمية,,boq,pending,,,,,,,,,,,1,Approved,
erpnext,Pending Quantity,,,,erpnext,في انتظار الكمية,,في انتظار الكمية,,boq,pending,,,,,,,,,,,,Approved,
erpnext,This is based on the Time Sheets created against this project,,,,erpnext,ويستند هذا على جداول زمنية خلق ضد هذا المشروع,,ويستند هذا على جداول زمنية خلق ضد هذا المشروع,,boq,pending,,,,,,,,,,,,Approved,
erpnext,Required Quantity,,,,erpnext,الكمية المطلوبة,,الكمية المطلوبة,,boq,pending,,,,,,,,,,,,Approved,
erpnext,"It's not possible to distribute charges equally when total amount is zero, please set 'Distribute Charges Based On' as 'Quantity'",,,,erpnext,,,,,boq,missing,,,,,,,,,,,,Pending,
erpnext,"Scan mode enabled, existing quantity will not be fetched.",,,,erpnext,,,,,boq,missing,,,,,,,,,,,,Pending,
erpnext,Row # {0}: Please enter quantity for Item {1} as it is not zero.,,,,erpnext,,,,,boq,missing,,,,,,,,,,placeholder_mismatch,,Pending,
erpnext,Split Quantity must be less than Asset Quantity,,,,erpnext,,,,,boq,missing,,,,,,,,,,,,Pending,
erpnext,"If enabled, formula for <b>Required Qty</b>: <br>
Required Qty (BOM) - <a href=""https://docs.frappe.io/erpnext/user/manual/en/projected-quantity"">Projected Qty</a>. <br> This helps avoid over-ordering.",,,,erpnext,,,,,boq,missing,,,,,,,,,,html_imbalance,,Pending,
erpnext,Row {0}: Project must be same as the one set in the Timesheet: {1}.,,,,erpnext,,,,,boq,missing,,,,,,,,,,placeholder_mismatch,,Pending,
erpnext,"Row {0}: The item {1}, quantity must be positive number",,,,erpnext,الصف {0}: العنصر {1} ، يجب أن تكون الكمية رقمًا موجبًا,,الصف {0}: العنصر {1} ، يجب أن تكون الكمية رقمًا موجبًا,,boq,pending,,,,,,,,,,,,Approved,
erpnext,Quantity should be greater than 0,,,,erpnext,الكمية يجب أن تكون أبر من 0\n<br>\nQuantity should be greater than 0,,الكمية يجب أن تكون أبر من 0\n<br>\nQuantity should be greater than 0,,boq,pending,,,,,,,,,,html_imbalance,,Approved,
erpnext,The total Issue / Transfer quantity {0} in Material Request {1} cannot be greater than requested quantity {2} for Item {3},,,,erpnext,,,,,boq,missing,,,,,,,,,,placeholder_mismatch,,Pending,
erpnext,Quantity to Manufacture,,,,erpnext,كمية لتصنيع,,كمية لتصنيع,,boq,pending,,,,,,,,,,,,Approved,
erpnext,Open Projects,,,,erpnext,فتح المشاريع,,فتح المشاريع,,boq,pending,,,,,,,,,,,,Approved,
erpnext,You are picking more than required quantity for the item {0}. Check if there is any other pick list created for the sales order {1}.,,,,erpnext,,,,,boq,missing,,,,,,,,,,placeholder_mismatch,,Pending,
erpnext,Projected Quantity,,,,erpnext,الكمية المتوقعة,,الكمية المتوقعة,,boq,pending,,,,,,,,,,,,Approved,
erpnext,Project Summary for {0},,,,erpnext,ملخص المشروع لـ {0},,ملخص المشروع لـ {0},,boq,pending,,,,,,,,,,,,Approved,
erpnext,Row #{0}: Please set reorder quantity,,,,erpnext,الصف # {0}: يرجى تعيين إعادة ترتيب الكمية\n<br>\nRow #{0}: Please set reorder quantity,,الصف # {0}: يرجى تعيين إعادة ترتيب الكمية\n<br>\nRow #{0}: Please set reorder quantity,,boq,pending,,,,,,,,,,html_imbalance,,Approved,
erpnext,Stock Projected Qty,,,,erpnext,كمية المخزون المتوقعة,,كمية المخزون المتوقعة,,boq,pending,,,,,,,,,,,,Approved,
erpnext,Row #{0}: Cannot cancel this Manufacturing Stock Entry as billed quantity of Item {1} cannot be greater than consumed quantity.,,,,erpnext,,,,,boq,missing,,,,,,,,,,placeholder_mismatch,,Pending,
erpnext,Incoming Rate (Costing),,,,erpnext,,السعر الوارد (التكلفة),السعر الوارد (التكلفة),,boq,missing,,,,,,,,,,,,Pending,
erpnext,Updating Costing and Billing fields against this Project...,,,,erpnext,,جار تحديث حقول التكلفة والفوترة لهذا المشروع...,جار تحديث حقول التكلفة والفوترة لهذا المشروع...,,boq,missing,,,,,,,,,,,,Pending,
erpnext,Negative Quantity is not allowed,,,,erpnext,الكمية السلبية غير مسموح بها\n<br>\nnegative Quantity is not allowed,,الكمية السلبية غير مسموح بها\n<br>\nnegative Quantity is not allowed,,boq,pending,,,,,,,,,,html_imbalance,,Approved,
erpnext,Default BOM not found for Item {0} and Project {1},,,,erpnext,لم يتم العثور على قائمة المواد الافتراضية للمادة {0} والمشروع {1},,لم يتم العثور على قائمة المواد الافتراضية للمادة {0} والمشروع {1},,boq,pending,,,,,,,,,,,,Approved,
erpnext,Project Template,,,,erpnext,قالب المشروع,,قالب المشروع,,boq,pending,,,,,,,,,,,,Approved,
erpnext,Project will be accessible on the website to these users,,,,erpnext,والمشروع أن تكون متاحة على الموقع الإلكتروني لهؤلاء المستخدمين,,والمشروع أن تكون متاحة على الموقع الإلكتروني لهؤلاء المستخدمين,,boq,pending,,,,,,,,,,,,Approved,
erpnext,Open Projects ,,,,erpnext,مشاريع مفتوحة,,مشاريع مفتوحة,,boq,pending,,,,,,,,,,whitespace,,Approved,
erpnext,Quantity and Rate,,,,erpnext,كمية وقيم,,كمية وقيم,,boq,pending,,,,,,,,,,,,Approved,
erpnext,Total Picked Quantity {0} is more than ordered qty {1}. You can set the Over Picking Allowance in Stock Settings.,,,,erpnext,,,,,boq,missing,,,,,,,,,,placeholder_mismatch,,Pending,
erpnext,Actual Batch Quantity,,,,erpnext,كمية الدفعة الفعلية,,كمية الدفعة الفعلية,,boq,pending,,,,,,,,,,,,Approved,
erpnext,"For project {0}, update your status",,,,erpnext,,,,,boq,missing,,,,,,,,,,placeholder_mismatch,,Pending,
erpnext,"When a parent warehouse is chosen, the system conducts Project Qty checks against the associated child warehouses",,,,erpnext,,,,,boq,missing,,,,,,,,,,,,Pending,
erpnext,"Quantity must be greater than zero, and less or equal to {0}",,,,erpnext,,,,,boq,missing,,,,,,,,,,placeholder_mismatch,,Pending,
erpnext,Quantity,,,,erpnext,كمية,الكمية,الكمية,,boq,pending,,,,,,,,,,,1,Approved,
erpnext,Projected Qty,,,,erpnext,الكمية المتوقعة,,الكمية المتوقعة,,boq,pending,,,,,,,,,,,,Approved,
erpnext,Project Update.,,,,erpnext,تحديث المشروع.,,تحديث المشروع.,,boq,pending,,,,,,,,,,,,Approved,
erpnext,Duplicate Project with Tasks,,,,erpnext,مشروع مكرر مع المهام,,مشروع مكرر مع المهام,,boq,pending,,,,,,,,,,,,Approved,
erpnext,System will notify to increase or decrease quantity or amount ,,,,erpnext,سيُعلم النظام بزيادة أو تقليل الكمية أو الكمية,,سيُعلم النظام بزيادة أو تقليل الكمية أو الكمية,,boq,pending,,,,,,,,,,whitespace,,Approved,
erpnext,Set Process Loss Item Quantity,,,,erpnext,,تعيين كمية صنف خسارة العملية,تعيين كمية صنف خسارة العملية,,boq,missing,,,,,,,,,,,,Pending,
erpnext,Project Status,,,,erpnext,حالة المشروع,,حالة المشروع,,boq,pending,,,,,,,,,,,,Approved,
erpnext,"If enabled, formula for <b>Qty to Order</b>: <br>
Required Qty (BOM) - <a href=""https://docs.frappe.io/erpnext/user/manual/en/projected-quantity"">Projected Qty</a>. <br> This helps avoid over-ordering.",,,,erpnext,,,,,boq,missing,,,,,,,,,,html_imbalance,,Pending,
erpnext,"Available quantity is {0}, you need {1}",,,,erpnext,الكمية المتاحة هي {0} ، تحتاج إلى {1},,الكمية المتاحة هي {0} ، تحتاج إلى {1},,boq,pending,,,,,,,,,,,,Approved,
erpnext,Row #{0}: Quantity for Item {1} cannot be zero.,,,,erpnext,الصف # {0}: كمية البند {1} لا يمكن أن يكون صفرا,,الصف # {0}: كمية البند {1} لا يمكن أن يكون صفرا,,boq,pending,,,,,,,,,,,,Approved,
erpnext,Update Costing and Billing,,,,erpnext,,تحديث التكلفة والفوترة,تحديث التكلفة والفوترة,,boq,missing,,,,,,,,,,,,Pending,
erpnext,Maximum quantity scanned for item {0}.,,,,erpnext,,,,,boq,missing,,,,,,,,,,placeholder_mismatch,,Pending,
construction,BOQ Structure,,,,construction,هيكل جدول الكميات,هيكل جدول الكميات,هيكل جدول الكميات,,boq,pending,,,,,,,,,,,,Approved,
erpnext,Enter the quantity of the Item that will be manufactured from this Bill of Materials.,,,,erpnext,,,,,boq,missing,,,,,,,,,,,,Pending,
construction,BOQ,,,,construction,جدول الكميات,,جدول الكميات,,boq,pending,,,,,,,,,,,,Approved,
erpnext,Arrival Quantity,,,,erpnext,كمية الوصول,,كمية الوصول,,boq,pending,,,,,,,,,,,,Approved,
erpnext,Total Costing Amount (via Timesheet),,,,erpnext,إجمالي مبلغ التكلفة (عبر الجداول الزمنية),,إجمالي مبلغ التكلفة (عبر الجداول الزمنية),,boq,pending,,,,,,,,,,,,Approved,
erpnext,Actual Quantity,,,,erpnext,الكمية الفعلية,,الكمية الفعلية,,boq,pending,,,,,,,,,,,,Approved,
erpnext,Minimum Order Quantity,,,,erpnext,أقل كمية ممكن طلبها,,أقل كمية ممكن طلبها,,boq,pending,,,,,,,,,,,,Approved,
erpnext,Quantity must not be more than {0},,,,erpnext,الكمية يجب ألا تكون أكثر من {0},,الكمية يجب ألا تكون أكثر من {0},,boq,pending,,,,,,,,,,,,Approved,
erpnext,Quantity is required,,,,erpnext,,الكمية مطلوبة,الكمية مطلوبة,,boq,missing,,,,,,,,,,,,Pending,
erpnext,Consumed Quantity,,,,erpnext,,الكمية المستهلكة,الكمية المستهلكة,,boq,missing,,,,,,,,,,,,Pending,
erpnext,Row {0}: Transferred quantity cannot be greater than the requested quantity.,,,,erpnext,,,,,boq,missing,,,,,,,,,,placeholder_mismatch,,Pending,
erpnext,The completed quantity {0} of an operation {1} cannot be greater than the completed quantity {2} of a previous operation {3}.,,,,erpnext,,,,,boq,missing,,,,,,,,,,placeholder_mismatch,,Pending,
erpnext,"Ordered Qty: Quantity ordered for purchase, but not received.",,,,erpnext,,الكمية المطلوبة: كمية تم طلب شرائها ولم تستلم بعد.,الكمية المطلوبة: كمية تم طلب شرائها ولم تستلم بعد.,,boq,missing,,,,,,,,,,,,Pending,
erpnext,Reserved Quantity for Production,,,,erpnext,الكمية المحجوزة للإنتاج,,الكمية المحجوزة للإنتاج,,boq,pending,,,,,,,,,,,,Approved,
erpnext,Operation time does not depend on quantity to produce,,,,erpnext,,,,,boq,missing,,,,,,,,,,,,Pending,
erpnext,Available Quantity,,,,erpnext,الكمية المتوفرة,,الكمية المتوفرة,,boq,pending,,,,,,,,,,,,Approved,
erpnext,Quantity to Make,,,,erpnext,كمية لجعل,,كمية لجعل,,boq,pending,,,,,,,,,,,,Approved,
erpnext,Daily Project Summary for {0},,,,erpnext,ملخص المشروع اليومي لـ {0},,ملخص المشروع اليومي لـ {0},,boq,pending,,,,,,,,,,,,Approved,
erpnext,Percentage you are allowed to transfer more against the quantity ordered. For example: If you have ordered 100 units. and your Allowance is 10% then you are allowed to transfer 110 units.,,,,erpnext,,,,,boq,missing,,,,,,,,,,,,Pending,
erpnext,Project wise Stock Tracking ,,,,erpnext,مشروع تتبع حركة الأسهم الحكمة,,مشروع تتبع حركة الأسهم الحكمة,,boq,pending,,,,,,,,,,whitespace,,Approved,
erpnext,Project Update,,,,erpnext,تحديث المشروع,,تحديث المشروع,,boq,pending,,,,,,,,,,,,Approved,
erpnext,BOM and Manufacturing Quantity are required,,,,erpnext,مطلوب، قائمة مكونات المواد و كمية التصنيع,,مطلوب، قائمة مكونات المواد و كمية التصنيع,,boq,pending,,,,,,,,,,,,Approved,
erpnext,Quantity and Amount,,,,erpnext,الكمية والكمية,,الكمية والكمية,,boq,pending,,,,,,,,,,,,Approved,
